topo,n,p,inst,arm,seed,success,acl,wall
P16,100,0.3,101,minorminer,10,1,12.37,11.712
P16,100,0.3,101,minorminer,11,1,11.49,25.234
P16,100,0.3,101,minorminer-layout,10,1,11.63,21.992
P16,100,0.3,101,minorminer-layout,11,1,11.68,21.705
P16,100,0.3,101,p3-template,10,1,9.07,0.436
P16,100,0.3,101,p3-template,11,1,9.07,0.432
P16,100,0.3,101,p3-ate,10,1,9.07,12.125
P16,100,0.3,101,p3-ate,11,1,9.07,26.005
P16,100,0.3,101,p3-clmm,10,1,9.28,7.969
P16,100,0.3,101,p3-clmm,11,1,9.31,5.625
P16,100,0.3,101,p3-mmpolish,10,1,11.35,60.058
P16,100,0.3,101,p3-mmpolish,11,1,10.6,60.062
P16,100,0.3,102,minorminer,10,1,11.04,31.815
P16,100,0.3,102,minorminer,11,1,11.27,40.220
P16,100,0.3,102,minorminer-layout,10,1,10.91,48.208
P16,100,0.3,102,minorminer-layout,11,1,11.37,24.766
P16,100,0.3,102,p3-template,10,1,9.12,0.396
P16,100,0.3,102,p3-template,11,1,9.12,0.395
P16,100,0.3,102,p3-ate,10,1,9.12,32.228
P16,100,0.3,102,p3-ate,11,1,9.12,40.970
P16,100,0.3,102,p3-clmm,10,1,9.81,4.758
P16,100,0.3,102,p3-clmm,11,1,9.76,5.782
P16,100,0.3,102,p3-mmpolish,10,1,10.48,60.021
P16,100,0.3,102,p3-mmpolish,11,1,10.58,60.267
P16,100,0.3,103,minorminer,10,1,10.61,41.059
P16,100,0.3,103,minorminer,11,1,11.55,19.687
P16,100,0.3,103,minorminer-layout,10,1,12.03,17.107
P16,100,0.3,103,minorminer-layout,11,1,11.43,28.733
P16,100,0.3,103,p3-template,10,1,9.11,0.328
P16,100,0.3,103,p3-template,11,1,9.11,0.325
P16,100,0.3,103,p3-ate,10,1,9.11,41.189
P16,100,0.3,103,p3-ate,11,1,9.11,19.939
P16,100,0.3,103,p3-clmm,10,1,9.46,6.849
P16,100,0.3,103,p3-clmm,11,1,9.8,5.304
P16,100,0.3,103,p3-mmpolish,10,1,10.04,60.080
P16,100,0.3,103,p3-mmpolish,11,1,10.8,60.074
P16,140,0.2,101,minorminer,10,1,16.664285714285715,21.841
P16,140,0.2,101,minorminer,11,1,15.42142857142857,30.036
P16,140,0.2,101,minorminer-layout,10,1,16.521428571428572,22.234
P16,140,0.2,101,minorminer-layout,11,1,18.385714285714286,14.859
P16,140,0.2,101,p3-template,10,1,11.885714285714286,0.347
P16,140,0.2,101,p3-template,11,1,11.885714285714286,0.342
P16,140,0.2,101,p3-ate,10,1,11.885714285714286,21.897
P16,140,0.2,101,p3-ate,11,1,11.885714285714286,29.690
P16,140,0.2,101,p3-clmm,10,1,13.792857142857143,9.531
P16,140,0.2,101,p3-clmm,11,1,13.664285714285715,10.093
P16,140,0.2,101,p3-mmpolish,10,1,15.414285714285715,60.054
P16,140,0.2,101,p3-mmpolish,11,1,14.5,60.140
P16,140,0.2,102,minorminer,10,1,15.707142857142857,27.802
P16,140,0.2,102,minorminer,11,1,14.792857142857143,41.209
P16,140,0.2,102,minorminer-layout,10,1,16.12857142857143,36.882
P16,140,0.2,102,minorminer-layout,11,1,15.514285714285714,35.349
P16,140,0.2,102,p3-template,10,1,11.821428571428571,0.324
P16,140,0.2,102,p3-template,11,1,11.821428571428571,0.325
P16,140,0.2,102,p3-ate,10,1,11.821428571428571,28.123
P16,140,0.2,102,p3-ate,11,1,11.821428571428571,41.135
P16,140,0.2,102,p3-clmm,10,1,13.707142857142857,9.316
P16,140,0.2,102,p3-clmm,11,1,13.778571428571428,8.593
P16,140,0.2,102,p3-mmpolish,10,1,14.842857142857143,60.047
P16,140,0.2,102,p3-mmpolish,11,1,13.985714285714286,60.162
P16,140,0.2,103,minorminer,10,1,15.657142857142857,24.806
P16,140,0.2,103,minorminer,11,1,14.928571428571429,59.154
P16,140,0.2,103,minorminer-layout,10,1,15.807142857142857,50.721
P16,140,0.2,103,minorminer-layout,11,1,15.407142857142857,25.753
P16,140,0.2,103,p3-template,10,1,11.957142857142857,0.291
P16,140,0.2,103,p3-template,11,1,11.957142857142857,0.290
P16,140,0.2,103,p3-ate,10,1,11.957142857142857,25.109
P16,140,0.2,103,p3-ate,11,1,11.957142857142857,58.858
P16,140,0.2,103,p3-clmm,10,1,13.685714285714285,8.962
P16,140,0.2,103,p3-clmm,11,1,13.664285714285715,9.135
P16,140,0.2,103,p3-mmpolish,10,1,14.55,60.245
P16,140,0.2,103,p3-mmpolish,11,1,14.107142857142858,60.217
P16,140,1.0,101,minorminer,10,1,19.864285714285714,61.617
P16,140,1.0,101,minorminer,11,1,17.62142857142857,60.220
P16,140,1.0,101,minorminer-layout,10,0,,70.139
P16,140,1.0,101,minorminer-layout,11,0,,68.263
P16,140,1.0,101,p3-template,10,1,13.17142857142857,1.175
P16,140,1.0,101,p3-template,11,1,13.17142857142857,1.199
P16,140,1.0,101,p3-ate,10,1,13.17142857142857,60.670
P16,140,1.0,101,p3-ate,11,1,13.17142857142857,61.387
P16,140,1.0,101,p3-clmm,10,1,13.757142857142858,51.233
P16,140,1.0,101,p3-clmm,11,1,13.771428571428572,52.599
P16,140,1.0,101,p3-mmpolish,10,1,19.864285714285714,61.881
P16,140,1.0,101,p3-mmpolish,11,1,17.62142857142857,61.413
P16,160,0.05,101,minorminer,10,1,6.4125,4.423
P16,160,0.05,101,minorminer,11,1,6.36875,7.507
P16,160,0.05,101,minorminer-layout,10,1,6.48125,4.985
P16,160,0.05,101,minorminer-layout,11,1,7.1125,4.428
P16,160,0.05,101,p3-template,10,1,8.4875,0.251
P16,160,0.05,101,p3-template,11,1,8.4875,0.245
P16,160,0.05,101,p3-ate,10,1,6.4125,4.652
P16,160,0.05,101,p3-ate,11,1,6.36875,7.703
P16,160,0.05,101,p3-clmm,10,1,6.4125,4.385
P16,160,0.05,101,p3-clmm,11,1,6.36875,7.484
P16,160,0.05,101,p3-mmpolish,10,1,6.11875,60.030
P16,160,0.05,101,p3-mmpolish,11,1,6.14375,60.006
P16,160,0.05,102,minorminer,10,1,6.2625,4.507
P16,160,0.05,102,minorminer,11,1,6.14375,6.965
P16,160,0.05,102,minorminer-layout,10,1,6.075,6.146
P16,160,0.05,102,minorminer-layout,11,1,6.35,7.147
P16,160,0.05,102,p3-template,10,1,8.50625,0.241
P16,160,0.05,102,p3-template,11,1,8.50625,0.239
P16,160,0.05,102,p3-ate,10,1,6.2625,4.793
P16,160,0.05,102,p3-ate,11,1,6.14375,7.216
P16,160,0.05,102,p3-clmm,10,1,6.2625,4.502
P16,160,0.05,102,p3-clmm,11,1,6.14375,6.953
P16,160,0.05,102,p3-mmpolish,10,1,5.9625,60.015
P16,160,0.05,102,p3-mmpolish,11,1,5.86875,60.015
P16,160,0.05,103,minorminer,10,1,6.34375,5.703
P16,160,0.05,103,minorminer,11,1,6.7,3.333
P16,160,0.05,103,minorminer-layout,10,1,6.56875,4.982
P16,160,0.05,103,minorminer-layout,11,1,6.35,7.240
P16,160,0.05,103,p3-template,10,1,8.5125,0.276
P16,160,0.05,103,p3-template,11,1,8.5125,0.274
P16,160,0.05,103,p3-ate,10,1,6.34375,5.973
P16,160,0.05,103,p3-ate,11,1,6.7,3.630
P16,160,0.05,103,p3-clmm,10,1,6.34375,5.689
P16,160,0.05,103,p3-clmm,11,1,6.7,3.347
P16,160,0.05,103,p3-mmpolish,10,1,6.01875,60.012
P16,160,0.05,103,p3-mmpolish,11,1,6.43125,60.011
Z12,100,0.3,101,minorminer,10,1,8.91,18.674
Z12,100,0.3,101,minorminer,11,1,9.42,14.553
Z12,100,0.3,101,minorminer-layout,10,1,9.06,17.904
Z12,100,0.3,101,minorminer-layout,11,1,9.71,16.143
Z12,100,0.3,101,p3-template,10,1,7.4,0.406
Z12,100,0.3,101,p3-template,11,1,7.4,0.402
Z12,100,0.3,101,p3-ate,10,1,7.4,19.212
Z12,100,0.3,101,p3-ate,11,1,7.4,14.872
Z12,100,0.3,101,p3-clmm,10,1,7.9,7.069
Z12,100,0.3,101,p3-clmm,11,1,7.96,6.223
Z12,100,0.3,101,p3-mmpolish,10,1,8.49,60.059
Z12,100,0.3,101,p3-mmpolish,11,1,8.83,60.286
Z12,100,0.3,102,minorminer,10,1,9.25,14.522
Z12,100,0.3,102,minorminer,11,1,8.5,30.694
Z12,100,0.3,102,minorminer-layout,10,1,9.01,21.305
Z12,100,0.3,102,minorminer-layout,11,1,8.81,15.374
Z12,100,0.3,102,p3-template,10,1,7.41,0.402
Z12,100,0.3,102,p3-template,11,1,7.41,0.399
Z12,100,0.3,102,p3-ate,10,1,7.41,14.856
Z12,100,0.3,102,p3-ate,11,1,7.41,30.929
Z12,100,0.3,102,p3-clmm,10,1,7.92,6.864
Z12,100,0.3,102,p3-clmm,11,1,8.0,5.801
Z12,100,0.3,102,p3-mmpolish,10,1,8.63,60.315
Z12,100,0.3,102,p3-mmpolish,11,1,8.04,60.186
Z12,100,0.3,103,minorminer,10,1,9.54,17.131
Z12,100,0.3,103,minorminer,11,1,9.34,15.879
Z12,100,0.3,103,minorminer-layout,10,1,8.58,26.538
Z12,100,0.3,103,minorminer-layout,11,1,9.21,19.915
Z12,100,0.3,103,p3-template,10,1,7.38,0.347
Z12,100,0.3,103,p3-template,11,1,7.38,0.345
Z12,100,0.3,103,p3-ate,10,1,7.38,17.453
Z12,100,0.3,103,p3-ate,11,1,7.38,16.233
Z12,100,0.3,103,p3-clmm,10,1,7.91,6.382
Z12,100,0.3,103,p3-clmm,11,1,8.0,5.786
Z12,100,0.3,103,p3-mmpolish,10,1,8.85,60.266
Z12,100,0.3,103,p3-mmpolish,11,1,8.73,60.029
Z12,140,1.0,101,minorminer,10,1,17.964285714285715,61.225
Z12,140,1.0,101,minorminer,11,1,17.257142857142856,60.326
Z12,140,1.0,101,minorminer-layout,10,0,,70.000
Z12,140,1.0,101,minorminer-layout,11,0,,67.811
Z12,140,1.0,101,p3-template,10,1,10.471428571428572,1.257
Z12,140,1.0,101,p3-template,11,1,10.471428571428572,1.262
Z12,140,1.0,101,p3-ate,10,1,10.471428571428572,60.972
Z12,140,1.0,101,p3-ate,11,1,10.471428571428572,60.912
Z12,140,1.0,101,p3-clmm,10,1,10.971428571428572,62.412
Z12,140,1.0,101,p3-clmm,11,1,10.95,64.247
Z12,140,1.0,101,p3-mmpolish,10,1,17.964285714285715,60.949
Z12,140,1.0,101,p3-mmpolish,11,1,17.257142857142856,60.063
