topo,n,p,inst_seed,assignment,status,acl_pre,acl_spur,obj_sim,qubits,time,detail,err
P16,100,0.3,102,identity,SUCCESS,9.82,9.5,957,950,0.0268,,
P16,100,0.3,102,cuthill,SUCCESS,9.82,9.44,948,944,0.0322,,
P16,100,0.3,102,spectral,SUCCESS,9.82,9.43,950,943,0.2148,,
P16,100,0.3,102,shipped,SUCCESS,9.82,9.12,913,912,0.1058,"{""seed_order"":""cuthill"",""obj_seed"":948,""obj_final"":913,""complete_skip"":false}",
P16,100,0.3,102,rand-00,SUCCESS,9.82,9.45,953,945,0.0201,,
P16,100,0.3,102,rand-01,SUCCESS,9.82,9.51,962,951,0.0343,,
P16,100,0.3,102,rand-02,SUCCESS,9.82,9.49,958,949,0.022,,
P16,100,0.3,102,rand-03,SUCCESS,9.82,9.56,960,956,0.0237,,
P16,100,0.3,102,rand-04,SUCCESS,9.82,9.51,958,951,0.0216,,
P16,100,0.3,102,rand-05,SUCCESS,9.82,9.54,961,954,0.0341,,
P16,100,0.3,102,rand-06,SUCCESS,9.82,9.54,962,954,0.0322,,
P16,100,0.3,102,rand-07,SUCCESS,9.82,9.48,959,948,0.0226,,
P16,100,0.3,102,rand-08,SUCCESS,9.82,9.5,956,950,0.0235,,
P16,100,0.3,102,rand-09,SUCCESS,9.82,9.45,950,945,0.035,,
P16,100,0.3,102,rand-10,SUCCESS,9.82,9.47,953,947,0.0225,,
P16,100,0.3,102,rand-11,SUCCESS,9.82,9.45,954,945,0.028,,
P16,100,0.3,102,rand-12,SUCCESS,9.82,9.56,962,956,0.0257,,
P16,100,0.3,102,rand-13,SUCCESS,9.82,9.46,955,946,0.0362,,
P16,100,0.3,102,rand-14,SUCCESS,9.82,9.49,957,949,0.0331,,
P16,100,0.3,102,rand-15,SUCCESS,9.82,9.51,954,951,0.0256,,
P16,100,0.3,102,rand-16,SUCCESS,9.82,9.51,959,951,0.0241,,
P16,100,0.3,102,rand-17,SUCCESS,9.82,9.48,953,948,0.0233,,
P16,100,0.3,102,rand-18,SUCCESS,9.82,9.37,940,937,0.0201,,
P16,100,0.3,102,rand-19,SUCCESS,9.82,9.51,958,951,0.0291,,
P16,100,0.3,102,rand-20,SUCCESS,9.82,9.4,949,940,0.0232,,
P16,100,0.3,102,rand-21,SUCCESS,9.82,9.52,959,952,0.0223,,
P16,100,0.3,102,rand-22,SUCCESS,9.82,9.42,948,942,0.0309,,
P16,100,0.3,102,rand-23,SUCCESS,9.82,9.58,961,958,0.0248,,
P16,100,0.3,102,rand-24,SUCCESS,9.82,9.41,949,941,0.0344,,
P16,100,0.3,102,rand-25,SUCCESS,9.82,9.44,954,944,0.0249,,
P16,100,0.3,102,rand-26,SUCCESS,9.82,9.49,957,949,0.0346,,
P16,100,0.3,102,rand-27,SUCCESS,9.82,9.46,952,946,0.0282,,
P16,100,0.3,102,rand-28,SUCCESS,9.82,9.42,946,942,0.0377,,
P16,100,0.3,102,rand-29,SUCCESS,9.82,9.42,948,942,0.0288,,
P16,100,0.3,102,rand-30,SUCCESS,9.82,9.55,963,955,0.0273,,
P16,100,0.3,102,rand-31,SUCCESS,9.82,9.51,958,951,0.0282,,
P16,100,0.3,103,identity,SUCCESS,9.82,9.42,950,942,0.0288,,
P16,100,0.3,103,cuthill,SUCCESS,9.82,9.46,959,946,0.0265,,
P16,100,0.3,103,spectral,SUCCESS,9.82,9.46,954,946,0.2286,,
P16,100,0.3,103,shipped,SUCCESS,9.82,9.12,913,912,0.1102,"{""seed_order"":""identity"",""obj_seed"":950,""obj_final"":913,""complete_skip"":false}",
P16,100,0.3,103,rand-00,SUCCESS,9.82,9.45,950,945,0.0201,,
P16,100,0.3,103,rand-01,SUCCESS,9.82,9.53,961,953,0.0353,,
P16,100,0.3,103,rand-02,SUCCESS,9.82,9.53,963,953,0.0221,,
P16,100,0.3,103,rand-03,SUCCESS,9.82,9.48,953,948,0.0337,,
P16,100,0.3,103,rand-04,SUCCESS,9.82,9.61,967,961,0.0236,,
P16,100,0.3,103,rand-05,SUCCESS,9.82,9.48,953,948,0.0244,,
P16,100,0.3,103,rand-06,SUCCESS,9.82,9.51,955,951,0.0226,,
P16,100,0.3,103,rand-07,SUCCESS,9.82,9.54,959,954,0.0333,,
P16,100,0.3,103,rand-08,SUCCESS,9.82,9.51,957,951,0.0248,,
P16,100,0.3,103,rand-09,SUCCESS,9.82,9.52,961,952,0.0254,,
P16,100,0.3,103,rand-10,SUCCESS,9.82,9.47,950,947,0.0221,,
P16,100,0.3,103,rand-11,SUCCESS,9.82,9.54,960,954,0.0277,,
P16,100,0.3,103,rand-12,SUCCESS,9.82,9.53,959,953,0.0253,,
P16,100,0.3,103,rand-13,SUCCESS,9.82,9.59,962,959,0.0387,,
P16,100,0.3,103,rand-14,SUCCESS,9.82,9.54,962,954,0.0216,,
P16,100,0.3,103,rand-15,SUCCESS,9.82,9.41,948,941,0.0378,,
P16,100,0.3,103,rand-16,SUCCESS,9.82,9.5,956,950,0.0241,,
P16,100,0.3,103,rand-17,SUCCESS,9.82,9.46,954,946,0.0225,,
P16,100,0.3,103,rand-18,SUCCESS,9.82,9.47,954,947,0.03,,
P16,100,0.3,103,rand-19,SUCCESS,9.82,9.53,958,953,0.022,,
P16,100,0.3,103,rand-20,SUCCESS,9.82,9.53,958,953,0.0231,,
P16,100,0.3,103,rand-21,SUCCESS,9.82,9.51,959,951,0.0224,,
P16,100,0.3,103,rand-22,SUCCESS,9.82,9.54,962,954,0.0325,,
P16,100,0.3,103,rand-23,SUCCESS,9.82,9.51,959,951,0.0349,,
P16,100,0.3,103,rand-24,SUCCESS,9.82,9.5,962,950,0.0233,,
P16,100,0.3,103,rand-25,SUCCESS,9.82,9.55,957,955,0.0339,,
P16,100,0.3,103,rand-26,SUCCESS,9.82,9.42,951,942,0.0316,,
P16,100,0.3,103,rand-27,SUCCESS,9.82,9.57,965,957,0.0223,,
P16,100,0.3,103,rand-28,SUCCESS,9.82,9.51,960,951,0.0369,,
P16,100,0.3,103,rand-29,SUCCESS,9.82,9.54,959,954,0.0198,,
P16,100,0.3,103,rand-30,SUCCESS,9.82,9.46,952,946,0.028,,
P16,100,0.3,103,rand-31,SUCCESS,9.82,9.53,961,953,0.0266,,
P16,100,0.3,101,identity,SUCCESS,9.82,9.52,959,952,0.0261,,
P16,100,0.3,101,cuthill,SUCCESS,9.82,9.44,956,944,0.0264,,
P16,100,0.3,101,spectral,SUCCESS,9.82,9.35,946,935,0.2459,,
P16,100,0.3,101,shipped,SUCCESS,9.82,9.07,906,907,0.1322,"{""seed_order"":""spectral"",""obj_seed"":946,""obj_final"":906,""complete_skip"":false}",
P16,100,0.3,101,rand-00,SUCCESS,9.82,9.52,957,952,0.0206,,
P16,100,0.3,101,rand-01,SUCCESS,9.82,9.52,960,952,0.0241,,
P16,100,0.3,101,rand-02,SUCCESS,9.82,9.54,959,954,0.0223,,
P16,100,0.3,101,rand-03,SUCCESS,9.82,9.52,956,952,0.0237,,
P16,100,0.3,101,rand-04,SUCCESS,9.82,9.52,960,952,0.0233,,
P16,100,0.3,101,rand-05,SUCCESS,9.82,9.51,957,951,0.024,,
P16,100,0.3,101,rand-06,SUCCESS,9.82,9.54,962,954,0.0232,,
P16,100,0.3,101,rand-07,SUCCESS,9.82,9.46,953,946,0.0335,,
P16,100,0.3,101,rand-08,SUCCESS,9.82,9.44,950,944,0.0341,,
P16,100,0.3,101,rand-09,SUCCESS,9.82,9.52,956,952,0.0359,,
P16,100,0.3,101,rand-10,SUCCESS,9.82,9.48,952,948,0.0232,,
P16,100,0.3,101,rand-11,SUCCESS,9.82,9.55,960,955,0.0269,,
P16,100,0.3,101,rand-12,SUCCESS,9.82,9.5,957,950,0.0248,,
P16,100,0.3,101,rand-13,SUCCESS,9.82,9.48,957,948,0.0385,,
P16,100,0.3,101,rand-14,SUCCESS,9.82,9.4,947,940,0.023,,
P16,100,0.3,101,rand-15,SUCCESS,9.82,9.48,954,948,0.0249,,
P16,100,0.3,101,rand-16,SUCCESS,9.82,9.42,945,942,0.0239,,
P16,100,0.3,101,rand-17,SUCCESS,9.82,9.51,959,951,0.0226,,
P16,100,0.3,101,rand-18,SUCCESS,9.82,9.56,964,956,0.0289,,
P16,100,0.3,101,rand-19,SUCCESS,9.82,9.49,957,949,0.0305,,
P16,100,0.3,101,rand-20,SUCCESS,9.82,9.48,955,948,0.0232,,
P16,100,0.3,101,rand-21,SUCCESS,9.82,9.44,949,944,0.0311,,
P16,100,0.3,101,rand-22,SUCCESS,9.82,9.54,961,954,0.0315,,
P16,100,0.3,101,rand-23,SUCCESS,9.82,9.41,953,941,0.0247,,
P16,100,0.3,101,rand-24,SUCCESS,9.82,9.46,957,946,0.0239,,
P16,100,0.3,101,rand-25,SUCCESS,9.82,9.44,954,944,0.0248,,
P16,100,0.3,101,rand-26,SUCCESS,9.82,9.58,963,958,0.0306,,
P16,100,0.3,101,rand-27,SUCCESS,9.82,9.54,957,954,0.0219,,
P16,100,0.3,101,rand-28,SUCCESS,9.82,9.54,957,954,0.0257,,
P16,100,0.3,101,rand-29,SUCCESS,9.82,9.51,959,951,0.02,,
P16,100,0.3,101,rand-30,SUCCESS,9.82,9.48,954,948,0.0282,,
P16,100,0.3,101,rand-31,SUCCESS,9.82,9.51,957,951,0.0386,,
P16,100,0.3,104,identity,SUCCESS,9.82,9.52,959,952,0.0278,,
P16,100,0.3,104,cuthill,SUCCESS,9.82,9.4,956,940,0.0416,,
P16,100,0.3,104,spectral,SUCCESS,9.82,9.4,951,940,0.2344,,
P16,100,0.3,104,shipped,SUCCESS,9.82,9.05,906,905,0.1102,"{""seed_order"":""spectral"",""obj_seed"":951,""obj_final"":906,""complete_skip"":false}",
P16,100,0.3,104,rand-00,SUCCESS,9.82,9.52,956,952,0.0205,,
P16,100,0.3,104,rand-01,SUCCESS,9.82,9.51,957,951,0.0245,,
P16,100,0.3,104,rand-02,SUCCESS,9.82,9.48,955,948,0.0317,,
P16,100,0.3,104,rand-03,SUCCESS,9.82,9.48,958,948,0.0351,,
P16,100,0.3,104,rand-04,SUCCESS,9.82,9.51,953,951,0.032,,
P16,100,0.3,104,rand-05,SUCCESS,9.82,9.46,954,946,0.0238,,
P16,100,0.3,104,rand-06,SUCCESS,9.82,9.47,951,947,0.0343,,
P16,100,0.3,104,rand-07,SUCCESS,9.82,9.54,960,954,0.0321,,
P16,100,0.3,104,rand-08,SUCCESS,9.82,9.51,956,951,0.0233,,
P16,100,0.3,104,rand-09,SUCCESS,9.82,9.47,958,947,0.0259,,
P16,100,0.3,104,rand-10,SUCCESS,9.82,9.53,962,953,0.0241,,
P16,100,0.3,104,rand-11,SUCCESS,9.82,9.48,955,948,0.0275,,
P16,100,0.3,104,rand-12,SUCCESS,9.82,9.51,956,951,0.0253,,
P16,100,0.3,104,rand-13,SUCCESS,9.82,9.55,963,955,0.0263,,
P16,100,0.3,104,rand-14,SUCCESS,9.82,9.47,954,947,0.0218,,
P16,100,0.3,104,rand-15,SUCCESS,9.82,9.42,951,942,0.0373,,
P16,100,0.3,104,rand-16,SUCCESS,9.82,9.62,966,962,0.0236,,
P16,100,0.3,104,rand-17,SUCCESS,9.82,9.49,954,949,0.0232,,
P16,100,0.3,104,rand-18,SUCCESS,9.82,9.52,958,952,0.0196,,
P16,100,0.3,104,rand-19,SUCCESS,9.82,9.57,961,957,0.0224,,
P16,100,0.3,104,rand-20,SUCCESS,9.82,9.53,955,953,0.032,,
P16,100,0.3,104,rand-21,SUCCESS,9.82,9.53,962,953,0.0219,,
P16,100,0.3,104,rand-22,SUCCESS,9.82,9.61,967,961,0.0229,,
P16,100,0.3,104,rand-23,SUCCESS,9.82,9.47,955,947,0.026,,
P16,100,0.3,104,rand-24,SUCCESS,9.82,9.49,955,949,0.0242,,
P16,100,0.3,104,rand-25,SUCCESS,9.82,9.53,959,953,0.0251,,
P16,100,0.3,104,rand-26,SUCCESS,9.82,9.44,949,944,0.0315,,
P16,100,0.3,104,rand-27,SUCCESS,9.82,9.51,955,951,0.0327,,
P16,100,0.3,104,rand-28,SUCCESS,9.82,9.46,953,946,0.037,,
P16,100,0.3,104,rand-29,SUCCESS,9.82,9.53,956,953,0.0201,,
P16,100,0.3,104,rand-30,SUCCESS,9.82,9.51,958,951,0.0344,,
P16,100,0.3,104,rand-31,SUCCESS,9.82,9.4,946,940,0.037,,
P16,100,0.3,105,identity,SUCCESS,9.82,9.44,951,944,0.0287,,
P16,100,0.3,105,cuthill,SUCCESS,9.82,9.55,959,955,0.0296,,
P16,100,0.3,105,spectral,SUCCESS,9.82,9.37,949,937,0.0588,,
P16,100,0.3,105,shipped,SUCCESS,9.82,9.15,914,915,0.1174,"{""seed_order"":""spectral"",""obj_seed"":949,""obj_final"":914,""complete_skip"":false}",
P16,100,0.3,105,rand-00,SUCCESS,9.82,9.46,951,946,0.0217,,
P16,100,0.3,105,rand-01,SUCCESS,9.82,9.55,961,955,0.0236,,
P16,100,0.3,105,rand-02,SUCCESS,9.82,9.49,958,949,0.0232,,
P16,100,0.3,105,rand-03,SUCCESS,9.82,9.54,957,954,0.0252,,
P16,100,0.3,105,rand-04,SUCCESS,9.82,9.5,954,950,0.0233,,
P16,100,0.3,105,rand-05,SUCCESS,9.82,9.43,950,943,0.034,,
P16,100,0.3,105,rand-06,SUCCESS,9.82,9.55,962,955,0.0228,,
P16,100,0.3,105,rand-07,SUCCESS,9.82,9.51,957,951,0.0333,,
P16,100,0.3,105,rand-08,SUCCESS,9.82,9.5,961,950,0.0238,,
P16,100,0.3,105,rand-09,SUCCESS,9.82,9.49,952,949,0.0368,,
P16,100,0.3,105,rand-10,SUCCESS,9.82,9.58,960,958,0.0333,,
P16,100,0.3,105,rand-11,SUCCESS,9.82,9.58,965,958,0.0279,,
P16,100,0.3,105,rand-12,SUCCESS,9.82,9.55,963,955,0.0248,,
P16,100,0.3,105,rand-13,SUCCESS,9.82,9.5,953,950,0.0267,,
P16,100,0.3,105,rand-14,SUCCESS,9.82,9.46,949,946,0.0219,,
P16,100,0.3,105,rand-15,SUCCESS,9.82,9.46,953,946,0.0371,,
P16,100,0.3,105,rand-16,SUCCESS,9.82,9.51,953,951,0.026,,
P16,100,0.3,105,rand-17,SUCCESS,9.82,9.49,954,949,0.0237,,
P16,100,0.3,105,rand-18,SUCCESS,9.82,9.58,961,958,0.0197,,
P16,100,0.3,105,rand-19,SUCCESS,9.82,9.45,952,945,0.022,,
P16,100,0.3,105,rand-20,SUCCESS,9.82,9.46,957,946,0.0227,,
P16,100,0.3,105,rand-21,SUCCESS,9.82,9.52,955,952,0.0313,,
P16,100,0.3,105,rand-22,SUCCESS,9.82,9.45,952,945,0.0321,,
P16,100,0.3,105,rand-23,SUCCESS,9.82,9.57,959,957,0.0374,,
P16,100,0.3,105,rand-24,SUCCESS,9.82,9.54,959,954,0.024,,
P16,100,0.3,105,rand-25,SUCCESS,9.82,9.49,953,949,0.0246,,
P16,100,0.3,105,rand-26,SUCCESS,9.82,9.51,952,951,0.0252,,
P16,100,0.3,105,rand-27,SUCCESS,9.82,9.5,956,950,0.0219,,
P16,100,0.3,105,rand-28,SUCCESS,9.82,9.51,956,951,0.0254,,
P16,100,0.3,105,rand-29,SUCCESS,9.82,9.55,961,955,0.0296,,
P16,100,0.3,105,rand-30,SUCCESS,9.82,9.5,954,950,0.0365,,
P16,100,0.3,105,rand-31,SUCCESS,9.82,9.52,956,952,0.0259,,
P16,140,0.2,101,identity,SUCCESS,13.8286,12.5929,1790,1763,0.0938,,
P16,140,0.2,101,cuthill,SUCCESS,13.8286,12.0857,1731,1692,0.0722,,
P16,140,0.2,101,spectral,SUCCESS,13.8286,12.0643,1744,1689,0.1113,,
P16,140,0.2,101,shipped,SUCCESS,13.8286,11.8857,1671,1664,0.1735,"{""seed_order"":""cuthill"",""obj_seed"":1731,""obj_final"":1671,""complete_skip"":false}",
P16,140,0.2,101,rand-00,SUCCESS,13.8286,12.5643,1783,1759,0.0861,,
P16,140,0.2,101,rand-01,SUCCESS,13.8286,12.4786,1781,1747,0.0883,,
P16,140,0.2,101,rand-02,SUCCESS,13.8286,12.6357,1794,1769,0.0614,,
P16,140,0.2,101,rand-03,SUCCESS,13.8286,12.4214,1763,1739,0.0919,,
P16,140,0.2,101,rand-04,SUCCESS,13.8286,12.5,1789,1750,0.089,,
P16,140,0.2,101,rand-05,SUCCESS,13.8286,12.45,1776,1743,0.0875,,
P16,140,0.2,101,rand-06,SUCCESS,13.8286,12.5571,1790,1758,0.0835,,
P16,140,0.2,101,rand-07,SUCCESS,13.8286,12.5071,1789,1751,0.0869,,
P16,140,0.2,101,rand-08,SUCCESS,13.8286,12.4786,1797,1747,0.0852,,
P16,140,0.2,101,rand-09,SUCCESS,13.8286,12.5714,1791,1760,0.1009,,
P16,140,0.2,101,rand-10,SUCCESS,13.8286,12.5429,1786,1756,0.0937,,
P16,140,0.2,101,rand-11,SUCCESS,13.8286,12.5214,1783,1753,0.0721,,
P16,140,0.2,101,rand-12,SUCCESS,13.8286,12.4643,1778,1745,0.0886,,
P16,140,0.2,101,rand-13,SUCCESS,13.8286,12.4786,1773,1747,0.0854,,
P16,140,0.2,101,rand-14,SUCCESS,13.8286,12.4143,1775,1738,0.0881,,
P16,140,0.2,101,rand-15,SUCCESS,13.8286,12.4643,1776,1745,0.0979,,
P16,140,0.2,101,rand-16,SUCCESS,13.8286,12.5643,1779,1759,0.0943,,
P16,140,0.2,101,rand-17,SUCCESS,13.8286,12.5929,1793,1763,0.0814,,
P16,140,0.2,101,rand-18,SUCCESS,13.8286,12.4929,1783,1749,0.0771,,
P16,140,0.2,101,rand-19,SUCCESS,13.8286,12.5857,1795,1762,0.0799,,
P16,140,0.2,101,rand-20,SUCCESS,13.8286,12.55,1797,1757,0.0887,,
P16,140,0.2,101,rand-21,SUCCESS,13.8286,12.45,1781,1743,0.1016,,
P16,140,0.2,101,rand-22,SUCCESS,13.8286,12.5643,1787,1759,0.0835,,
P16,140,0.2,101,rand-23,SUCCESS,13.8286,12.4929,1775,1749,0.0866,,
P16,140,0.2,101,rand-24,SUCCESS,13.8286,12.5286,1795,1754,0.0765,,
P16,140,0.2,101,rand-25,SUCCESS,13.8286,12.55,1797,1757,0.0876,,
P16,140,0.2,101,rand-26,SUCCESS,13.8286,12.5286,1790,1754,0.0908,,
P16,140,0.2,101,rand-27,SUCCESS,13.8286,12.5214,1784,1753,0.0807,,
P16,140,0.2,101,rand-28,SUCCESS,13.8286,12.6714,1805,1774,0.0905,,
P16,140,0.2,101,rand-29,SUCCESS,13.8286,12.5286,1799,1754,0.0851,,
P16,140,0.2,101,rand-30,SUCCESS,13.8286,12.5143,1788,1752,0.0867,,
P16,140,0.2,101,rand-31,SUCCESS,13.8286,12.5429,1792,1756,0.0846,,
P16,140,0.2,102,identity,SUCCESS,13.8286,12.4429,1783,1742,0.0973,,
P16,140,0.2,102,cuthill,SUCCESS,13.8286,12.0,1704,1680,0.1012,,
P16,140,0.2,102,spectral,SUCCESS,13.8286,12.1929,1741,1707,0.136,,
P16,140,0.2,102,shipped,SUCCESS,13.8286,11.8214,1657,1655,0.1919,"{""seed_order"":""cuthill"",""obj_seed"":1704,""obj_final"":1657,""complete_skip"":false}",
P16,140,0.2,102,rand-00,SUCCESS,13.8286,12.4714,1771,1746,0.0835,,
P16,140,0.2,102,rand-01,SUCCESS,13.8286,12.5286,1777,1754,0.088,,
P16,140,0.2,102,rand-02,SUCCESS,13.8286,12.5929,1782,1763,0.0801,,
P16,140,0.2,102,rand-03,SUCCESS,13.8286,12.3857,1775,1734,0.0917,,
P16,140,0.2,102,rand-04,SUCCESS,13.8286,12.5143,1789,1752,0.0858,,
P16,140,0.2,102,rand-05,SUCCESS,13.8286,12.5643,1791,1759,0.0862,,
P16,140,0.2,102,rand-06,SUCCESS,13.8286,12.5143,1779,1752,0.0822,,
P16,140,0.2,102,rand-07,SUCCESS,13.8286,12.55,1781,1757,0.0882,,
P16,140,0.2,102,rand-08,SUCCESS,13.8286,12.5429,1769,1756,0.083,,
P16,140,0.2,102,rand-09,SUCCESS,13.8286,12.4286,1765,1740,0.0995,,
P16,140,0.2,102,rand-10,SUCCESS,13.8286,12.4857,1773,1748,0.0869,,
P16,140,0.2,102,rand-11,SUCCESS,13.8286,12.5571,1798,1758,0.0715,,
P16,140,0.2,102,rand-12,SUCCESS,13.8286,12.4857,1779,1748,0.0864,,
P16,140,0.2,102,rand-13,SUCCESS,13.8286,12.3786,1752,1733,0.0862,,
P16,140,0.2,102,rand-14,SUCCESS,13.8286,12.4786,1785,1747,0.0931,,
P16,140,0.2,102,rand-15,SUCCESS,13.8286,12.4857,1795,1748,0.0917,,
P16,140,0.2,102,rand-16,SUCCESS,13.8286,12.5929,1791,1763,0.0901,,
P16,140,0.2,102,rand-17,SUCCESS,13.8286,12.5786,1792,1761,0.0807,,
P16,140,0.2,102,rand-18,SUCCESS,13.8286,12.55,1780,1757,0.0796,,
P16,140,0.2,102,rand-19,SUCCESS,13.8286,12.4214,1767,1739,0.0777,,
P16,140,0.2,102,rand-20,SUCCESS,13.8286,12.5214,1787,1753,0.0677,,
P16,140,0.2,102,rand-21,SUCCESS,13.8286,12.5143,1783,1752,0.0964,,
P16,140,0.2,102,rand-22,SUCCESS,13.8286,12.6,1792,1764,0.0842,,
P16,140,0.2,102,rand-23,SUCCESS,13.8286,12.5071,1763,1751,0.0845,,
P16,140,0.2,102,rand-24,SUCCESS,13.8286,12.5714,1785,1760,0.0764,,
P16,140,0.2,102,rand-25,SUCCESS,13.8286,12.6429,1794,1770,0.0881,,
P16,140,0.2,102,rand-26,SUCCESS,13.8286,12.55,1800,1757,0.0896,,
P16,140,0.2,102,rand-27,SUCCESS,13.8286,12.45,1757,1743,0.1009,,
P16,140,0.2,102,rand-28,SUCCESS,13.8286,12.6143,1804,1766,0.088,,
P16,140,0.2,102,rand-29,SUCCESS,13.8286,12.4429,1779,1742,0.085,,
P16,140,0.2,102,rand-30,SUCCESS,13.8286,12.5357,1802,1755,0.0836,,
P16,140,0.2,102,rand-31,SUCCESS,13.8286,12.4357,1771,1741,0.0839,,
P16,140,0.2,103,identity,SUCCESS,13.8286,12.5429,1772,1756,0.0955,,
P16,140,0.2,103,cuthill,SUCCESS,13.8286,12.1571,1744,1702,0.0936,,
P16,140,0.2,103,spectral,SUCCESS,13.8286,12.3929,1780,1735,0.0812,,
P16,140,0.2,103,shipped,SUCCESS,13.8286,11.9643,1677,1675,0.165,"{""seed_order"":""cuthill"",""obj_seed"":1744,""obj_final"":1677,""complete_skip"":false}",
P16,140,0.2,103,rand-00,SUCCESS,13.8286,12.4429,1766,1742,0.0848,,
P16,140,0.2,103,rand-01,SUCCESS,13.8286,12.4071,1772,1737,0.0881,,
P16,140,0.2,103,rand-02,SUCCESS,13.8286,12.5929,1799,1763,0.082,,
P16,140,0.2,103,rand-03,SUCCESS,13.8286,12.5714,1790,1760,0.092,,
P16,140,0.2,103,rand-04,SUCCESS,13.8286,12.5786,1792,1761,0.0885,,
P16,140,0.2,103,rand-05,SUCCESS,13.8286,12.5429,1781,1756,0.0858,,
P16,140,0.2,103,rand-06,SUCCESS,13.8286,12.5286,1781,1754,0.0835,,
P16,140,0.2,103,rand-07,SUCCESS,13.8286,12.5357,1790,1755,0.089,,
P16,140,0.2,103,rand-08,SUCCESS,13.8286,12.4643,1768,1745,0.0841,,
P16,140,0.2,103,rand-09,SUCCESS,13.8286,12.4857,1785,1748,0.0999,,
P16,140,0.2,103,rand-10,SUCCESS,13.8286,12.5071,1787,1751,0.1139,,
P16,140,0.2,103,rand-11,SUCCESS,13.8286,12.6143,1806,1766,0.0954,,
P16,140,0.2,103,rand-12,SUCCESS,13.8286,12.4786,1776,1747,0.0841,,
P16,140,0.2,103,rand-13,SUCCESS,13.8286,12.5286,1792,1754,0.0823,,
P16,140,0.2,103,rand-14,SUCCESS,13.8286,12.5214,1780,1753,0.1158,,
P16,140,0.2,103,rand-15,SUCCESS,13.8286,12.4571,1773,1744,0.0945,,
P16,140,0.2,103,rand-16,SUCCESS,13.8286,12.5214,1773,1753,0.0894,,
P16,140,0.2,103,rand-17,SUCCESS,13.8286,12.35,1755,1729,0.0844,,
P16,140,0.2,103,rand-18,SUCCESS,13.8286,12.5429,1792,1756,0.0813,,
P16,140,0.2,103,rand-19,SUCCESS,13.8286,12.4857,1769,1748,0.0792,,
P16,140,0.2,103,rand-20,SUCCESS,13.8286,12.5071,1773,1751,0.0875,,
P16,140,0.2,103,rand-21,SUCCESS,13.8286,12.5857,1786,1762,0.098,,
P16,140,0.2,103,rand-22,SUCCESS,13.8286,12.5,1774,1750,0.0857,,
P16,140,0.2,103,rand-23,SUCCESS,13.8286,12.5714,1777,1760,0.0619,,
P16,140,0.2,103,rand-24,SUCCESS,13.8286,12.5571,1801,1758,0.0998,,
P16,140,0.2,103,rand-25,SUCCESS,13.8286,12.4571,1779,1744,0.0869,,
P16,140,0.2,103,rand-26,SUCCESS,13.8286,12.5071,1793,1751,0.0871,,
P16,140,0.2,103,rand-27,SUCCESS,13.8286,12.4643,1767,1745,0.0817,,
P16,140,0.2,103,rand-28,SUCCESS,13.8286,12.5214,1788,1753,0.0899,,
P16,140,0.2,103,rand-29,SUCCESS,13.8286,12.5071,1775,1751,0.0851,,
P16,140,0.2,103,rand-30,SUCCESS,13.8286,12.55,1787,1757,0.085,,
P16,140,0.2,103,rand-31,SUCCESS,13.8286,12.4929,1779,1749,0.0832,,
Z12,100,0.3,101,identity,SUCCESS,8.0,7.72,773,772,0.0248,,
Z12,100,0.3,101,cuthill,SUCCESS,8.0,7.5,754,750,0.0224,,
Z12,100,0.3,101,spectral,SUCCESS,8.0,7.54,757,754,0.0493,,
Z12,100,0.3,101,shipped,SUCCESS,8.0,7.4,739,740,0.1104,"{""seed_order"":""cuthill"",""obj_seed"":754,""obj_final"":739,""complete_skip"":false}",
Z12,100,0.3,101,rand-00,SUCCESS,8.0,7.75,774,775,0.0251,,
Z12,100,0.3,101,rand-01,SUCCESS,8.0,7.72,781,772,0.0262,,
Z12,100,0.3,101,rand-02,SUCCESS,8.0,7.81,782,781,0.0167,,
Z12,100,0.3,101,rand-03,SUCCESS,8.0,7.74,777,774,0.0268,,
Z12,100,0.3,101,rand-04,SUCCESS,8.0,7.78,781,778,0.0289,,
Z12,100,0.3,101,rand-05,SUCCESS,8.0,7.72,778,772,0.0182,,
Z12,100,0.3,101,rand-06,SUCCESS,8.0,7.66,772,766,0.0269,,
Z12,100,0.3,101,rand-07,SUCCESS,8.0,7.7,775,770,0.0251,,
Z12,100,0.3,101,rand-08,SUCCESS,8.0,7.7,776,770,0.0266,,
Z12,100,0.3,101,rand-09,SUCCESS,8.0,7.73,777,773,0.0316,,
Z12,100,0.3,101,rand-10,SUCCESS,8.0,7.71,776,771,0.0308,,
Z12,100,0.3,101,rand-11,SUCCESS,8.0,7.8,782,780,0.0225,,
Z12,100,0.3,101,rand-12,SUCCESS,8.0,7.69,771,769,0.0255,,
Z12,100,0.3,101,rand-13,SUCCESS,8.0,7.65,773,765,0.0317,,
Z12,100,0.3,101,rand-14,SUCCESS,8.0,7.71,773,771,0.018,,
Z12,100,0.3,101,rand-15,SUCCESS,8.0,7.67,774,767,0.0294,,
Z12,100,0.3,101,rand-16,SUCCESS,8.0,7.67,772,767,0.0266,,
Z12,100,0.3,101,rand-17,SUCCESS,8.0,7.72,777,772,0.0258,,
Z12,100,0.3,101,rand-18,SUCCESS,8.0,7.74,780,774,0.0174,,
Z12,100,0.3,101,rand-19,SUCCESS,8.0,7.72,775,772,0.0255,,
Z12,100,0.3,101,rand-20,SUCCESS,8.0,7.71,776,771,0.0328,,
Z12,100,0.3,101,rand-21,SUCCESS,8.0,7.66,770,766,0.0258,,
Z12,100,0.3,101,rand-22,SUCCESS,8.0,7.76,780,776,0.0233,,
Z12,100,0.3,101,rand-23,SUCCESS,8.0,7.7,778,770,0.0325,,
Z12,100,0.3,101,rand-24,SUCCESS,8.0,7.77,780,777,0.0204,,
Z12,100,0.3,101,rand-25,SUCCESS,8.0,7.69,778,769,0.0282,,
Z12,100,0.3,101,rand-26,SUCCESS,8.0,7.72,777,772,0.0291,,
Z12,100,0.3,101,rand-27,SUCCESS,8.0,7.73,778,773,0.0267,,
Z12,100,0.3,101,rand-28,SUCCESS,8.0,7.73,779,773,0.08,,
Z12,100,0.3,101,rand-29,SUCCESS,8.0,7.75,778,775,0.039,,
Z12,100,0.3,101,rand-30,SUCCESS,8.0,7.64,770,764,0.0323,,
Z12,100,0.3,101,rand-31,SUCCESS,8.0,7.72,774,772,0.0391,,
P16,140,0.2,104,identity,SUCCESS,13.8286,12.5286,1776,1754,0.0972,,
P16,140,0.2,104,cuthill,SUCCESS,13.8286,12.2214,1741,1711,0.0939,,
P16,140,0.2,104,spectral,SUCCESS,13.8286,12.2,1746,1708,0.1133,,
P16,140,0.2,104,shipped,SUCCESS,13.8286,11.9643,1681,1675,0.1772,"{""seed_order"":""cuthill"",""obj_seed"":1741,""obj_final"":1681,""complete_skip"":false}",
P16,140,0.2,104,rand-00,SUCCESS,13.8286,12.5143,1782,1752,0.0864,,
P16,140,0.2,104,rand-01,SUCCESS,13.8286,12.6571,1795,1772,0.0969,,
P16,140,0.2,104,rand-02,SUCCESS,13.8286,12.5786,1781,1761,0.0848,,
P16,140,0.2,104,rand-03,SUCCESS,13.8286,12.4929,1780,1749,0.0915,,
P16,140,0.2,104,rand-04,SUCCESS,13.8286,12.45,1783,1743,0.0904,,
P16,140,0.2,104,rand-05,SUCCESS,13.8286,12.4786,1774,1747,0.0895,,
P16,140,0.2,104,rand-06,SUCCESS,13.8286,12.5714,1797,1760,0.0817,,
P16,140,0.2,104,rand-07,SUCCESS,13.8286,12.4429,1771,1742,0.09,,
P16,140,0.2,104,rand-08,SUCCESS,13.8286,12.5714,1794,1760,0.0873,,
P16,140,0.2,104,rand-09,SUCCESS,13.8286,12.6,1797,1764,0.0999,,
P16,140,0.2,104,rand-10,SUCCESS,13.8286,12.5286,1784,1754,0.0924,,
P16,140,0.2,104,rand-11,SUCCESS,13.8286,12.5071,1776,1751,0.0971,,
P16,140,0.2,104,rand-12,SUCCESS,13.8286,12.5857,1790,1762,0.0854,,
P16,140,0.2,104,rand-13,SUCCESS,13.8286,12.5143,1775,1752,0.0856,,
P16,140,0.2,104,rand-14,SUCCESS,13.8286,12.4786,1777,1747,0.0893,,
P16,140,0.2,104,rand-15,SUCCESS,13.8286,12.5714,1802,1760,0.0912,,
P16,140,0.2,104,rand-16,SUCCESS,13.8286,12.4571,1778,1744,0.092,,
P16,140,0.2,104,rand-17,SUCCESS,13.8286,12.5786,1792,1761,0.0808,,
P16,140,0.2,104,rand-18,SUCCESS,13.8286,12.5071,1785,1751,0.08,,
P16,140,0.2,104,rand-19,SUCCESS,13.8286,12.6,1793,1764,0.0802,,
P16,140,0.2,104,rand-20,SUCCESS,13.8286,12.4,1776,1736,0.0892,,
P16,140,0.2,104,rand-21,SUCCESS,13.8286,12.6071,1785,1765,0.0992,,
P16,140,0.2,104,rand-22,SUCCESS,13.8286,12.5214,1760,1753,0.0844,,
P16,140,0.2,104,rand-23,SUCCESS,13.8286,12.5643,1790,1759,0.0849,,
P16,140,0.2,104,rand-24,SUCCESS,13.8286,12.5643,1788,1759,0.0805,,
P16,140,0.2,104,rand-25,SUCCESS,13.8286,12.5929,1800,1763,0.0905,,
P16,140,0.2,104,rand-26,SUCCESS,13.8286,12.5857,1809,1762,0.0928,,
P16,140,0.2,104,rand-27,SUCCESS,13.8286,12.45,1773,1743,0.089,,
P16,140,0.2,104,rand-28,SUCCESS,13.8286,12.55,1792,1757,0.0958,,
P16,140,0.2,104,rand-29,SUCCESS,13.8286,12.4786,1783,1747,0.0894,,
P16,140,0.2,104,rand-30,SUCCESS,13.8286,12.5,1763,1750,0.1491,,
P16,140,0.2,104,rand-31,SUCCESS,13.8286,12.5643,1796,1759,0.0851,,
Z12,100,0.3,102,identity,SUCCESS,8.0,7.74,780,774,0.0362,,
Z12,100,0.3,102,cuthill,SUCCESS,8.0,7.5,756,750,0.0224,,
Z12,100,0.3,102,spectral,SUCCESS,8.0,7.67,773,767,0.0603,,
Z12,100,0.3,102,shipped,SUCCESS,8.0,7.41,743,741,0.1102,"{""seed_order"":""cuthill"",""obj_seed"":756,""obj_final"":743,""complete_skip"":false}",
Z12,100,0.3,102,rand-00,SUCCESS,8.0,7.7,774,770,0.0242,,
Z12,100,0.3,102,rand-01,SUCCESS,8.0,7.75,779,775,0.0262,,
Z12,100,0.3,102,rand-02,SUCCESS,8.0,7.78,780,778,0.0172,,
Z12,100,0.3,102,rand-03,SUCCESS,8.0,7.81,783,781,0.0284,,
Z12,100,0.3,102,rand-04,SUCCESS,8.0,7.69,774,769,0.0283,,
Z12,100,0.3,102,rand-05,SUCCESS,8.0,7.78,779,778,0.0265,,
Z12,100,0.3,102,rand-06,SUCCESS,8.0,7.8,783,780,0.0194,,
Z12,100,0.3,102,rand-07,SUCCESS,8.0,7.79,784,779,0.0262,,
Z12,100,0.3,102,rand-08,SUCCESS,8.0,7.78,781,778,0.0269,,
Z12,100,0.3,102,rand-09,SUCCESS,8.0,7.73,778,773,0.0334,,
Z12,100,0.3,102,rand-10,SUCCESS,8.0,7.81,782,781,0.0187,,
Z12,100,0.3,102,rand-11,SUCCESS,8.0,7.64,766,764,0.0326,,
Z12,100,0.3,102,rand-12,SUCCESS,8.0,7.73,776,773,0.0181,,
Z12,100,0.3,102,rand-13,SUCCESS,8.0,7.67,773,767,0.0214,,
Z12,100,0.3,102,rand-14,SUCCESS,8.0,7.73,781,773,0.0294,,
Z12,100,0.3,102,rand-15,SUCCESS,8.0,7.72,774,772,0.0298,,
Z12,100,0.3,102,rand-16,SUCCESS,8.0,7.74,778,774,0.0256,,
Z12,100,0.3,102,rand-17,SUCCESS,8.0,7.73,776,773,0.0265,,
Z12,100,0.3,102,rand-18,SUCCESS,8.0,7.69,775,769,0.0259,,
Z12,100,0.3,102,rand-19,SUCCESS,8.0,7.69,769,769,0.0269,,
Z12,100,0.3,102,rand-20,SUCCESS,8.0,7.61,773,761,0.0283,,
Z12,100,0.3,102,rand-21,SUCCESS,8.0,7.67,772,767,0.0276,,
Z12,100,0.3,102,rand-22,SUCCESS,8.0,7.66,775,766,0.0249,,
Z12,100,0.3,102,rand-23,SUCCESS,8.0,7.72,778,772,0.0316,,
Z12,100,0.3,102,rand-24,SUCCESS,8.0,7.7,774,770,0.0285,,
Z12,100,0.3,102,rand-25,SUCCESS,8.0,7.74,775,774,0.0281,,
Z12,100,0.3,102,rand-26,SUCCESS,8.0,7.71,776,771,0.0287,,
Z12,100,0.3,102,rand-27,SUCCESS,8.0,7.77,780,777,0.0253,,
Z12,100,0.3,102,rand-28,SUCCESS,8.0,7.69,774,769,0.0287,,
Z12,100,0.3,102,rand-29,SUCCESS,8.0,7.68,772,768,0.0235,,
Z12,100,0.3,102,rand-30,SUCCESS,8.0,7.75,778,775,0.0298,,
Z12,100,0.3,102,rand-31,SUCCESS,8.0,7.8,783,780,0.0221,,
Z12,100,0.3,103,identity,SUCCESS,8.0,7.66,774,766,0.0363,,
Z12,100,0.3,103,cuthill,SUCCESS,8.0,7.62,766,762,0.0204,,
Z12,100,0.3,103,spectral,SUCCESS,8.0,7.62,769,762,0.056,,
Z12,100,0.3,103,shipped,SUCCESS,8.0,7.38,737,738,0.1064,"{""seed_order"":""cuthill"",""obj_seed"":766,""obj_final"":737,""complete_skip"":false}",
Z12,100,0.3,103,rand-00,SUCCESS,8.0,7.68,774,768,0.0248,,
Z12,100,0.3,103,rand-01,SUCCESS,8.0,7.83,788,783,0.0197,,
Z12,100,0.3,103,rand-02,SUCCESS,8.0,7.75,781,775,0.0253,,
Z12,100,0.3,103,rand-03,SUCCESS,8.0,7.77,779,777,0.027,,
Z12,100,0.3,103,rand-04,SUCCESS,8.0,7.78,781,778,0.0207,,
Z12,100,0.3,103,rand-05,SUCCESS,8.0,7.7,776,770,0.019,,
Z12,100,0.3,103,rand-06,SUCCESS,8.0,7.7,768,770,0.0265,,
Z12,100,0.3,103,rand-07,SUCCESS,8.0,7.76,780,776,0.0268,,
Z12,100,0.3,103,rand-08,SUCCESS,8.0,7.77,777,777,0.02,,
Z12,100,0.3,103,rand-09,SUCCESS,8.0,7.71,779,771,0.0329,,
Z12,100,0.3,103,rand-10,SUCCESS,8.0,7.78,781,778,0.0278,,
Z12,100,0.3,103,rand-11,SUCCESS,8.0,7.73,778,773,0.0327,,
Z12,100,0.3,103,rand-12,SUCCESS,8.0,7.75,780,775,0.0275,,
Z12,100,0.3,103,rand-13,SUCCESS,8.0,7.79,780,779,0.031,,
Z12,100,0.3,103,rand-14,SUCCESS,8.0,7.75,780,775,0.0277,,
Z12,100,0.3,103,rand-15,SUCCESS,8.0,7.7,774,770,0.0294,,
Z12,100,0.3,103,rand-16,SUCCESS,8.0,7.68,772,768,0.0268,,
Z12,100,0.3,103,rand-17,SUCCESS,8.0,7.68,775,768,0.0278,,
Z12,100,0.3,103,rand-18,SUCCESS,8.0,7.73,775,773,0.0255,,
Z12,100,0.3,103,rand-19,SUCCESS,8.0,7.73,777,773,0.0266,,
Z12,100,0.3,103,rand-20,SUCCESS,8.0,7.73,774,773,0.0193,,
Z12,100,0.3,103,rand-21,SUCCESS,8.0,7.76,778,776,0.0194,,
Z12,100,0.3,103,rand-22,SUCCESS,8.0,7.69,776,769,0.0248,,
Z12,100,0.3,103,rand-23,SUCCESS,8.0,7.75,782,775,0.0311,,
Z12,100,0.3,103,rand-24,SUCCESS,8.0,7.75,782,775,0.0257,,
Z12,100,0.3,103,rand-25,SUCCESS,8.0,7.73,777,773,0.0271,,
Z12,100,0.3,103,rand-26,SUCCESS,8.0,7.67,771,767,0.0289,,
Z12,100,0.3,103,rand-27,SUCCESS,8.0,7.79,779,779,0.0179,,
Z12,100,0.3,103,rand-28,SUCCESS,8.0,7.79,782,779,0.0288,,
Z12,100,0.3,103,rand-29,SUCCESS,8.0,7.66,769,766,0.0234,,
Z12,100,0.3,103,rand-30,SUCCESS,8.0,7.73,778,773,0.0302,,
Z12,100,0.3,103,rand-31,SUCCESS,8.0,7.72,777,772,0.037,,
P16,140,0.2,105,identity,SUCCESS,13.8286,12.45,1775,1743,0.0964,,
P16,140,0.2,105,cuthill,SUCCESS,13.8286,11.9786,1711,1677,0.0894,,
P16,140,0.2,105,spectral,SUCCESS,13.8286,12.3786,1762,1733,0.1175,,
P16,140,0.2,105,shipped,SUCCESS,13.8286,11.85,1665,1659,0.1646,"{""seed_order"":""cuthill"",""obj_seed"":1711,""obj_final"":1665,""complete_skip"":false}",
P16,140,0.2,105,rand-00,SUCCESS,13.8286,12.4929,1773,1749,0.0843,,
P16,140,0.2,105,rand-01,SUCCESS,13.8286,12.5286,1773,1754,0.0918,,
P16,140,0.2,105,rand-02,SUCCESS,13.8286,12.4214,1769,1739,0.0798,,
P16,140,0.2,105,rand-03,SUCCESS,13.8286,12.3857,1760,1734,0.0924,,
P16,140,0.2,105,rand-04,SUCCESS,13.8286,12.4714,1781,1746,0.0915,,
P16,140,0.2,105,rand-05,SUCCESS,13.8286,12.5357,1792,1755,0.0911,,
P16,140,0.2,105,rand-06,SUCCESS,13.8286,12.5286,1775,1754,0.0837,,
P16,140,0.2,105,rand-07,SUCCESS,13.8286,12.5929,1790,1763,0.1767,,
P16,140,0.2,105,rand-08,SUCCESS,13.8286,12.5929,1792,1763,0.0838,,
P16,140,0.2,105,rand-09,SUCCESS,13.8286,12.4857,1771,1748,0.0968,,
P16,140,0.2,105,rand-10,SUCCESS,13.8286,12.3214,1763,1725,0.0949,,
P16,140,0.2,105,rand-11,SUCCESS,13.8286,12.4357,1775,1741,0.0945,,
P16,140,0.2,105,rand-12,SUCCESS,13.8286,12.5357,1787,1755,0.0851,,
P16,140,0.2,105,rand-13,SUCCESS,13.8286,12.5214,1780,1753,0.085,,
P16,140,0.2,105,rand-14,SUCCESS,13.8286,12.4143,1771,1738,0.0851,,
P16,140,0.2,105,rand-15,SUCCESS,13.8286,12.4429,1778,1742,0.0907,,
P16,140,0.2,105,rand-16,SUCCESS,13.8286,12.5357,1780,1755,0.1692,,
P16,140,0.2,105,rand-17,SUCCESS,13.8286,12.5143,1790,1752,0.0624,,
P16,140,0.2,105,rand-18,SUCCESS,13.8286,12.5857,1779,1762,0.0779,,
P16,140,0.2,105,rand-19,SUCCESS,13.8286,12.4929,1776,1749,0.0802,,
P16,140,0.2,105,rand-20,SUCCESS,13.8286,12.4786,1765,1747,0.0894,,
P16,140,0.2,105,rand-21,SUCCESS,13.8286,12.5,1772,1750,0.1007,,
P16,140,0.2,105,rand-22,SUCCESS,13.8286,12.3571,1773,1730,0.0826,,
P16,140,0.2,105,rand-23,SUCCESS,13.8286,12.4571,1775,1744,0.0874,,
P16,140,0.2,105,rand-24,SUCCESS,13.8286,12.4,1758,1736,0.0789,,
P16,140,0.2,105,rand-25,SUCCESS,13.8286,12.4714,1786,1746,0.107,,
P16,140,0.2,105,rand-26,SUCCESS,13.8286,12.4214,1763,1739,0.09,,
P16,140,0.2,105,rand-27,SUCCESS,13.8286,12.4929,1786,1749,0.0799,,
P16,140,0.2,105,rand-28,SUCCESS,13.8286,12.55,1789,1757,0.0907,,
P16,140,0.2,105,rand-29,SUCCESS,13.8286,12.4286,1770,1740,0.0848,,
P16,140,0.2,105,rand-30,SUCCESS,13.8286,12.5214,1778,1753,0.0858,,
P16,140,0.2,105,rand-31,SUCCESS,13.8286,12.6,1801,1764,0.0838,,
Z12,100,0.3,104,identity,SUCCESS,8.0,7.76,778,776,0.0246,,
Z12,100,0.3,104,cuthill,SUCCESS,8.0,7.5,757,750,0.0249,,
Z12,100,0.3,104,spectral,SUCCESS,8.0,7.53,766,753,0.0491,,
Z12,100,0.3,104,shipped,SUCCESS,8.0,7.44,739,744,0.108,"{""seed_order"":""cuthill"",""obj_seed"":757,""obj_final"":739,""complete_skip"":false}",
Z12,100,0.3,104,rand-00,SUCCESS,8.0,7.74,776,774,0.0245,,
Z12,100,0.3,104,rand-01,SUCCESS,8.0,7.7,775,770,0.02,,
Z12,100,0.3,104,rand-02,SUCCESS,8.0,7.74,779,774,0.0247,,
Z12,100,0.3,104,rand-03,SUCCESS,8.0,7.72,779,772,0.0186,,
Z12,100,0.3,104,rand-04,SUCCESS,8.0,7.77,782,777,0.0287,,
Z12,100,0.3,104,rand-05,SUCCESS,8.0,7.76,778,776,0.0272,,
Z12,100,0.3,104,rand-06,SUCCESS,8.0,7.72,776,772,0.0272,,
Z12,100,0.3,104,rand-07,SUCCESS,8.0,7.8,781,780,0.0262,,
Z12,100,0.3,104,rand-08,SUCCESS,8.0,7.69,771,769,0.0265,,
Z12,100,0.3,104,rand-09,SUCCESS,8.0,7.71,777,771,0.0327,,
Z12,100,0.3,104,rand-10,SUCCESS,8.0,7.68,772,768,0.0293,,
Z12,100,0.3,104,rand-11,SUCCESS,8.0,7.73,777,773,0.0325,,
Z12,100,0.3,104,rand-12,SUCCESS,8.0,7.66,773,766,0.0259,,
Z12,100,0.3,104,rand-13,SUCCESS,8.0,7.75,782,775,0.0316,,
Z12,100,0.3,104,rand-14,SUCCESS,8.0,7.7,774,770,0.028,,
Z12,100,0.3,104,rand-15,SUCCESS,8.0,7.66,770,766,0.028,,
Z12,100,0.3,104,rand-16,SUCCESS,8.0,7.76,777,776,0.0263,,
Z12,100,0.3,104,rand-17,SUCCESS,8.0,7.81,780,781,0.0173,,
Z12,100,0.3,104,rand-18,SUCCESS,8.0,7.77,780,777,0.0242,,
Z12,100,0.3,104,rand-19,SUCCESS,8.0,7.67,772,767,0.0256,,
Z12,100,0.3,104,rand-20,SUCCESS,8.0,7.76,777,776,0.0276,,
Z12,100,0.3,104,rand-21,SUCCESS,8.0,7.76,780,776,0.0267,,
Z12,100,0.3,104,rand-22,SUCCESS,8.0,7.7,778,770,0.0231,,
Z12,100,0.3,104,rand-23,SUCCESS,8.0,7.74,777,774,0.021,,
Z12,100,0.3,104,rand-24,SUCCESS,8.0,7.74,778,774,0.0285,,
Z12,100,0.3,104,rand-25,SUCCESS,8.0,7.75,780,775,0.0194,,
Z12,100,0.3,104,rand-26,SUCCESS,8.0,7.77,781,777,0.0299,,
Z12,100,0.3,104,rand-27,SUCCESS,8.0,7.71,778,771,0.0263,,
Z12,100,0.3,104,rand-28,SUCCESS,8.0,7.66,770,766,0.0287,,
Z12,100,0.3,104,rand-29,SUCCESS,8.0,7.79,781,779,0.0161,,
Z12,100,0.3,104,rand-30,SUCCESS,8.0,7.7,777,770,0.0295,,
Z12,100,0.3,104,rand-31,SUCCESS,8.0,7.64,768,764,0.0316,,
Z12,100,0.3,105,identity,SUCCESS,8.0,7.7,773,770,0.037,,
Z12,100,0.3,105,cuthill,SUCCESS,8.0,7.6,763,760,0.0236,,
Z12,100,0.3,105,spectral,SUCCESS,8.0,7.63,769,763,0.05,,
Z12,100,0.3,105,shipped,SUCCESS,8.0,7.39,740,739,0.1099,"{""seed_order"":""cuthill"",""obj_seed"":763,""obj_final"":740,""complete_skip"":false}",
Z12,100,0.3,105,rand-00,SUCCESS,8.0,7.74,776,774,0.0183,,
Z12,100,0.3,105,rand-01,SUCCESS,8.0,7.75,778,775,0.0274,,
Z12,100,0.3,105,rand-02,SUCCESS,8.0,7.68,776,768,0.0248,,
Z12,100,0.3,105,rand-03,SUCCESS,8.0,7.8,781,780,0.0198,,
Z12,100,0.3,105,rand-04,SUCCESS,8.0,7.74,776,774,0.0299,,
Z12,100,0.3,105,rand-05,SUCCESS,8.0,7.79,781,779,0.0272,,
Z12,100,0.3,105,rand-06,SUCCESS,8.0,7.78,782,778,0.0287,,
Z12,100,0.3,105,rand-07,SUCCESS,8.0,7.65,771,765,0.0271,,
Z12,100,0.3,105,rand-08,SUCCESS,8.0,7.75,779,775,0.0273,,
Z12,100,0.3,105,rand-09,SUCCESS,8.0,7.7,770,770,0.0323,,
Z12,100,0.3,105,rand-10,SUCCESS,8.0,7.73,770,773,0.0202,,
Z12,100,0.3,105,rand-11,SUCCESS,8.0,7.79,782,779,0.0344,,
Z12,100,0.3,105,rand-12,SUCCESS,8.0,7.75,776,775,0.0179,,
Z12,100,0.3,105,rand-13,SUCCESS,8.0,7.65,769,765,0.0305,,
Z12,100,0.3,105,rand-14,SUCCESS,8.0,7.71,777,771,0.0269,,
Z12,100,0.3,105,rand-15,SUCCESS,8.0,7.72,779,772,0.0303,,
Z12,100,0.3,105,rand-16,SUCCESS,8.0,7.73,774,773,0.0195,,
Z12,100,0.3,105,rand-17,SUCCESS,8.0,7.74,776,774,0.0275,,
Z12,100,0.3,105,rand-18,SUCCESS,8.0,7.76,776,776,0.0235,,
Z12,100,0.3,105,rand-19,SUCCESS,8.0,7.65,771,765,0.0267,,
Z12,100,0.3,105,rand-20,SUCCESS,8.0,7.72,776,772,0.0275,,
Z12,100,0.3,105,rand-21,SUCCESS,8.0,7.75,778,775,0.0266,,
Z12,100,0.3,105,rand-22,SUCCESS,8.0,7.76,780,776,0.0238,,
Z12,100,0.3,105,rand-23,SUCCESS,8.0,7.77,781,777,0.0223,,
Z12,100,0.3,105,rand-24,SUCCESS,8.0,7.8,779,780,0.0265,,
Z12,100,0.3,105,rand-25,SUCCESS,8.0,7.76,777,776,0.0281,,
Z12,100,0.3,105,rand-26,SUCCESS,8.0,7.79,781,779,0.0279,,
Z12,100,0.3,105,rand-27,SUCCESS,8.0,7.72,775,772,0.026,,
Z12,100,0.3,105,rand-28,SUCCESS,8.0,7.74,776,774,0.0208,,
Z12,100,0.3,105,rand-29,SUCCESS,8.0,7.77,780,777,0.0233,,
Z12,100,0.3,105,rand-30,SUCCESS,8.0,7.71,775,771,0.0302,,
Z12,100,0.3,105,rand-31,SUCCESS,8.0,7.81,783,781,0.0324,,
Z12,140,0.2,101,identity,SUCCESS,11.0,10.1,1433,1414,0.1144,,
Z12,140,0.2,101,cuthill,SUCCESS,11.0,9.6786,1384,1355,0.0701,,
Z12,140,0.2,101,spectral,SUCCESS,11.0,9.75,1405,1365,0.0892,,
Z12,140,0.2,101,shipped,SUCCESS,11.0,9.6143,1347,1346,0.1639,"{""seed_order"":""cuthill"",""obj_seed"":1384,""obj_final"":1347,""complete_skip"":false}",
Z12,140,0.2,101,rand-00,SUCCESS,11.0,10.0714,1434,1410,0.0631,,
Z12,140,0.2,101,rand-01,SUCCESS,11.0,10.0,1427,1400,0.0822,,
Z12,140,0.2,101,rand-02,SUCCESS,11.0,10.1643,1439,1423,0.0618,,
Z12,140,0.2,101,rand-03,SUCCESS,11.0,9.9786,1413,1397,0.0682,,
Z12,140,0.2,101,rand-04,SUCCESS,11.0,10.0357,1435,1405,0.0823,,
Z12,140,0.2,101,rand-05,SUCCESS,11.0,9.9929,1420,1399,0.0739,,
Z12,140,0.2,101,rand-06,SUCCESS,11.0,10.0143,1426,1402,0.0752,,
Z12,140,0.2,101,rand-07,SUCCESS,11.0,10.1071,1438,1415,0.0675,,
Z12,140,0.2,101,rand-08,SUCCESS,11.0,10.0143,1440,1402,0.08,,
Z12,140,0.2,101,rand-09,SUCCESS,11.0,9.9571,1421,1394,0.0962,,
Z12,140,0.2,101,rand-10,SUCCESS,11.0,9.9571,1422,1394,0.0832,,
Z12,140,0.2,101,rand-11,SUCCESS,11.0,10.0071,1423,1401,0.0886,,
Z12,140,0.2,101,rand-12,SUCCESS,11.0,10.0,1429,1400,0.0803,,
Z12,140,0.2,101,rand-13,SUCCESS,11.0,10.0071,1424,1401,0.0617,,
Z12,140,0.2,101,rand-14,SUCCESS,11.0,9.9857,1421,1398,0.0827,,
Z12,140,0.2,101,rand-15,SUCCESS,11.0,10.0,1422,1400,0.0852,,
Z12,140,0.2,101,rand-16,SUCCESS,11.0,10.05,1424,1407,0.0993,,
Z12,140,0.2,101,rand-17,SUCCESS,11.0,10.0857,1436,1412,0.0595,,
Z12,140,0.2,101,rand-18,SUCCESS,11.0,10.0,1429,1400,0.0563,,
Z12,140,0.2,101,rand-19,SUCCESS,11.0,10.0714,1427,1410,0.0762,,
Z12,140,0.2,101,rand-20,SUCCESS,11.0,10.0643,1440,1409,0.0662,,
Z12,140,0.2,101,rand-21,SUCCESS,11.0,10.0071,1433,1401,0.0918,,
Z12,140,0.2,101,rand-22,SUCCESS,11.0,10.0857,1433,1412,0.0633,,
Z12,140,0.2,101,rand-23,SUCCESS,11.0,10.0357,1428,1405,0.0801,,
Z12,140,0.2,101,rand-24,SUCCESS,11.0,10.0143,1431,1402,0.0548,,
Z12,140,0.2,101,rand-25,SUCCESS,11.0,10.05,1435,1407,0.0648,,
Z12,140,0.2,101,rand-26,SUCCESS,11.0,10.0857,1434,1412,0.0872,,
Z12,140,0.2,101,rand-27,SUCCESS,11.0,10.0786,1434,1411,0.0612,,
Z12,140,0.2,101,rand-28,SUCCESS,11.0,10.1643,1442,1423,0.065,,
Z12,140,0.2,101,rand-29,SUCCESS,11.0,10.0714,1437,1410,0.0613,,
Z12,140,0.2,101,rand-30,SUCCESS,11.0,10.0214,1428,1403,0.0623,,
Z12,140,0.2,101,rand-31,SUCCESS,11.0,9.9429,1419,1392,0.0609,,
Z12,140,0.2,102,identity,SUCCESS,11.0,9.9857,1432,1398,0.0903,,
Z12,140,0.2,102,cuthill,SUCCESS,11.0,9.6786,1376,1355,0.0753,,
Z12,140,0.2,102,spectral,SUCCESS,11.0,9.7143,1402,1360,0.1783,,
Z12,140,0.2,102,shipped,SUCCESS,11.0,9.5143,1337,1332,0.1814,"{""seed_order"":""cuthill"",""obj_seed"":1376,""obj_final"":1337,""complete_skip"":false}",
Z12,140,0.2,102,rand-00,SUCCESS,11.0,10.0214,1426,1403,0.0622,,
Z12,140,0.2,102,rand-01,SUCCESS,11.0,10.0929,1436,1413,0.0655,,
Z12,140,0.2,102,rand-02,SUCCESS,11.0,10.0857,1425,1412,0.0588,,
Z12,140,0.2,102,rand-03,SUCCESS,11.0,9.9286,1419,1390,0.0843,,
Z12,140,0.2,102,rand-04,SUCCESS,11.0,10.1,1441,1414,0.0644,,
Z12,140,0.2,102,rand-05,SUCCESS,11.0,10.0714,1430,1410,0.062,,
Z12,140,0.2,102,rand-06,SUCCESS,11.0,10.0357,1429,1405,0.0714,,
Z12,140,0.2,102,rand-07,SUCCESS,11.0,10.0429,1425,1406,0.066,,
Z12,140,0.2,102,rand-08,SUCCESS,11.0,10.0571,1420,1408,0.0597,,
Z12,140,0.2,102,rand-09,SUCCESS,11.0,9.9857,1421,1398,0.0746,,
Z12,140,0.2,102,rand-10,SUCCESS,11.0,10.0357,1422,1405,0.0636,,
Z12,140,0.2,102,rand-11,SUCCESS,11.0,10.0,1429,1400,0.1058,,
Z12,140,0.2,102,rand-12,SUCCESS,11.0,10.05,1434,1407,0.0796,,
Z12,140,0.2,102,rand-13,SUCCESS,11.0,9.9643,1411,1395,0.0621,,
Z12,140,0.2,102,rand-14,SUCCESS,11.0,10.0571,1434,1408,0.0618,,
Z12,140,0.2,102,rand-15,SUCCESS,11.0,10.0714,1441,1410,0.0667,,
Z12,140,0.2,102,rand-16,SUCCESS,11.0,10.0857,1434,1412,0.0818,,
Z12,140,0.2,102,rand-17,SUCCESS,11.0,10.0857,1434,1412,0.0581,,
Z12,140,0.2,102,rand-18,SUCCESS,11.0,10.1286,1434,1418,0.0717,,
Z12,140,0.2,102,rand-19,SUCCESS,11.0,10.0214,1429,1403,0.075,,
Z12,140,0.2,102,rand-20,SUCCESS,11.0,10.0786,1431,1411,0.0846,,
Z12,140,0.2,102,rand-21,SUCCESS,11.0,10.0571,1430,1408,0.0688,,
Z12,140,0.2,102,rand-22,SUCCESS,11.0,10.0571,1434,1408,0.0796,,
Z12,140,0.2,102,rand-23,SUCCESS,11.0,9.9714,1403,1396,0.082,,
Z12,140,0.2,102,rand-24,SUCCESS,11.0,10.1214,1437,1417,0.0692,,
Z12,140,0.2,102,rand-25,SUCCESS,11.0,10.0857,1439,1412,0.0662,,
Z12,140,0.2,102,rand-26,SUCCESS,11.0,10.1214,1444,1417,0.0657,,
Z12,140,0.2,102,rand-27,SUCCESS,11.0,10.0786,1421,1411,0.0609,,
Z12,140,0.2,102,rand-28,SUCCESS,11.0,10.1429,1444,1420,0.0644,,
Z12,140,0.2,102,rand-29,SUCCESS,11.0,10.0,1425,1400,0.0608,,
Z12,140,0.2,102,rand-30,SUCCESS,11.0,10.0714,1443,1410,0.0751,,
Z12,140,0.2,102,rand-31,SUCCESS,11.0,9.95,1417,1393,0.0802,,
Z12,140,0.2,103,identity,SUCCESS,11.0,10.0357,1421,1405,0.0708,,
Z12,140,0.2,103,cuthill,SUCCESS,11.0,9.7286,1393,1362,0.0877,,
Z12,140,0.2,103,spectral,SUCCESS,11.0,9.8571,1422,1380,0.1825,,
Z12,140,0.2,103,shipped,SUCCESS,11.0,9.6571,1354,1352,0.1738,"{""seed_order"":""cuthill"",""obj_seed"":1393,""obj_final"":1354,""complete_skip"":false}",
Z12,140,0.2,103,rand-00,SUCCESS,11.0,10.0643,1435,1409,0.0627,,
Z12,140,0.2,103,rand-01,SUCCESS,11.0,9.8571,1403,1380,0.0663,,
Z12,140,0.2,103,rand-02,SUCCESS,11.0,10.0643,1439,1409,0.0604,,
Z12,140,0.2,103,rand-03,SUCCESS,11.0,10.1143,1439,1416,0.0693,,
Z12,140,0.2,103,rand-04,SUCCESS,11.0,10.05,1431,1407,0.0843,,
Z12,140,0.2,103,rand-05,SUCCESS,11.0,10.0643,1427,1409,0.074,,
Z12,140,0.2,103,rand-06,SUCCESS,11.0,10.0571,1426,1408,0.0765,,
Z12,140,0.2,103,rand-07,SUCCESS,11.0,10.0643,1422,1409,0.084,,
Z12,140,0.2,103,rand-08,SUCCESS,11.0,9.9786,1411,1397,0.0761,,
Z12,140,0.2,103,rand-09,SUCCESS,11.0,10.0929,1439,1413,0.0976,,
Z12,140,0.2,103,rand-10,SUCCESS,11.0,9.9357,1422,1391,0.0836,,
Z12,140,0.2,103,rand-11,SUCCESS,11.0,10.0429,1435,1406,0.0685,,
Z12,140,0.2,103,rand-12,SUCCESS,11.0,10.0857,1434,1412,0.0609,,
Z12,140,0.2,103,rand-13,SUCCESS,11.0,10.0357,1434,1405,0.0752,,
Z12,140,0.2,103,rand-14,SUCCESS,11.0,9.9714,1423,1396,0.0789,,
Z12,140,0.2,103,rand-15,SUCCESS,11.0,10.0071,1423,1401,0.0652,,
Z12,140,0.2,103,rand-16,SUCCESS,11.0,10.0214,1417,1403,0.0963,,
Z12,140,0.2,103,rand-17,SUCCESS,11.0,9.95,1414,1393,0.0762,,
Z12,140,0.2,103,rand-18,SUCCESS,11.0,10.0714,1434,1410,0.0573,,
Z12,140,0.2,103,rand-19,SUCCESS,11.0,10.05,1419,1407,0.0781,,
Z12,140,0.2,103,rand-20,SUCCESS,11.0,10.0071,1415,1401,0.0655,,
Z12,140,0.2,103,rand-21,SUCCESS,11.0,10.05,1424,1407,0.0924,,
Z12,140,0.2,103,rand-22,SUCCESS,11.0,10.0286,1420,1404,0.0624,,
Z12,140,0.2,103,rand-23,SUCCESS,11.0,10.0643,1426,1409,0.0804,,
Z12,140,0.2,103,rand-24,SUCCESS,11.0,9.9571,1430,1394,0.0723,,
Z12,140,0.2,103,rand-25,SUCCESS,11.0,10.0429,1434,1406,0.0661,,
Z12,140,0.2,103,rand-26,SUCCESS,11.0,9.9786,1428,1397,0.0667,,
Z12,140,0.2,103,rand-27,SUCCESS,11.0,9.9643,1409,1395,0.0782,,
Z12,140,0.2,103,rand-28,SUCCESS,11.0,10.0,1430,1400,0.0639,,
Z12,140,0.2,103,rand-29,SUCCESS,11.0,10.05,1428,1407,0.0652,,
Z12,140,0.2,103,rand-30,SUCCESS,11.0,10.0786,1433,1411,0.06,,
Z12,140,0.2,103,rand-31,SUCCESS,11.0,10.1214,1433,1417,0.0622,,
P16,140,1.0,101,identity,SUCCESS,13.8286,13.1714,1934,1844,0.2371,,
P16,140,1.0,101,cuthill,SUCCESS,13.8286,13.1714,1934,1844,0.2656,,
P16,140,1.0,101,spectral,SUCCESS,13.8286,13.1714,1934,1844,0.1217,,
P16,140,1.0,101,shipped,SUCCESS,13.8286,13.1714,1934,1844,0.2453,"{""seed_order"":""identity"",""obj_seed"":1934,""obj_final"":1934,""complete_skip"":true}",
P16,140,1.0,101,rand-00,SUCCESS,13.8286,13.1714,1934,1844,0.165,,
P16,140,1.0,101,rand-01,SUCCESS,13.8286,13.1714,1934,1844,0.1811,,
P16,140,1.0,101,rand-02,SUCCESS,13.8286,13.1714,1934,1844,0.1373,,
P16,140,1.0,101,rand-03,SUCCESS,13.8286,13.1714,1934,1844,0.1662,,
P16,140,1.0,101,rand-04,SUCCESS,13.8286,13.1714,1934,1844,0.1802,,
P16,140,1.0,101,rand-05,SUCCESS,13.8286,13.1714,1934,1844,0.1341,,
P16,140,1.0,101,rand-06,SUCCESS,13.8286,13.1714,1934,1844,0.1146,,
P16,140,1.0,101,rand-07,SUCCESS,13.8286,13.1714,1934,1844,0.1454,,
P16,140,1.0,101,rand-08,SUCCESS,13.8286,13.1714,1934,1844,0.1234,,
P16,140,1.0,101,rand-09,SUCCESS,13.8286,13.1714,1934,1844,0.2079,,
P16,140,1.0,101,rand-10,SUCCESS,13.8286,13.1714,1934,1844,0.1633,,
P16,140,1.0,101,rand-11,SUCCESS,13.8286,13.1714,1934,1844,0.1863,,
P16,140,1.0,101,rand-12,SUCCESS,13.8286,13.1714,1934,1844,0.1295,,
P16,140,1.0,101,rand-13,SUCCESS,13.8286,13.1714,1934,1844,0.1245,,
P16,140,1.0,101,rand-14,SUCCESS,13.8286,13.1714,1934,1844,0.1326,,
P16,140,1.0,101,rand-15,SUCCESS,13.8286,13.1714,1934,1844,0.1764,,
P16,140,1.0,101,rand-16,SUCCESS,13.8286,13.1714,1934,1844,0.1828,,
P16,140,1.0,101,rand-17,SUCCESS,13.8286,13.1714,1934,1844,0.1286,,
P16,140,1.0,101,rand-18,SUCCESS,13.8286,13.1714,1934,1844,0.1372,,
P16,140,1.0,101,rand-19,SUCCESS,13.8286,13.1714,1934,1844,0.1088,,
P16,140,1.0,101,rand-20,SUCCESS,13.8286,13.1714,1934,1844,0.1766,,
P16,140,1.0,101,rand-21,SUCCESS,13.8286,13.1714,1934,1844,0.1927,,
P16,140,1.0,101,rand-22,SUCCESS,13.8286,13.1714,1934,1844,0.1436,,
P16,140,1.0,101,rand-23,SUCCESS,13.8286,13.1714,1934,1844,0.1493,,
P16,140,1.0,101,rand-24,SUCCESS,13.8286,13.1714,1934,1844,0.1244,,
P16,140,1.0,101,rand-25,SUCCESS,13.8286,13.1714,1934,1844,0.1368,,
P16,140,1.0,101,rand-26,SUCCESS,13.8286,13.1714,1934,1844,0.1622,,
P16,140,1.0,101,rand-27,SUCCESS,13.8286,13.1714,1934,1844,0.1091,,
P16,140,1.0,101,rand-28,SUCCESS,13.8286,13.1714,1934,1844,0.1454,,
P16,140,1.0,101,rand-29,SUCCESS,13.8286,13.1714,1934,1844,0.1758,,
P16,140,1.0,101,rand-30,SUCCESS,13.8286,13.1714,1934,1844,0.139,,
P16,140,1.0,101,rand-31,SUCCESS,13.8286,13.1714,1934,1844,0.1091,,
Z12,140,0.2,104,identity,SUCCESS,11.0,10.0286,1424,1404,0.0721,,
Z12,140,0.2,104,cuthill,SUCCESS,11.0,9.7643,1387,1367,0.075,,
Z12,140,0.2,104,spectral,SUCCESS,11.0,9.8571,1403,1380,0.0898,,
Z12,140,0.2,104,shipped,SUCCESS,11.0,9.6714,1354,1354,0.1578,"{""seed_order"":""cuthill"",""obj_seed"":1387,""obj_final"":1354,""complete_skip"":false}",
Z12,140,0.2,104,rand-00,SUCCESS,11.0,9.95,1418,1393,0.0812,,
Z12,140,0.2,104,rand-01,SUCCESS,11.0,10.1214,1436,1417,0.0653,,
Z12,140,0.2,104,rand-02,SUCCESS,11.0,10.05,1421,1407,0.0609,,
Z12,140,0.2,104,rand-03,SUCCESS,11.0,10.0,1426,1400,0.0869,,
Z12,140,0.2,104,rand-04,SUCCESS,11.0,10.0214,1436,1403,0.0854,,
Z12,140,0.2,104,rand-05,SUCCESS,11.0,9.9786,1416,1397,0.0748,,
Z12,140,0.2,104,rand-06,SUCCESS,11.0,10.0357,1430,1405,0.0607,,
Z12,140,0.2,104,rand-07,SUCCESS,11.0,10.0286,1423,1404,0.0835,,
Z12,140,0.2,104,rand-08,SUCCESS,11.0,10.0643,1430,1409,0.062,,
Z12,140,0.2,104,rand-09,SUCCESS,11.0,10.1,1436,1414,0.0754,,
Z12,140,0.2,104,rand-10,SUCCESS,11.0,10.0286,1426,1404,0.0818,,
Z12,140,0.2,104,rand-11,SUCCESS,11.0,10.0071,1418,1401,0.0896,,
Z12,140,0.2,104,rand-12,SUCCESS,11.0,10.0571,1434,1408,0.0618,,
Z12,140,0.2,104,rand-13,SUCCESS,11.0,10.05,1429,1407,0.0605,,
Z12,140,0.2,104,rand-14,SUCCESS,11.0,10.0071,1420,1401,0.065,,
Z12,140,0.2,104,rand-15,SUCCESS,11.0,10.0429,1436,1406,0.0634,,
Z12,140,0.2,104,rand-16,SUCCESS,11.0,10.0286,1427,1404,0.0641,,
Z12,140,0.2,104,rand-17,SUCCESS,11.0,10.0786,1433,1411,0.06,,
Z12,140,0.2,104,rand-18,SUCCESS,11.0,10.05,1430,1407,0.0564,,
Z12,140,0.2,104,rand-19,SUCCESS,11.0,10.15,1439,1421,0.0602,,
Z12,140,0.2,104,rand-20,SUCCESS,11.0,9.9857,1432,1398,0.0852,,
Z12,140,0.2,104,rand-21,SUCCESS,11.0,10.1214,1429,1417,0.0702,,
Z12,140,0.2,104,rand-22,SUCCESS,11.0,10.0071,1408,1401,0.0846,,
Z12,140,0.2,104,rand-23,SUCCESS,11.0,10.0714,1432,1410,0.0804,,
Z12,140,0.2,104,rand-24,SUCCESS,11.0,10.0643,1430,1409,0.0689,,
Z12,140,0.2,104,rand-25,SUCCESS,11.0,10.1,1436,1414,0.0666,,
Z12,140,0.2,104,rand-26,SUCCESS,11.0,10.0571,1443,1408,0.0674,,
Z12,140,0.2,104,rand-27,SUCCESS,11.0,10.0357,1429,1405,0.0615,,
Z12,140,0.2,104,rand-28,SUCCESS,11.0,10.0714,1432,1410,0.0653,,
Z12,140,0.2,104,rand-29,SUCCESS,11.0,10.0214,1431,1403,0.0789,,
Z12,140,0.2,104,rand-30,SUCCESS,11.0,10.0429,1412,1406,0.0792,,
Z12,140,0.2,104,rand-31,SUCCESS,11.0,10.0571,1429,1408,0.0635,,
Z12,140,0.2,105,identity,SUCCESS,11.0,10.0214,1424,1403,0.0687,,
Z12,140,0.2,105,cuthill,SUCCESS,11.0,9.65,1380,1351,0.0668,,
Z12,140,0.2,105,spectral,SUCCESS,11.0,9.8571,1421,1380,0.2031,,
Z12,140,0.2,105,shipped,SUCCESS,11.0,9.6071,1344,1345,0.1597,"{""seed_order"":""cuthill"",""obj_seed"":1380,""obj_final"":1344,""complete_skip"":false}",
Z12,140,0.2,105,rand-00,SUCCESS,11.0,9.9714,1415,1396,0.0797,,
Z12,140,0.2,105,rand-01,SUCCESS,11.0,10.1,1427,1414,0.0855,,
Z12,140,0.2,105,rand-02,SUCCESS,11.0,10.0429,1426,1406,0.0784,,
Z12,140,0.2,105,rand-03,SUCCESS,11.0,10.0,1420,1400,0.0884,,
Z12,140,0.2,105,rand-04,SUCCESS,11.0,10.0214,1429,1403,0.0632,,
Z12,140,0.2,105,rand-05,SUCCESS,11.0,10.0,1432,1400,0.0589,,
Z12,140,0.2,105,rand-06,SUCCESS,11.0,10.1214,1429,1417,0.0569,,
Z12,140,0.2,105,rand-07,SUCCESS,11.0,10.0214,1423,1403,0.0823,,
Z12,140,0.2,105,rand-08,SUCCESS,11.0,10.0786,1431,1411,0.0611,,
Z12,140,0.2,105,rand-09,SUCCESS,11.0,9.9643,1408,1395,0.0724,,
Z12,140,0.2,105,rand-10,SUCCESS,11.0,10.0214,1434,1403,0.0841,,
Z12,140,0.2,105,rand-11,SUCCESS,11.0,10.0429,1430,1406,0.0889,,
Z12,140,0.2,105,rand-12,SUCCESS,11.0,10.0071,1423,1401,0.0758,,
Z12,140,0.2,105,rand-13,SUCCESS,11.0,10.0357,1429,1405,0.0755,,
Z12,140,0.2,105,rand-14,SUCCESS,11.0,9.9857,1418,1398,0.0782,,
Z12,140,0.2,105,rand-15,SUCCESS,11.0,9.9214,1415,1389,0.0811,,
Z12,140,0.2,105,rand-16,SUCCESS,11.0,10.0714,1427,1410,0.1217,,
Z12,140,0.2,105,rand-17,SUCCESS,11.0,9.9714,1425,1396,0.078,,
Z12,140,0.2,105,rand-18,SUCCESS,11.0,10.0,1411,1400,0.0556,,
Z12,140,0.2,105,rand-19,SUCCESS,11.0,9.9714,1421,1396,0.0783,,
Z12,140,0.2,105,rand-20,SUCCESS,11.0,9.9929,1413,1399,0.0846,,
Z12,140,0.2,105,rand-21,SUCCESS,11.0,10.0286,1420,1404,0.0704,,
Z12,140,0.2,105,rand-22,SUCCESS,11.0,9.9929,1430,1399,0.0794,,
Z12,140,0.2,105,rand-23,SUCCESS,11.0,9.95,1417,1393,0.0811,,
Z12,140,0.2,105,rand-24,SUCCESS,11.0,10.0071,1417,1401,0.0843,,
Z12,140,0.2,105,rand-25,SUCCESS,11.0,9.9571,1425,1394,0.0803,,
Z12,140,0.2,105,rand-26,SUCCESS,11.0,9.9714,1414,1396,0.0676,,
Z12,140,0.2,105,rand-27,SUCCESS,11.0,9.9214,1415,1389,0.0728,,
Z12,140,0.2,105,rand-28,SUCCESS,11.0,10.1071,1436,1415,0.0958,,
Z12,140,0.2,105,rand-29,SUCCESS,11.0,9.9429,1413,1392,0.0901,,
Z12,140,0.2,105,rand-30,SUCCESS,11.0,10.0357,1424,1405,0.058,,
Z12,140,0.2,105,rand-31,SUCCESS,11.0,10.0571,1439,1408,0.0806,,
Z12,140,1.0,101,identity,SUCCESS,11.0,10.4714,1532,1466,0.2574,,
Z12,140,1.0,101,cuthill,SUCCESS,11.0,10.4714,1532,1466,0.2916,,
Z12,140,1.0,101,spectral,SUCCESS,11.0,10.4714,1532,1466,0.1155,,
Z12,140,1.0,101,shipped,SUCCESS,11.0,10.4714,1532,1466,0.2576,"{""seed_order"":""identity"",""obj_seed"":1532,""obj_final"":1532,""complete_skip"":true}",
Z12,140,1.0,101,rand-00,SUCCESS,11.0,10.4714,1532,1466,0.1236,,
Z12,140,1.0,101,rand-01,SUCCESS,11.0,10.4714,1532,1466,0.1494,,
Z12,140,1.0,101,rand-02,SUCCESS,11.0,10.4714,1532,1466,0.1239,,
Z12,140,1.0,101,rand-03,SUCCESS,11.0,10.4714,1532,1466,0.1847,,
Z12,140,1.0,101,rand-04,SUCCESS,11.0,10.4714,1532,1466,0.1677,,
Z12,140,1.0,101,rand-05,SUCCESS,11.0,10.4714,1532,1466,0.1019,,
Z12,140,1.0,101,rand-06,SUCCESS,11.0,10.4714,1532,1466,0.0962,,
Z12,140,1.0,101,rand-07,SUCCESS,11.0,10.4714,1532,1466,0.1201,,
Z12,140,1.0,101,rand-08,SUCCESS,11.0,10.4714,1532,1466,0.1087,,
Z12,140,1.0,101,rand-09,SUCCESS,11.0,10.4714,1532,1466,0.2115,,
Z12,140,1.0,101,rand-10,SUCCESS,11.0,10.4714,1532,1466,0.1132,,
Z12,140,1.0,101,rand-11,SUCCESS,11.0,10.4714,1532,1466,0.1299,,
Z12,140,1.0,101,rand-12,SUCCESS,11.0,10.4714,1532,1466,0.0997,,
Z12,140,1.0,101,rand-13,SUCCESS,11.0,10.4714,1532,1466,0.1045,,
Z12,140,1.0,101,rand-14,SUCCESS,11.0,10.4714,1532,1466,0.1024,,
Z12,140,1.0,101,rand-15,SUCCESS,11.0,10.4714,1532,1466,0.1476,,
Z12,140,1.0,101,rand-16,SUCCESS,11.0,10.4714,1532,1466,0.1453,,
Z12,140,1.0,101,rand-17,SUCCESS,11.0,10.4714,1532,1466,0.1186,,
Z12,140,1.0,101,rand-18,SUCCESS,11.0,10.4714,1532,1466,0.1279,,
Z12,140,1.0,101,rand-19,SUCCESS,11.0,10.4714,1532,1466,0.0977,,
Z12,140,1.0,101,rand-20,SUCCESS,11.0,10.4714,1532,1466,0.1375,,
Z12,140,1.0,101,rand-21,SUCCESS,11.0,10.4714,1532,1466,0.166,,
Z12,140,1.0,101,rand-22,SUCCESS,11.0,10.4714,1532,1466,0.117,,
Z12,140,1.0,101,rand-23,SUCCESS,11.0,10.4714,1532,1466,0.1226,,
Z12,140,1.0,101,rand-24,SUCCESS,11.0,10.4714,1532,1466,0.0884,,
Z12,140,1.0,101,rand-25,SUCCESS,11.0,10.4714,1532,1466,0.1217,,
Z12,140,1.0,101,rand-26,SUCCESS,11.0,10.4714,1532,1466,0.1334,,
Z12,140,1.0,101,rand-27,SUCCESS,11.0,10.4714,1532,1466,0.0972,,
Z12,140,1.0,101,rand-28,SUCCESS,11.0,10.4714,1532,1466,0.1015,,
Z12,140,1.0,101,rand-29,SUCCESS,11.0,10.4714,1532,1466,0.1271,,
Z12,140,1.0,101,rand-30,SUCCESS,11.0,10.4714,1532,1466,0.0961,,
Z12,140,1.0,101,rand-31,SUCCESS,11.0,10.4714,1532,1466,0.0962,,
