topo,n,p,inst_seed,arm,family,algo_seed,switch_val,status,success,acl,acl_spur,max_chain,qubits,wall,n_edges,err
Z12,100,0.10101010101010101,101,p3-mm-beta-fb,arm,4,,SUCCESS,1,4.76,4.57,9,476,2.1427,498,
Z12,100,0.10101010101010101,101,p3-mm-beta,arm,4,,SUCCESS,1,4.76,4.57,9,476,2.1913,498,
Z12,100,0.10101010101010101,103,p3-mm-beta-fb,arm,2,,SUCCESS,1,5.06,4.83,10,506,2.4615,500,
Z12,100,0.10101010101010101,103,p3-mm-beta,arm,2,,SUCCESS,1,5.06,4.83,10,506,2.4883,500,
Z12,100,0.10101010101010101,101,p3-mm-beta,arm,3,,SUCCESS,1,5.49,5.23,10,549,2.5467,498,
Z12,100,0.10101010101010101,101,p3-mm-beta-fb,arm,3,,SUCCESS,1,5.49,5.23,10,549,2.551,498,
Z12,100,0.10101010101010101,103,p3-mm-beta-fb,arm,1,,SUCCESS,1,4.85,4.7,9,485,2.7039,500,
Z12,100,0.10101010101010101,103,p3-mm-beta,arm,1,,SUCCESS,1,4.85,4.7,9,485,2.8535,500,
Z12,100,0.10101010101010101,103,p3-mm-beta,arm,0,,SUCCESS,1,4.59,4.46,8,459,2.9293,500,
Z12,100,0.10101010101010101,103,p3-mm-beta-fb,arm,0,,SUCCESS,1,4.59,4.46,8,459,2.9396,500,
Z12,100,0.10101010101010101,103,p3-mm-beta,arm,4,,SUCCESS,1,4.48,4.36,8,448,3.0424,500,
Z12,100,0.10101010101010101,103,p3-mm-beta-fb,arm,4,,SUCCESS,1,4.48,4.36,8,448,3.0629,500,
Z12,100,0.10101010101010101,102,p3-mm-beta-fb,arm,0,,SUCCESS,1,4.71,4.47,9,471,3.7082,508,
Z12,100,0.10101010101010101,101,p3-mm-beta-fb,arm,0,,SUCCESS,1,4.47,4.4,8,447,3.7423,498,
Z12,100,0.10101010101010101,102,p3-mm-beta,arm,0,,SUCCESS,1,4.71,4.47,9,471,3.7427,508,
Z12,100,0.10101010101010101,101,p3-mm-beta,arm,0,,SUCCESS,1,4.47,4.4,8,447,3.7842,498,
Z12,100,0.10101010101010101,102,p3-mm-beta,arm,4,,SUCCESS,1,4.88,4.71,9,488,3.7715,508,
Z12,100,0.10101010101010101,103,p3-mm-beta,arm,3,,SUCCESS,1,4.65,4.49,9,465,3.8017,500,
Z12,100,0.10101010101010101,103,p3-mm-beta-fb,arm,3,,SUCCESS,1,4.65,4.49,9,465,3.8134,500,
Z12,100,0.10101010101010101,102,p3-mm-beta-fb,arm,4,,SUCCESS,1,4.88,4.71,9,488,3.8281,508,
Z12,100,0.10101010101010101,101,p3-mm-beta-fb,arm,2,,SUCCESS,1,4.42,4.3,8,442,4.059,498,
Z12,100,0.10101010101010101,101,p3-mm-beta,arm,2,,SUCCESS,1,4.42,4.3,8,442,4.1069,498,
Z12,100,0.10101010101010101,101,p3-mm-beta,arm,1,,SUCCESS,1,4.33,4.22,8,433,4.3157,498,
Z12,100,0.10101010101010101,101,p3-mm-beta-fb,arm,1,,SUCCESS,1,4.33,4.22,8,433,4.343,498,
Z12,100,0.10101010101010101,102,p3-mm-beta-fb,arm,2,,SUCCESS,1,4.29,4.21,8,429,4.6618,508,
Z12,100,0.10101010101010101,102,p3-mm-beta,arm,2,,SUCCESS,1,4.29,4.21,8,429,4.7364,508,
Z12,100,0.10101010101010101,104,p3-mm-beta,arm,1,,SUCCESS,1,5.61,5.26,10,561,3.0827,495,
Z12,100,0.10101010101010101,104,p3-mm-beta,arm,0,,SUCCESS,1,4.88,4.79,9,488,3.153,495,
Z12,100,0.10101010101010101,104,p3-mm-beta,arm,4,,SUCCESS,1,4.59,4.5,8,459,2.9979,495,
Z12,100,0.10101010101010101,102,p3-mm-beta,arm,3,,SUCCESS,1,4.53,4.35,9,453,5.5694,508,
Z12,100,0.10101010101010101,102,p3-mm-beta-fb,arm,3,,SUCCESS,1,4.53,4.35,9,453,5.5698,508,
Z12,100,0.10101010101010101,104,p3-mm-beta-fb,arm,0,,SUCCESS,1,4.88,4.79,9,488,3.1137,495,
Z12,100,0.10101010101010101,104,p3-mm-beta-fb,arm,1,,SUCCESS,1,5.61,5.26,10,561,3.1313,495,
Z12,100,0.10101010101010101,104,p3-mm-beta-fb,arm,4,,SUCCESS,1,4.59,4.5,8,459,2.9918,495,
Z12,100,0.10101010101010101,105,p3-mm-beta,arm,1,,SUCCESS,1,5.51,5.25,11,551,2.9176,522,
Z12,100,0.10101010101010101,104,p3-mm-beta,arm,2,,SUCCESS,1,4.53,4.39,8,453,3.7795,495,
Z12,100,0.10101010101010101,105,p3-mm-beta,arm,0,,SUCCESS,1,4.61,4.5,9,461,3.2405,522,
Z12,100,0.10101010101010101,102,p3-mm-beta,arm,1,,SUCCESS,1,4.63,4.4,9,463,6.3839,508,
Z12,100,0.10101010101010101,102,p3-mm-beta-fb,arm,1,,SUCCESS,1,4.63,4.4,9,463,6.4564,508,
Z12,100,0.10101010101010101,105,p3-mm-beta-fb,arm,1,,SUCCESS,1,5.51,5.25,11,551,2.8494,522,
Z12,100,0.10101010101010101,104,p3-mm-beta-fb,arm,2,,SUCCESS,1,4.53,4.39,8,453,3.8823,495,
Z12,100,0.10101010101010101,105,p3-mm-beta-fb,arm,0,,SUCCESS,1,4.61,4.5,9,461,3.2273,522,
Z12,100,0.10101010101010101,105,p3-mm-beta,arm,2,,SUCCESS,1,4.81,4.63,9,481,3.3403,522,
Z12,100,0.10101010101010101,105,p3-mm-beta-fb,arm,2,,SUCCESS,1,4.81,4.63,9,481,3.2939,522,
Z12,100,0.10101010101010101,104,p3-mm-beta,arm,3,,SUCCESS,1,4.55,4.43,8,455,4.7072,495,
Z12,100,0.10101010101010101,104,p3-mm-beta-fb,arm,3,,SUCCESS,1,4.55,4.43,8,455,4.7303,495,
Z12,100,0.10101010101010101,105,p3-mm-beta,arm,3,,SUCCESS,1,4.61,4.5,9,461,4.1523,522,
Z12,100,0.10101010101010101,105,p3-mm-beta-fb,arm,3,,SUCCESS,1,4.61,4.5,9,461,4.1298,522,
Z12,100,0.10101010101010101,105,p3-mm-beta,arm,4,,SUCCESS,1,4.76,4.62,9,476,4.3372,522,
Z12,100,0.10101010101010101,105,p3-mm-beta-fb,arm,4,,SUCCESS,1,4.76,4.62,9,476,4.3316,522,
Z12,140,0.07194244604316546,102,p3-mm-beta,arm,1,,SUCCESS,1,6.25,5.9429,12,875,4.9755,693,
Z12,140,0.07194244604316546,102,p3-mm-beta-fb,arm,1,,SUCCESS,1,6.25,5.9429,12,875,4.9488,693,
Z12,140,0.07194244604316546,101,p3-mm-beta,arm,0,,SUCCESS,1,5.8643,5.6429,11,821,7.9086,691,
Z12,140,0.07194244604316546,101,p3-mm-beta-fb,arm,0,,SUCCESS,1,5.8643,5.6429,11,821,7.9711,691,
Z12,140,0.07194244604316546,103,p3-mm-beta,arm,4,,SUCCESS,1,6.1214,5.8643,12,857,5.6757,689,
Z12,140,0.07194244604316546,101,p3-mm-beta,arm,2,,SUCCESS,1,5.9214,5.7143,13,829,8.8686,691,
Z12,140,0.07194244604316546,103,p3-mm-beta,arm,2,,SUCCESS,1,6.1143,5.85,12,856,6.4201,689,
Z12,140,0.07194244604316546,103,p3-mm-beta-fb,arm,4,,SUCCESS,1,6.1214,5.8643,12,857,5.7027,689,
Z12,140,0.07194244604316546,101,p3-mm-beta-fb,arm,2,,SUCCESS,1,5.9214,5.7143,13,829,8.932,691,
Z12,140,0.07194244604316546,102,p3-mm-beta,arm,0,,SUCCESS,1,5.7929,5.5714,13,811,8.6785,693,
Z12,140,0.07194244604316546,103,p3-mm-beta-fb,arm,2,,SUCCESS,1,6.1143,5.85,12,856,6.4072,689,
Z12,140,0.07194244604316546,102,p3-mm-beta-fb,arm,0,,SUCCESS,1,5.7929,5.5714,13,811,8.625,693,
Z12,140,0.07194244604316546,101,p3-mm-beta,arm,3,,SUCCESS,1,5.5643,5.3714,12,779,10.5839,691,
Z12,140,0.07194244604316546,101,p3-mm-beta,arm,1,,SUCCESS,1,5.8286,5.65,12,816,10.9823,691,
Z12,140,0.07194244604316546,102,p3-mm-beta,arm,4,,SUCCESS,1,5.6786,5.5429,11,795,9.2552,693,
Z12,140,0.07194244604316546,103,p3-mm-beta,arm,1,,SUCCESS,1,5.9429,5.7071,12,832,8.5392,689,
Z12,140,0.07194244604316546,102,p3-mm-beta-fb,arm,4,,SUCCESS,1,5.6786,5.5429,11,795,9.1484,693,
Z12,140,0.07194244604316546,102,p3-mm-beta,arm,3,,SUCCESS,1,5.9214,5.7071,11,829,10.02,693,
Z12,140,0.07194244604316546,101,p3-mm-beta-fb,arm,3,,SUCCESS,1,5.5643,5.3714,12,779,10.5683,691,
Z12,140,0.07194244604316546,101,p3-mm-beta-fb,arm,1,,SUCCESS,1,5.8286,5.65,12,816,10.9597,691,
Z12,140,0.07194244604316546,101,p3-mm-beta,arm,4,,SUCCESS,1,5.4714,5.2929,11,766,11.7056,691,
Z12,140,0.07194244604316546,103,p3-mm-beta-fb,arm,1,,SUCCESS,1,5.9429,5.7071,12,832,8.4816,689,
Z12,140,0.07194244604316546,102,p3-mm-beta-fb,arm,3,,SUCCESS,1,5.9214,5.7071,11,829,10.0409,693,
Z12,140,0.07194244604316546,101,p3-mm-beta-fb,arm,4,,SUCCESS,1,5.4714,5.2929,11,766,12.1726,691,
Z12,140,0.07194244604316546,104,p3-mm-beta,arm,0,,SUCCESS,1,6.1571,5.8643,12,862,8.4702,718,
Z12,140,0.07194244604316546,104,p3-mm-beta,arm,3,,SUCCESS,1,6.3143,6.0714,14,884,6.4868,718,
Z12,140,0.07194244604316546,103,p3-mm-beta,arm,3,,SUCCESS,1,5.6571,5.55,11,792,12.6995,689,
Z12,140,0.07194244604316546,104,p3-mm-beta-fb,arm,3,,SUCCESS,1,6.3143,6.0714,14,884,6.4646,718,
Z12,140,0.07194244604316546,103,p3-mm-beta-fb,arm,3,,SUCCESS,1,5.6571,5.55,11,792,12.8198,689,
Z12,140,0.07194244604316546,105,p3-mm-beta,arm,1,,SUCCESS,1,6.7357,6.3714,14,943,6.6598,730,
Z12,140,0.07194244604316546,104,p3-mm-beta,arm,1,,SUCCESS,1,5.9357,5.7071,12,831,10.3194,718,
Z12,140,0.07194244604316546,104,p3-mm-beta-fb,arm,0,,SUCCESS,1,6.1571,5.8643,12,862,8.4254,718,
Z12,140,0.07194244604316546,105,p3-mm-beta,arm,3,,SUCCESS,1,6.7071,6.3857,14,939,7.2829,730,
Z12,140,0.07194244604316546,105,p3-mm-beta-fb,arm,1,,SUCCESS,1,6.7357,6.3714,14,943,6.6956,730,
Z12,140,0.07194244604316546,103,p3-mm-beta,arm,0,,SUCCESS,1,5.4571,5.2786,10,764,16.3085,689,
Z12,140,0.07194244604316546,102,p3-mm-beta,arm,2,,SUCCESS,1,6.0,5.8214,11,840,17.2691,693,
Z12,140,0.07194244604316546,105,p3-mm-beta-fb,arm,3,,SUCCESS,1,6.7071,6.3857,14,939,7.2509,730,
Z12,140,0.07194244604316546,104,p3-mm-beta,arm,2,,SUCCESS,1,5.9786,5.7643,12,837,11.4446,718,
Z12,140,0.07194244604316546,102,p3-mm-beta-fb,arm,2,,SUCCESS,1,6.0,5.8214,11,840,17.3051,693,
Z12,140,0.07194244604316546,104,p3-mm-beta-fb,arm,1,,SUCCESS,1,5.9357,5.7071,12,831,10.4407,718,
Z12,140,0.07194244604316546,103,p3-mm-beta-fb,arm,0,,SUCCESS,1,5.4571,5.2786,10,764,16.457,689,
Z12,140,0.07194244604316546,105,p3-mm-beta,arm,2,,SUCCESS,1,6.0214,5.8143,11,843,10.4532,730,
Z12,140,0.07194244604316546,104,p3-mm-beta-fb,arm,2,,SUCCESS,1,5.9786,5.7643,12,837,12.2337,718,
Z12,140,0.07194244604316546,105,p3-mm-beta-fb,arm,2,,SUCCESS,1,6.0214,5.8143,11,843,10.2827,730,
Z12,140,0.07194244604316546,105,p3-mm-beta,arm,0,,SUCCESS,1,6.0357,5.8,11,845,11.9747,730,
Z12,140,0.07194244604316546,105,p3-mm-beta-fb,arm,0,,SUCCESS,1,6.0357,5.8,11,845,11.9611,730,
Z12,140,0.07194244604316546,104,p3-mm-beta,arm,4,,SUCCESS,1,6.0357,5.8143,11,845,15.5606,718,
Z12,140,0.07194244604316546,105,p3-mm-beta,arm,4,,SUCCESS,1,5.6857,5.5,10,796,14.148,730,
Z12,140,0.07194244604316546,104,p3-mm-beta-fb,arm,4,,SUCCESS,1,6.0357,5.8143,11,845,15.4516,718,
Z12,140,0.07194244604316546,105,p3-mm-beta-fb,arm,4,,SUCCESS,1,5.6857,5.5,10,796,14.0555,730,
Z12,180,0.055865921787709494,101,p3-mm-beta,arm,1,,SUCCESS,1,7.5,7.1444,17,1350,14.0869,911,
Z12,180,0.055865921787709494,102,p3-mm-beta,arm,4,,SUCCESS,1,7.5944,7.25,16,1367,7.8323,877,
Z12,180,0.055865921787709494,101,p3-mm-beta,arm,4,,SUCCESS,1,7.3944,7.0167,15,1331,12.246,911,
Z12,180,0.055865921787709494,102,p3-mm-beta-fb,arm,4,,SUCCESS,1,7.5944,7.25,16,1367,7.892,877,
Z12,180,0.055865921787709494,102,p3-mm-beta,arm,0,,SUCCESS,1,7.4556,7.1,17,1342,11.0142,877,
Z12,180,0.055865921787709494,101,p3-mm-beta,arm,3,,SUCCESS,1,7.4278,7.1333,16,1337,15.3703,911,
Z12,180,0.055865921787709494,103,p3-mm-beta,arm,0,,SUCCESS,1,7.2833,6.9611,15,1311,9.0757,892,
Z12,180,0.055865921787709494,101,p3-mm-beta-fb,arm,4,,SUCCESS,1,7.3944,7.0167,15,1331,12.2334,911,
Z12,180,0.055865921787709494,101,p3-mm-beta-fb,arm,1,,SUCCESS,1,7.5,7.1444,17,1350,14.0247,911,
Z12,180,0.055865921787709494,102,p3-mm-beta-fb,arm,0,,SUCCESS,1,7.4556,7.1,17,1342,11.0442,877,
Z12,180,0.055865921787709494,102,p3-mm-beta,arm,2,,SUCCESS,1,7.4222,7.0778,16,1336,12.0786,877,
Z12,180,0.055865921787709494,101,p3-mm-beta,arm,2,,SUCCESS,1,7.0889,6.7944,15,1276,18.6536,911,
Z12,180,0.055865921787709494,102,p3-mm-beta-fb,arm,2,,SUCCESS,1,7.4222,7.0778,16,1336,11.9988,877,
Z12,180,0.055865921787709494,103,p3-mm-beta,arm,3,,SUCCESS,1,7.4611,7.1389,16,1343,9.8521,892,
Z12,180,0.055865921787709494,101,p3-mm-beta-fb,arm,3,,SUCCESS,1,7.4278,7.1333,16,1337,15.2985,911,
Z12,180,0.055865921787709494,103,p3-mm-beta-fb,arm,0,,SUCCESS,1,7.2833,6.9611,15,1311,9.1516,892,
Z12,180,0.055865921787709494,102,p3-mm-beta,arm,1,,SUCCESS,1,6.85,6.4833,15,1233,15.7321,877,
Z12,180,0.055865921787709494,101,p3-mm-beta,arm,0,,SUCCESS,1,7.0333,6.7667,15,1266,20.9998,911,
Z12,180,0.055865921787709494,103,p3-mm-beta,arm,4,,SUCCESS,1,7.5389,7.2111,16,1357,12.6642,892,
Z12,180,0.055865921787709494,102,p3-mm-beta-fb,arm,1,,SUCCESS,1,6.85,6.4833,15,1233,15.6984,877,
Z12,180,0.055865921787709494,101,p3-mm-beta-fb,arm,2,,SUCCESS,1,7.0889,6.7944,15,1276,18.6851,911,
Z12,180,0.055865921787709494,103,p3-mm-beta-fb,arm,3,,SUCCESS,1,7.4611,7.1389,16,1343,9.9431,892,
Z12,180,0.055865921787709494,102,p3-mm-beta,arm,3,,SUCCESS,1,7.1222,6.7778,15,1282,17.325,877,
Z12,180,0.055865921787709494,101,p3-mm-beta-fb,arm,0,,SUCCESS,1,7.0333,6.7667,15,1266,21.0428,911,
Z12,180,0.055865921787709494,102,p3-mm-beta-fb,arm,3,,SUCCESS,1,7.1222,6.7778,15,1282,17.3103,877,
Z12,180,0.055865921787709494,103,p3-mm-beta,arm,2,,SUCCESS,1,7.05,6.6833,15,1269,15.2049,892,
Z12,180,0.055865921787709494,104,p3-mm-beta,arm,3,,SUCCESS,1,8.0111,7.6389,16,1442,10.1806,923,
Z12,180,0.055865921787709494,103,p3-mm-beta-fb,arm,4,,SUCCESS,1,7.5389,7.2111,16,1357,12.463,892,
Z12,180,0.055865921787709494,103,p3-mm-beta,arm,1,,SUCCESS,1,7.15,6.9111,14,1287,17.895,892,
Z12,180,0.055865921787709494,104,p3-mm-beta-fb,arm,3,,SUCCESS,1,8.0111,7.6389,16,1442,9.9322,923,
Z12,180,0.055865921787709494,104,p3-mm-beta,arm,1,,SUCCESS,1,7.0611,6.8111,16,1271,13.5376,923,
Z12,180,0.055865921787709494,103,p3-mm-beta-fb,arm,2,,SUCCESS,1,7.05,6.6833,15,1269,15.2046,892,
Z12,180,0.055865921787709494,103,p3-mm-beta-fb,arm,1,,SUCCESS,1,7.15,6.9111,14,1287,17.6712,892,
Z12,180,0.055865921787709494,104,p3-mm-beta-fb,arm,1,,SUCCESS,1,7.0611,6.8111,16,1271,13.6218,923,
Z12,180,0.055865921787709494,105,p3-mm-beta,arm,3,,SUCCESS,1,7.7333,7.4333,18,1392,11.1322,921,
Z12,180,0.055865921787709494,105,p3-mm-beta-fb,arm,3,,SUCCESS,1,7.7333,7.4333,18,1392,11.2302,921,
Z12,180,0.055865921787709494,104,p3-mm-beta,arm,4,,SUCCESS,1,6.85,6.5667,15,1233,17.794,923,
Z12,180,0.055865921787709494,105,p3-mm-beta,arm,1,,SUCCESS,1,7.6556,7.35,16,1378,15.2812,921,
Z12,180,0.055865921787709494,104,p3-mm-beta-fb,arm,4,,SUCCESS,1,6.85,6.5667,15,1233,17.6981,923,
Z12,180,0.055865921787709494,105,p3-mm-beta-fb,arm,1,,SUCCESS,1,7.6556,7.35,16,1378,15.14,921,
Z12,180,0.055865921787709494,104,p3-mm-beta,arm,0,,SUCCESS,1,7.1444,6.8833,15,1286,23.1475,923,
Z12,180,0.055865921787709494,105,p3-mm-beta,arm,4,,SUCCESS,1,7.4278,7.1556,16,1337,18.4725,921,
Z12,180,0.055865921787709494,104,p3-mm-beta-fb,arm,0,,SUCCESS,1,7.1444,6.8833,15,1286,22.8803,923,
Z12,180,0.055865921787709494,105,p3-mm-beta,arm,2,,SUCCESS,1,6.9278,6.7111,14,1247,20.8317,921,
Z12,180,0.055865921787709494,105,p3-mm-beta-fb,arm,4,,SUCCESS,1,7.4278,7.1556,16,1337,18.6454,921,
Z12,180,0.055865921787709494,105,p3-mm-beta-fb,arm,2,,SUCCESS,1,6.9278,6.7111,14,1247,20.7107,921,
Z12,180,0.055865921787709494,104,p3-mm-beta,arm,2,,SUCCESS,1,7.2167,6.9167,16,1299,28.4494,923,
Z12,180,0.055865921787709494,104,p3-mm-beta-fb,arm,2,,SUCCESS,1,7.2167,6.9167,16,1299,28.3081,923,
Z12,180,0.055865921787709494,105,p3-mm-beta,arm,0,,SUCCESS,1,7.4833,7.1444,16,1347,46.0469,921,
Z12,180,0.055865921787709494,105,p3-mm-beta-fb,arm,0,,SUCCESS,1,7.9444,7.5556,17,1430,46.3569,921,
