topo,n,p,inst_seed,base_seed,mode,status,success,acl,acl_spur,max_chain,qubits,wall,winner,n_edges,err,arm_meta
Z12,160,0.05,101,4,race8-seq,SUCCESS,1,4.825,4.7125,11,772,60.0499,mm[2]@q2,637,,"{""final_survivor"":2,""elapsed_s"":60.049,""terminal_polish_s"":null,""arms"":{""0"":[""template"",""floor"",7.1937],""1"":[""mm"",""dropped:r1"",5.5187],""2"":[""mm"",""final"",4.825],""3"":[""mm"",""dropped:r3"",4.925],""4"":[""mm"",""dropped:r2"",5.1063],""5"":[""cuthill"",""dropped:r2"",4.9437],""6"":[""clmm"",""dropped:r1"",5.7],""7"":[""clmm-core"",""dropped:r1"",5.6188]}}"
Z12,160,0.05,101,4,race9-seq,SUCCESS,1,4.8625,4.6875,10,778,60.0632,mm-beta[8]@q1,637,,"{""final_survivor"":8,""elapsed_s"":60.063,""terminal_polish_s"":0.0,""arms"":{""0"":[""template"",""floor"",7.1937],""1"":[""mm"",""dropped:r1"",5.5187],""2"":[""mm"",""dropped:r2"",5.1937],""3"":[""mm"",""survivor"",4.9313],""4"":[""mm"",""dropped:r1"",5.375],""5"":[""cuthill"",""dropped:r2"",4.9437],""6"":[""clmm"",""dropped:r1"",5.7],""7"":[""clmm-core"",""dropped:r1"",5.6188],""8"":[""mm-beta"",""final"",4.8625]}}"
Z12,160,0.05,101,4,race8-par,SUCCESS,1,4.725,4.6063,9,756,60.0346,mm[4]@final12,637,,"{""final_survivor"":4,""elapsed_s"":60.034,""terminal_polish_s"":null,""arms"":{""0"":[""template"",""floor"",7.1937],""1"":[""mm"",""dropped:r1"",5.5187],""2"":[""mm"",""dropped:r2"",5.0563],""3"":[""mm"",""dropped:r3"",4.9313],""4"":[""mm"",""final"",4.725],""5"":[""cuthill"",""dropped:r2"",4.9437],""6"":[""clmm"",""dropped:r1"",5.7],""7"":[""clmm-core"",""dropped:r1"",5.6188]}}"
Z12,160,0.05,101,4,race9-par,SUCCESS,1,4.55,4.4437,9,728,60.0469,mm-beta[8]@final10,637,,"{""final_survivor"":8,""elapsed_s"":60.046,""terminal_polish_s"":0.0,""arms"":{""0"":[""template"",""floor"",7.1937],""1"":[""mm"",""dropped:r1"",5.5187],""2"":[""mm"",""dropped:r1"",5.4313],""3"":[""mm"",""dropped:r2"",5.1437],""4"":[""mm"",""dropped:r3"",4.8937],""5"":[""cuthill"",""dropped:r2"",4.9437],""6"":[""clmm"",""dropped:r1"",5.7],""7"":[""clmm-core"",""dropped:r1"",5.775],""8"":[""mm-beta"",""final"",4.55]}}"
Z12,160,0.05,101,0,race8-seq,SUCCESS,1,4.8187,4.65,11,771,60.0145,mm[3]@q3,637,,"{""final_survivor"":3,""elapsed_s"":60.014,""terminal_polish_s"":null,""arms"":{""0"":[""template"",""floor"",7.1937],""1"":[""mm"",""dropped:r2"",5.05],""2"":[""mm"",""dropped:r1"",5.4688],""3"":[""mm"",""final"",4.8187],""4"":[""mm"",""dropped:r2"",5.0625],""5"":[""cuthill"",""dropped:r3"",4.9188],""6"":[""clmm"",""dropped:r1"",5.7125],""7"":[""clmm-core"",""dropped:r1"",6.5062]}}"
Z12,160,0.05,101,0,race9-seq,SUCCESS,1,4.675,4.5812,10,748,60.0956,mm-beta[8]@q2,637,,"{""final_survivor"":8,""elapsed_s"":60.095,""terminal_polish_s"":0.0,""arms"":{""0"":[""template"",""floor"",7.1937],""1"":[""mm"",""dropped:r1"",5.3438],""2"":[""mm"",""dropped:r1"",5.4688],""3"":[""mm"",""survivor"",4.9813],""4"":[""mm"",""dropped:r2"",5.0625],""5"":[""cuthill"",""dropped:r2"",5.3312],""6"":[""clmm"",""dropped:r1"",5.7125],""7"":[""clmm-core"",""dropped:r1"",6.5062],""8"":[""mm-beta"",""final"",4.675]}}"
Z12,160,0.05,101,0,race8-par,SUCCESS,1,4.6813,4.6,9,749,60.0583,mm[1]@final11,637,,"{""final_survivor"":1,""elapsed_s"":60.058,""terminal_polish_s"":null,""arms"":{""0"":[""template"",""floor"",7.1937],""1"":[""mm"",""final"",4.6813],""2"":[""mm"",""dropped:r1"",5.4688],""3"":[""mm"",""dropped:r3"",4.925],""4"":[""mm"",""dropped:r2"",5.0625],""5"":[""cuthill"",""dropped:r2"",4.9813],""6"":[""clmm"",""dropped:r1"",5.7],""7"":[""clmm-core"",""dropped:r1"",6.5062]}}"
Z12,160,0.05,101,0,race9-par,SUCCESS,1,4.675,4.5187,10,748,60.0611,mm-beta[8]@final11,637,,"{""final_survivor"":8,""elapsed_s"":60.061,""terminal_polish_s"":0.0,""arms"":{""0"":[""template"",""floor"",7.1937],""1"":[""mm"",""dropped:r1"",5.45],""2"":[""mm"",""dropped:r1"",5.7438],""3"":[""mm"",""dropped:r3"",4.925],""4"":[""mm"",""dropped:r2"",5.0625],""5"":[""cuthill"",""dropped:r2"",5.2188],""6"":[""clmm"",""dropped:r1"",5.7125],""7"":[""clmm-core"",""dropped:r1"",6.5062],""8"":[""mm-beta"",""final"",4.675]}}"
Z12,160,0.05,101,3,race8-seq,SUCCESS,1,4.7875,4.675,10,766,60.0735,mm[3]@q1,637,,"{""final_survivor"":3,""elapsed_s"":60.073,""terminal_polish_s"":null,""arms"":{""0"":[""template"",""floor"",7.1937],""1"":[""mm"",""dropped:r3"",4.8375],""2"":[""mm"",""dropped:r1"",5.3875],""3"":[""mm"",""final"",4.7875],""4"":[""mm"",""dropped:r2"",5.0563],""5"":[""cuthill"",""dropped:r2"",5.0062],""6"":[""clmm"",""dropped:r1"",5.975],""7"":[""clmm-core"",""dropped:r1"",5.3625]}}"
Z12,160,0.05,101,3,race9-seq,SUCCESS,1,4.7062,4.5375,11,753,60.0396,mm-beta[8]@q2,637,,"{""final_survivor"":8,""elapsed_s"":60.039,""terminal_polish_s"":0.0,""arms"":{""0"":[""template"",""floor"",7.1937],""1"":[""mm"",""dropped:r2"",4.8375],""2"":[""mm"",""dropped:r1"",5.3875],""3"":[""mm"",""survivor"",4.7875],""4"":[""mm"",""dropped:r1"",5.2938],""5"":[""cuthill"",""dropped:r2"",5.0938],""6"":[""clmm"",""dropped:r1"",5.975],""7"":[""clmm-core"",""dropped:r1"",5.3625],""8"":[""mm-beta"",""final"",4.7062]}}"
Z12,160,0.05,101,3,race8-par,SUCCESS,1,4.4562,4.3187,9,713,60.0687,mm[3]@final3,637,,"{""final_survivor"":3,""elapsed_s"":60.068,""terminal_polish_s"":null,""arms"":{""0"":[""template"",""floor"",7.1937],""1"":[""mm"",""dropped:r3"",5.0],""2"":[""mm"",""dropped:r1"",5.3875],""3"":[""mm"",""final"",4.4562],""4"":[""mm"",""dropped:r2"",5.0563],""5"":[""cuthill"",""dropped:r2"",5.0938],""6"":[""clmm"",""dropped:r1"",5.975],""7"":[""clmm-core"",""dropped:r1"",5.4375]}}"
Z12,160,0.05,101,3,race9-par,SUCCESS,1,4.4562,4.3187,9,713,60.0835,mm[3]@final3,637,,"{""final_survivor"":3,""elapsed_s"":60.083,""terminal_polish_s"":0.0,""arms"":{""0"":[""template"",""floor"",7.1937],""1"":[""mm"",""dropped:r2"",5.0687],""2"":[""mm"",""dropped:r1"",5.5],""3"":[""mm"",""final"",4.4562],""4"":[""mm"",""dropped:r1"",5.2938],""5"":[""cuthill"",""dropped:r2"",5.0938],""6"":[""clmm"",""dropped:r1"",5.975],""7"":[""clmm-core"",""dropped:r1"",5.4375],""8"":[""mm-beta"",""dropped:r3"",4.7]}}"
Z12,160,0.05,101,1,race8-seq,SUCCESS,1,4.6688,4.5375,9,747,60.0326,mm[1]@q3,637,,"{""final_survivor"":1,""elapsed_s"":60.032,""terminal_polish_s"":null,""arms"":{""0"":[""template"",""floor"",7.1937],""1"":[""mm"",""final"",4.6688],""2"":[""mm"",""dropped:r2"",5.025],""3"":[""mm"",""dropped:r3"",4.85],""4"":[""mm"",""dropped:r1"",5.3312],""5"":[""cuthill"",""dropped:r2"",5.0125],""6"":[""clmm"",""dropped:r1"",5.4625],""7"":[""clmm-core"",""dropped:r1"",5.6312]}}"
Z12,160,0.05,101,1,race9-seq,SUCCESS,1,4.6437,4.5438,10,743,60.0711,mm[1]@q2,637,,"{""final_survivor"":1,""elapsed_s"":60.07,""terminal_polish_s"":0.0,""arms"":{""0"":[""template"",""floor"",7.1937],""1"":[""mm"",""final"",4.6437],""2"":[""mm"",""dropped:r2"",5.1437],""3"":[""mm"",""dropped:r3"",4.85],""4"":[""mm"",""dropped:r1"",5.3312],""5"":[""cuthill"",""dropped:r2"",5.0125],""6"":[""clmm"",""dropped:r1"",5.4625],""7"":[""clmm-core"",""dropped:r1"",5.6312],""8"":[""mm-beta"",""legalize-failed"",null]}}"
Z12,160,0.05,101,1,race8-par,SUCCESS,1,4.5812,4.5062,9,733,60.0784,mm[3]@final6,637,,"{""final_survivor"":3,""elapsed_s"":60.078,""terminal_polish_s"":null,""arms"":{""0"":[""template"",""floor"",7.1937],""1"":[""mm"",""dropped:r3"",4.7938],""2"":[""mm"",""dropped:r1"",5.5062],""3"":[""mm"",""final"",4.5812],""4"":[""mm"",""dropped:r1"",5.6],""5"":[""cuthill"",""dropped:r2"",5.0062],""6"":[""clmm"",""dropped:r2"",5.4437],""7"":[""clmm-core"",""dropped:r1"",5.6937]}}"
Z12,160,0.05,101,1,race9-par,SUCCESS,1,4.5812,4.5062,9,733,60.0952,mm[3]@final6,637,,"{""final_survivor"":3,""elapsed_s"":60.095,""terminal_polish_s"":0.0,""arms"":{""0"":[""template"",""floor"",7.1937],""1"":[""mm"",""dropped:r3"",4.7938],""2"":[""mm"",""dropped:r1"",5.5062],""3"":[""mm"",""final"",4.5812],""4"":[""mm"",""dropped:r1"",5.6],""5"":[""cuthill"",""dropped:r2"",4.875],""6"":[""clmm"",""dropped:r2"",5.4437],""7"":[""clmm-core"",""dropped:r1"",5.6937],""8"":[""mm-beta"",""legalize-failed"",null]}}"
Z12,160,0.05,101,2,race8-seq,SUCCESS,1,4.5875,4.475,10,734,60.0728,mm[2]@q3,637,,"{""final_survivor"":2,""elapsed_s"":60.072,""terminal_polish_s"":null,""arms"":{""0"":[""template"",""floor"",7.1937],""1"":[""mm"",""dropped:r1"",5.4188],""2"":[""mm"",""final"",4.5875],""3"":[""mm"",""dropped:r2"",5.0187],""4"":[""mm"",""dropped:r3"",4.9188],""5"":[""cuthill"",""dropped:r2"",4.9813],""6"":[""clmm"",""dropped:r1"",5.925],""7"":[""clmm-core"",""dropped:r1"",5.7375]}}"
Z12,160,0.05,101,2,race9-seq,SUCCESS,1,4.8312,4.6875,11,773,60.0925,mm[2]@q2,637,,"{""final_survivor"":2,""elapsed_s"":60.092,""terminal_polish_s"":0.0,""arms"":{""0"":[""template"",""floor"",7.1937],""1"":[""mm"",""dropped:r1"",5.4188],""2"":[""mm"",""final"",4.8312],""3"":[""mm"",""dropped:r1"",5.3625],""4"":[""mm"",""dropped:r2"",5.325],""5"":[""cuthill"",""dropped:r2"",4.9813],""6"":[""clmm"",""dropped:r1"",5.925],""7"":[""clmm-core"",""dropped:r1"",5.7375],""8"":[""mm-beta"",""survivor"",4.8625]}}"
Z12,160,0.05,101,2,race8-par,SUCCESS,1,4.5875,4.4625,10,734,60.094,mm[2]@final4,637,,"{""final_survivor"":2,""elapsed_s"":60.093,""terminal_polish_s"":null,""arms"":{""0"":[""template"",""floor"",7.1937],""1"":[""mm"",""dropped:r1"",5.4188],""2"":[""mm"",""final"",4.5875],""3"":[""mm"",""dropped:r2"",5.0187],""4"":[""mm"",""dropped:r3"",4.9188],""5"":[""cuthill"",""dropped:r2"",5.0375],""6"":[""clmm"",""dropped:r1"",5.925],""7"":[""clmm-core"",""dropped:r1"",5.7375]}}"
Z12,160,0.05,101,2,race9-par,SUCCESS,1,4.525,4.4125,9,724,60.0351,mm-beta[8]@final6,637,,"{""final_survivor"":8,""elapsed_s"":60.034,""terminal_polish_s"":0.0,""arms"":{""0"":[""template"",""floor"",7.1937],""1"":[""mm"",""dropped:r1"",5.4],""2"":[""mm"",""dropped:r2"",4.9688],""3"":[""mm"",""dropped:r1"",5.3625],""4"":[""mm"",""dropped:r3"",4.9188],""5"":[""cuthill"",""dropped:r2"",5.0375],""6"":[""clmm"",""dropped:r1"",5.925],""7"":[""clmm-core"",""dropped:r1"",5.7375],""8"":[""mm-beta"",""final"",4.525]}}"
Z12,160,0.05,102,0,race8-seq,SUCCESS,1,4.5187,4.3937,9,723,60.0215,mm[1]@q3,612,,"{""final_survivor"":1,""elapsed_s"":60.021,""terminal_polish_s"":null,""arms"":{""0"":[""template"",""floor"",6.8187],""1"":[""mm"",""final"",4.5187],""2"":[""mm"",""dropped:r3"",4.65],""3"":[""mm"",""dropped:r2"",4.8563],""4"":[""mm"",""dropped:r1"",5.0687],""5"":[""cuthill"",""dropped:r2"",4.7812],""6"":[""clmm"",""dropped:r1"",5.7],""7"":[""clmm-core"",""dropped:r1"",4.9437]}}"
Z12,160,0.05,102,0,race9-seq,SUCCESS,1,4.3875,4.2938,9,702,60.0469,mm-beta[8]@q2,612,,"{""final_survivor"":8,""elapsed_s"":60.046,""terminal_polish_s"":0.0,""arms"":{""0"":[""template"",""floor"",6.8187],""1"":[""mm"",""survivor"",4.6],""2"":[""mm"",""dropped:r2"",4.8875],""3"":[""mm"",""dropped:r1"",4.8875],""4"":[""mm"",""dropped:r1"",5.0687],""5"":[""cuthill"",""dropped:r2"",4.7812],""6"":[""clmm"",""dropped:r1"",5.7],""7"":[""clmm-core"",""dropped:r1"",4.9437],""8"":[""mm-beta"",""final"",4.3875]}}"
Z12,160,0.05,102,0,race8-par,SUCCESS,1,4.3563,4.2812,9,697,60.0297,mm[1]@final1,612,,"{""final_survivor"":1,""elapsed_s"":60.029,""terminal_polish_s"":null,""arms"":{""0"":[""template"",""floor"",6.8187],""1"":[""mm"",""final"",4.3563],""2"":[""mm"",""dropped:r3"",4.5687],""3"":[""mm"",""dropped:r2"",4.8563],""4"":[""mm"",""dropped:r1"",5.1375],""5"":[""cuthill"",""dropped:r1"",4.9938],""6"":[""clmm"",""dropped:r1"",5.7],""7"":[""clmm-core"",""dropped:r2"",4.9437]}}"
Z12,160,0.05,102,0,race9-par,SUCCESS,1,4.3,4.225,8,688,60.0546,mm-beta[8]@final4,612,,"{""final_survivor"":8,""elapsed_s"":60.054,""terminal_polish_s"":0.0,""arms"":{""0"":[""template"",""floor"",6.8187],""1"":[""mm"",""dropped:r3"",4.5375],""2"":[""mm"",""dropped:r2"",4.5687],""3"":[""mm"",""dropped:r2"",4.8563],""4"":[""mm"",""dropped:r1"",5.1375],""5"":[""cuthill"",""dropped:r1"",4.9938],""6"":[""clmm"",""dropped:r1"",5.7],""7"":[""clmm-core"",""dropped:r1"",4.9437],""8"":[""mm-beta"",""final"",4.3]}}"
Z12,160,0.05,102,1,race8-seq,SUCCESS,1,4.3125,4.1813,9,690,60.0468,mm[2]@q3,612,,"{""final_survivor"":2,""elapsed_s"":60.046,""terminal_polish_s"":null,""arms"":{""0"":[""template"",""floor"",6.8187],""1"":[""mm"",""dropped:r2"",4.7875],""2"":[""mm"",""final"",4.3125],""3"":[""mm"",""dropped:r1"",5.1937],""4"":[""mm"",""dropped:r2"",4.7812],""5"":[""cuthill"",""dropped:r3"",4.5687],""6"":[""clmm"",""dropped:r1"",5.775],""7"":[""clmm-core"",""dropped:r1"",5.3125]}}"
Z12,160,0.05,102,1,race9-seq,SUCCESS,1,4.5687,4.4062,10,731,60.0893,cuthill[5]@q2,612,,"{""final_survivor"":5,""elapsed_s"":60.089,""terminal_polish_s"":0.0,""arms"":{""0"":[""template"",""floor"",6.8187],""1"":[""mm"",""dropped:r2"",4.7625],""2"":[""mm"",""dropped:r1"",5.1625],""3"":[""mm"",""dropped:r1"",5.1937],""4"":[""mm"",""dropped:r2"",4.8438],""5"":[""cuthill"",""final"",4.5687],""6"":[""clmm"",""dropped:r1"",5.775],""7"":[""clmm-core"",""dropped:r1"",5.3125],""8"":[""mm-beta"",""survivor"",4.6937]}}"
Z12,160,0.05,102,1,race8-par,SUCCESS,1,4.1625,4.1,8,666,60.0273,mm[2]@final5,612,,"{""final_survivor"":2,""elapsed_s"":60.027,""terminal_polish_s"":null,""arms"":{""0"":[""template"",""floor"",6.8187],""1"":[""mm"",""dropped:r2"",5.0],""2"":[""mm"",""final"",4.1625],""3"":[""mm"",""dropped:r1"",5.1937],""4"":[""mm"",""dropped:r2"",4.7812],""5"":[""cuthill"",""dropped:r3"",4.6875],""6"":[""clmm"",""dropped:r1"",5.775],""7"":[""clmm-core"",""dropped:r1"",5.3125]}}"
Z12,160,0.05,102,1,race9-par,SUCCESS,1,4.4938,4.3875,9,719,60.0271,mm-beta[8]@q3,612,,"{""final_survivor"":8,""elapsed_s"":60.026,""terminal_polish_s"":0.0,""arms"":{""0"":[""template"",""floor"",6.8187],""1"":[""mm"",""dropped:r2"",5.0],""2"":[""mm"",""dropped:r1"",5.1625],""3"":[""mm"",""dropped:r1"",5.1937],""4"":[""mm"",""dropped:r2"",4.85],""5"":[""cuthill"",""dropped:r3"",4.6875],""6"":[""clmm"",""dropped:r1"",5.775],""7"":[""clmm-core"",""dropped:r1"",5.3375],""8"":[""mm-beta"",""final"",4.4938]}}"
Z12,160,0.05,102,3,race8-seq,SUCCESS,1,4.4938,4.3563,9,719,60.0309,mm[2]@q3,612,,"{""final_survivor"":2,""elapsed_s"":60.03,""terminal_polish_s"":null,""arms"":{""0"":[""template"",""floor"",6.8187],""1"":[""mm"",""dropped:r3"",4.7938],""2"":[""mm"",""final"",4.4938],""3"":[""mm"",""dropped:r2"",4.7938],""4"":[""mm"",""dropped:r1"",5.125],""5"":[""cuthill"",""dropped:r2"",4.8563],""6"":[""clmm"",""dropped:r1"",5.2375],""7"":[""clmm-core"",""dropped:r1"",5.1188]}}"
Z12,160,0.05,102,3,race9-seq,SUCCESS,1,4.6188,4.4875,11,739,60.0482,mm-beta[8]@q2,612,,"{""final_survivor"":8,""elapsed_s"":60.048,""terminal_polish_s"":0.0,""arms"":{""0"":[""template"",""floor"",6.8187],""1"":[""mm"",""dropped:r2"",4.7938],""2"":[""mm"",""dropped:r1"",4.9313],""3"":[""mm"",""survivor"",4.75],""4"":[""mm"",""dropped:r1"",5.125],""5"":[""cuthill"",""dropped:r2"",4.8563],""6"":[""clmm"",""dropped:r1"",5.2375],""7"":[""clmm-core"",""dropped:r1"",5.1188],""8"":[""mm-beta"",""final"",4.6188]}}"
Z12,160,0.05,102,3,race8-par,SUCCESS,1,4.3438,4.2938,9,695,60.0399,mm[2]@final7,612,,"{""final_survivor"":2,""elapsed_s"":60.039,""terminal_polish_s"":null,""arms"":{""0"":[""template"",""floor"",6.8187],""1"":[""mm"",""dropped:r2"",4.8875],""2"":[""mm"",""final"",4.3438],""3"":[""mm"",""dropped:r3"",4.7687],""4"":[""mm"",""dropped:r1"",5.125],""5"":[""cuthill"",""dropped:r2"",4.8563],""6"":[""clmm"",""dropped:r1"",5.4437],""7"":[""clmm-core"",""dropped:r1"",5.1188]}}"
Z12,160,0.05,102,3,race9-par,SUCCESS,1,4.45,4.3625,9,712,60.0537,mm[2]@final1,612,,"{""final_survivor"":2,""elapsed_s"":60.053,""terminal_polish_s"":0.0,""arms"":{""0"":[""template"",""floor"",6.8187],""1"":[""mm"",""dropped:r2"",4.8875],""2"":[""mm"",""final"",4.45],""3"":[""mm"",""dropped:r1"",5.1188],""4"":[""mm"",""dropped:r1"",5.125],""5"":[""cuthill"",""dropped:r3"",4.6813],""6"":[""clmm"",""dropped:r1"",5.4437],""7"":[""clmm-core"",""dropped:r1"",5.1188],""8"":[""mm-beta"",""dropped:r2"",4.85]}}"
Z12,160,0.05,102,2,race8-seq,SUCCESS,1,4.6937,4.5187,10,751,60.0704,mm[4]@q2,612,,"{""final_survivor"":4,""elapsed_s"":60.07,""terminal_polish_s"":null,""arms"":{""0"":[""template"",""floor"",6.8187],""1"":[""mm"",""dropped:r2"",5.1813],""2"":[""mm"",""dropped:r3"",4.8063],""3"":[""mm"",""dropped:r2"",4.95],""4"":[""mm"",""final"",4.6937],""5"":[""cuthill"",""dropped:r1"",5.3563],""6"":[""clmm"",""dropped:r1"",5.6063],""7"":[""clmm-core"",""dropped:r1"",5.4625]}}"
Z12,160,0.05,102,2,race9-seq,SUCCESS,1,4.6875,4.5875,9,750,60.021,mm-beta[8]@q1,612,,"{""final_survivor"":8,""elapsed_s"":60.021,""terminal_polish_s"":0.0,""arms"":{""0"":[""template"",""floor"",6.8187],""1"":[""mm"",""dropped:r2"",5.1813],""2"":[""mm"",""dropped:r2"",4.8063],""3"":[""mm"",""dropped:r1"",5.2562],""4"":[""mm"",""survivor"",4.6937],""5"":[""cuthill"",""dropped:r1"",5.3563],""6"":[""clmm"",""dropped:r1"",5.6063],""7"":[""clmm-core"",""dropped:r1"",5.4625],""8"":[""mm-beta"",""final"",4.6875]}}"
Z12,160,0.05,102,2,race8-par,SUCCESS,1,4.4125,4.3063,9,706,60.0761,mm[3]@final11,612,,"{""final_survivor"":3,""elapsed_s"":60.075,""terminal_polish_s"":null,""arms"":{""0"":[""template"",""floor"",6.8187],""1"":[""mm"",""dropped:r2"",5.1813],""2"":[""mm"",""dropped:r1"",5.4625],""3"":[""mm"",""final"",4.4125],""4"":[""mm"",""dropped:r3"",4.6937],""5"":[""cuthill"",""dropped:r2"",5.0312],""6"":[""clmm"",""dropped:r1"",5.6063],""7"":[""clmm-core"",""dropped:r1"",5.4625]}}"
Z12,160,0.05,102,2,race9-par,SUCCESS,1,4.575,4.4688,9,732,60.0398,mm-beta[8]@q3,612,,"{""final_survivor"":8,""elapsed_s"":60.039,""terminal_polish_s"":0.0,""arms"":{""0"":[""template"",""floor"",6.8187],""1"":[""mm"",""dropped:r2"",5.1813],""2"":[""mm"",""dropped:r1"",5.4625],""3"":[""mm"",""dropped:r2"",4.8625],""4"":[""mm"",""dropped:r3"",4.6937],""5"":[""cuthill"",""dropped:r1"",5.3563],""6"":[""clmm"",""dropped:r1"",5.6063],""7"":[""clmm-core"",""dropped:r1"",5.4625],""8"":[""mm-beta"",""final"",4.575]}}"
Z12,160,0.05,102,4,race8-seq,SUCCESS,1,4.5312,4.4688,10,725,60.0892,mm[3]@q3,612,,"{""final_survivor"":3,""elapsed_s"":60.089,""terminal_polish_s"":null,""arms"":{""0"":[""template"",""floor"",6.8187],""1"":[""mm"",""dropped:r1"",5.5187],""2"":[""mm"",""dropped:r2"",4.875],""3"":[""mm"",""final"",4.5312],""4"":[""mm"",""dropped:r3"",4.8625],""5"":[""cuthill"",""dropped:r2"",4.9],""6"":[""clmm"",""dropped:r1"",5.3688],""7"":[""clmm-core"",""dropped:r1"",5.475]}}"
Z12,160,0.05,102,4,race9-seq,SUCCESS,1,4.675,4.5563,10,748,60.0897,mm-beta[8]@q2,612,,"{""final_survivor"":8,""elapsed_s"":60.089,""terminal_polish_s"":0.0,""arms"":{""0"":[""template"",""floor"",6.8187],""1"":[""mm"",""dropped:r1"",5.5187],""2"":[""mm"",""survivor"",4.875],""3"":[""mm"",""dropped:r1"",5.1437],""4"":[""mm"",""dropped:r2"",5.0625],""5"":[""cuthill"",""dropped:r2"",4.9],""6"":[""clmm"",""dropped:r1"",5.3688],""7"":[""clmm-core"",""dropped:r1"",5.475],""8"":[""mm-beta"",""final"",4.675]}}"
Z12,160,0.05,102,4,race8-par,SUCCESS,1,4.3812,4.2625,9,701,60.0368,mm[3]@final4,612,,"{""final_survivor"":3,""elapsed_s"":60.036,""terminal_polish_s"":null,""arms"":{""0"":[""template"",""floor"",6.8187],""1"":[""mm"",""dropped:r1"",5.5187],""2"":[""mm"",""dropped:r2"",4.875],""3"":[""mm"",""final"",4.3812],""4"":[""mm"",""dropped:r3"",4.8625],""5"":[""cuthill"",""dropped:r2"",4.9],""6"":[""clmm"",""dropped:r1"",5.3688],""7"":[""clmm-core"",""dropped:r1"",5.475]}}"
Z12,160,0.05,102,4,race9-par,SUCCESS,1,4.3875,4.2687,9,702,60.071,mm-beta[8]@final7,612,,"{""final_survivor"":8,""elapsed_s"":60.07,""terminal_polish_s"":0.0,""arms"":{""0"":[""template"",""floor"",6.8187],""1"":[""mm"",""dropped:r1"",5.5187],""2"":[""mm"",""dropped:r2"",4.8875],""3"":[""mm"",""dropped:r1"",5.1437],""4"":[""mm"",""dropped:r3"",4.8625],""5"":[""cuthill"",""dropped:r2"",4.9],""6"":[""clmm"",""dropped:r1"",5.3688],""7"":[""clmm-core"",""dropped:r1"",5.65],""8"":[""mm-beta"",""final"",4.3875]}}"
Z12,160,0.05,103,0,race8-seq,SUCCESS,1,4.575,4.4688,10,732,60.0136,mm[4]@q3,633,,"{""final_survivor"":4,""elapsed_s"":60.013,""terminal_polish_s"":null,""arms"":{""0"":[""template"",""floor"",6.6312],""1"":[""mm"",""dropped:r2"",5.0125],""2"":[""mm"",""dropped:r2"",5.0563],""3"":[""mm"",""dropped:r1"",5.3063],""4"":[""mm"",""final"",4.575],""5"":[""cuthill"",""dropped:r3"",4.825],""6"":[""clmm"",""dropped:r1"",5.2],""7"":[""clmm-core"",""dropped:r1"",5.7188]}}"
Z12,160,0.05,103,0,race9-seq,SUCCESS,1,4.7125,4.6063,10,754,60.033,mm[4]@q2,633,,"{""final_survivor"":4,""elapsed_s"":60.033,""terminal_polish_s"":0.0,""arms"":{""0"":[""template"",""floor"",6.6312],""1"":[""mm"",""dropped:r2"",5.1312],""2"":[""mm"",""dropped:r2"",5.0563],""3"":[""mm"",""dropped:r1"",5.3063],""4"":[""mm"",""final"",4.7125],""5"":[""cuthill"",""survivor"",4.825],""6"":[""clmm"",""dropped:r1"",5.2],""7"":[""clmm-core"",""dropped:r1"",5.7188],""8"":[""mm-beta"",""dropped:r1"",5.4188]}}"
Z12,160,0.05,103,0,race8-par,SUCCESS,1,4.4313,4.3438,9,709,60.0687,mm[4]@final3,633,,"{""final_survivor"":4,""elapsed_s"":60.068,""terminal_polish_s"":null,""arms"":{""0"":[""template"",""floor"",6.6312],""1"":[""mm"",""dropped:r1"",5.2125],""2"":[""mm"",""dropped:r2"",5.0563],""3"":[""mm"",""dropped:r1"",5.3063],""4"":[""mm"",""final"",4.4313],""5"":[""cuthill"",""dropped:r3"",4.825],""6"":[""clmm"",""dropped:r2"",5.2],""7"":[""clmm-core"",""dropped:r1"",5.9]}}"
Z12,160,0.05,103,0,race9-par,SUCCESS,1,4.4313,4.3438,9,709,60.0417,mm[4]@final3,633,,"{""final_survivor"":4,""elapsed_s"":60.041,""terminal_polish_s"":0.0,""arms"":{""0"":[""template"",""floor"",6.6312],""1"":[""mm"",""dropped:r1"",5.2125],""2"":[""mm"",""dropped:r2"",5.0563],""3"":[""mm"",""dropped:r1"",5.3063],""4"":[""mm"",""final"",4.4313],""5"":[""cuthill"",""dropped:r3"",4.7],""6"":[""clmm"",""dropped:r2"",5.2],""7"":[""clmm-core"",""dropped:r1"",5.9],""8"":[""mm-beta"",""dropped:r1"",5.2313]}}"
Z12,160,0.05,103,1,race8-seq,SUCCESS,1,4.6937,4.55,10,751,60.0434,mm[4]@q3,633,,"{""final_survivor"":4,""elapsed_s"":60.043,""terminal_polish_s"":null,""arms"":{""0"":[""template"",""floor"",6.6312],""1"":[""mm"",""dropped:r2"",5.125],""2"":[""mm"",""dropped:r2"",5.0375],""3"":[""mm"",""dropped:r1"",5.3063],""4"":[""mm"",""final"",4.6937],""5"":[""cuthill"",""dropped:r3"",4.7938],""6"":[""clmm"",""dropped:r1"",5.5],""7"":[""clmm-core"",""dropped:r1"",6.425]}}"
Z12,160,0.05,103,1,race9-seq,SUCCESS,1,4.6937,4.55,10,751,60.0376,mm-beta[8]@q2,633,,"{""final_survivor"":8,""elapsed_s"":60.037,""terminal_polish_s"":0.0,""arms"":{""0"":[""template"",""floor"",6.6312],""1"":[""mm"",""dropped:r2"",5.125],""2"":[""mm"",""dropped:r2"",5.1875],""3"":[""mm"",""dropped:r1"",5.3063],""4"":[""mm"",""dropped:r1"",5.2],""5"":[""cuthill"",""survivor"",4.8312],""6"":[""clmm"",""dropped:r1"",5.5],""7"":[""clmm-core"",""dropped:r1"",6.425],""8"":[""mm-beta"",""final"",4.6937]}}"
Z12,160,0.05,103,1,race8-par,SUCCESS,1,4.6125,4.4875,10,738,60.0257,mm[4]@final1,633,,"{""final_survivor"":4,""elapsed_s"":60.025,""terminal_polish_s"":null,""arms"":{""0"":[""template"",""floor"",6.6312],""1"":[""mm"",""dropped:r2"",5.125],""2"":[""mm"",""dropped:r2"",5.1875],""3"":[""mm"",""dropped:r1"",5.3063],""4"":[""mm"",""final"",4.6125],""5"":[""cuthill"",""dropped:r3"",4.8125],""6"":[""clmm"",""dropped:r1"",5.55],""7"":[""clmm-core"",""dropped:r1"",6.425]}}"
Z12,160,0.05,103,1,race9-par,SUCCESS,1,4.775,4.65,10,764,60.0321,cuthill[5]@final1,633,,"{""final_survivor"":5,""elapsed_s"":60.031,""terminal_polish_s"":0.0,""arms"":{""0"":[""template"",""floor"",6.6312],""1"":[""mm"",""dropped:r2"",5.125],""2"":[""mm"",""dropped:r1"",5.3063],""3"":[""mm"",""dropped:r1"",5.3063],""4"":[""mm"",""dropped:r2"",4.9875],""5"":[""cuthill"",""final"",4.775],""6"":[""clmm"",""dropped:r1"",5.55],""7"":[""clmm-core"",""dropped:r1"",6.425],""8"":[""mm-beta"",""dropped:r3"",4.8125]}}"
Z12,160,0.05,103,2,race8-seq,SUCCESS,1,4.6937,4.5375,9,751,60.0174,mm[4]@q3,633,,"{""final_survivor"":4,""elapsed_s"":60.017,""terminal_polish_s"":null,""arms"":{""0"":[""template"",""floor"",6.6312],""1"":[""mm"",""dropped:r2"",4.8625],""2"":[""mm"",""dropped:r1"",5.6],""3"":[""mm"",""dropped:r3"",4.8375],""4"":[""mm"",""final"",4.6937],""5"":[""cuthill"",""dropped:r2"",4.975],""6"":[""clmm"",""dropped:r1"",5.6937],""7"":[""clmm-core"",""dropped:r1"",5.8438]}}"
Z12,160,0.05,103,2,race9-seq,SUCCESS,1,4.7625,4.6562,10,762,60.0592,mm[4]@q2,633,,"{""final_survivor"":4,""elapsed_s"":60.059,""terminal_polish_s"":0.0,""arms"":{""0"":[""template"",""floor"",6.6312],""1"":[""mm"",""survivor"",4.8625],""2"":[""mm"",""dropped:r1"",5.6],""3"":[""mm"",""dropped:r2"",4.8625],""4"":[""mm"",""final"",4.7625],""5"":[""cuthill"",""dropped:r2"",4.975],""6"":[""clmm"",""dropped:r1"",5.6937],""7"":[""clmm-core"",""dropped:r1"",5.8438],""8"":[""mm-beta"",""dropped:r1"",5.2]}}"
Z12,160,0.05,103,2,race8-par,SUCCESS,1,4.5312,4.4562,9,725,60.0588,mm[4]@final12,633,,"{""final_survivor"":4,""elapsed_s"":60.058,""terminal_polish_s"":null,""arms"":{""0"":[""template"",""floor"",6.6312],""1"":[""mm"",""dropped:r2"",5.0],""2"":[""mm"",""dropped:r1"",5.6],""3"":[""mm"",""dropped:r3"",4.8],""4"":[""mm"",""final"",4.5312],""5"":[""cuthill"",""dropped:r2"",4.975],""6"":[""clmm"",""dropped:r1"",5.6937],""7"":[""clmm-core"",""dropped:r1"",5.8438]}}"
Z12,160,0.05,103,2,race9-par,SUCCESS,1,4.55,4.4938,9,728,60.025,mm-beta[8]@final6,633,,"{""final_survivor"":8,""elapsed_s"":60.024,""terminal_polish_s"":0.0,""arms"":{""0"":[""template"",""floor"",6.6312],""1"":[""mm"",""dropped:r2"",5.0],""2"":[""mm"",""dropped:r1"",5.6],""3"":[""mm"",""dropped:r1"",5.1813],""4"":[""mm"",""dropped:r3"",4.7875],""5"":[""cuthill"",""dropped:r2"",4.975],""6"":[""clmm"",""dropped:r1"",5.6937],""7"":[""clmm-core"",""dropped:r1"",5.8438],""8"":[""mm-beta"",""final"",4.55]}}"
Z12,160,0.05,103,4,race8-seq,SUCCESS,1,4.5875,4.3937,10,734,60.0271,mm[1]@q3,633,,"{""final_survivor"":1,""elapsed_s"":60.027,""terminal_polish_s"":null,""arms"":{""0"":[""template"",""floor"",6.6312],""1"":[""mm"",""final"",4.5875],""2"":[""mm"",""dropped:r3"",4.875],""3"":[""mm"",""dropped:r1"",5.375],""4"":[""mm"",""dropped:r1"",5.4625],""5"":[""cuthill"",""dropped:r2"",5.0438],""6"":[""clmm"",""dropped:r2"",5.2938],""7"":[""clmm-core"",""dropped:r1"",6.3563]}}"
Z12,160,0.05,103,4,race9-seq,SUCCESS,1,4.6,4.4375,10,736,60.0367,mm[1]@q2,633,,"{""final_survivor"":1,""elapsed_s"":60.036,""terminal_polish_s"":0.0,""arms"":{""0"":[""template"",""floor"",6.6312],""1"":[""mm"",""final"",4.6],""2"":[""mm"",""dropped:r2"",4.875],""3"":[""mm"",""dropped:r1"",5.375],""4"":[""mm"",""dropped:r1"",5.4625],""5"":[""cuthill"",""dropped:r2"",5.2188],""6"":[""clmm"",""dropped:r1"",5.3125],""7"":[""clmm-core"",""dropped:r1"",6.3563],""8"":[""mm-beta"",""survivor"",4.775]}}"
Z12,160,0.05,103,4,race8-par,SUCCESS,1,4.35,4.2687,8,696,60.0346,mm[1]@final8,633,,"{""final_survivor"":1,""elapsed_s"":60.034,""terminal_polish_s"":null,""arms"":{""0"":[""template"",""floor"",6.6312],""1"":[""mm"",""final"",4.35],""2"":[""mm"",""dropped:r3"",4.6937],""3"":[""mm"",""dropped:r1"",5.375],""4"":[""mm"",""dropped:r1"",5.4625],""5"":[""cuthill"",""dropped:r2"",5.0438],""6"":[""clmm"",""dropped:r2"",5.2938],""7"":[""clmm-core"",""dropped:r1"",6.3563]}}"
Z12,160,0.05,103,4,race9-par,SUCCESS,1,4.35,4.2687,8,696,60.0217,mm[1]@final8,633,,"{""final_survivor"":1,""elapsed_s"":60.021,""terminal_polish_s"":0.0,""arms"":{""0"":[""template"",""floor"",6.6312],""1"":[""mm"",""final"",4.35],""2"":[""mm"",""dropped:r2"",4.825],""3"":[""mm"",""dropped:r1"",5.375],""4"":[""mm"",""dropped:r1"",5.4625],""5"":[""cuthill"",""dropped:r2"",5.0438],""6"":[""clmm"",""dropped:r1"",5.5438],""7"":[""clmm-core"",""dropped:r1"",6.3563],""8"":[""mm-beta"",""dropped:r3"",4.575]}}"
Z12,160,0.05,103,3,race8-seq,SUCCESS,1,4.6312,4.5375,10,741,60.0306,mm[1]@q2,633,,"{""final_survivor"":1,""elapsed_s"":60.03,""terminal_polish_s"":null,""arms"":{""0"":[""template"",""floor"",6.6312],""1"":[""mm"",""final"",4.6312],""2"":[""mm"",""dropped:r1"",5.3],""3"":[""mm"",""dropped:r3"",4.825],""4"":[""mm"",""dropped:r2"",5.25],""5"":[""cuthill"",""dropped:r2"",5.0938],""6"":[""clmm"",""dropped:r1"",5.7188],""7"":[""clmm-core"",""dropped:r1"",5.8563]}}"
Z12,160,0.05,103,3,race9-seq,SUCCESS,1,4.7062,4.6125,10,753,60.0397,mm-beta[8]@q2,633,,"{""final_survivor"":8,""elapsed_s"":60.039,""terminal_polish_s"":0.0,""arms"":{""0"":[""template"",""floor"",6.6312],""1"":[""mm"",""survivor"",4.825],""2"":[""mm"",""dropped:r1"",5.3],""3"":[""mm"",""dropped:r2"",4.825],""4"":[""mm"",""dropped:r1"",5.2562],""5"":[""cuthill"",""dropped:r2"",5.0938],""6"":[""clmm"",""dropped:r1"",5.7188],""7"":[""clmm-core"",""dropped:r1"",5.8563],""8"":[""mm-beta"",""final"",4.7062]}}"
Z12,160,0.05,103,3,race8-par,SUCCESS,1,4.6813,4.5625,10,749,60.07,mm[2]@q3,633,,"{""final_survivor"":2,""elapsed_s"":60.069,""terminal_polish_s"":null,""arms"":{""0"":[""template"",""floor"",6.6312],""1"":[""mm"",""dropped:r2"",4.9875],""2"":[""mm"",""final"",4.6813],""3"":[""mm"",""dropped:r3"",4.8063],""4"":[""mm"",""dropped:r1"",5.425],""5"":[""cuthill"",""dropped:r2"",5.0938],""6"":[""clmm"",""dropped:r1"",5.7188],""7"":[""clmm-core"",""dropped:r1"",5.9125]}}"
Z12,160,0.05,103,3,race9-par,SUCCESS,1,4.7938,4.6188,9,767,60.0987,mm[3]@final12,633,,"{""final_survivor"":3,""elapsed_s"":60.098,""terminal_polish_s"":0.0,""arms"":{""0"":[""template"",""floor"",6.6312],""1"":[""mm"",""dropped:r2"",4.9875],""2"":[""mm"",""dropped:r1"",5.3],""3"":[""mm"",""final"",4.7938],""4"":[""mm"",""dropped:r1"",5.425],""5"":[""cuthill"",""dropped:r2"",5.0938],""6"":[""clmm"",""dropped:r1"",5.7188],""7"":[""clmm-core"",""dropped:r1"",5.9125],""8"":[""mm-beta"",""dropped:r3"",4.8125]}}"
Z12,160,0.05,104,1,race8-seq,SUCCESS,1,5.05,4.9562,10,808,60.0638,mm[4]@q3,651,,"{""final_survivor"":4,""elapsed_s"":60.063,""terminal_polish_s"":null,""arms"":{""0"":[""template"",""floor"",7.2188],""1"":[""mm"",""dropped:r2"",5.2125],""2"":[""mm"",""dropped:r1"",5.9062],""3"":[""mm"",""dropped:r2"",5.2812],""4"":[""mm"",""final"",5.05],""5"":[""cuthill"",""dropped:r3"",5.1063],""6"":[""clmm"",""dropped:r1"",5.775],""7"":[""clmm-core"",""dropped:r1"",6.1937]}}"
Z12,160,0.05,104,1,race9-seq,SUCCESS,1,4.9938,4.85,10,799,60.0425,mm-beta[8]@q2,651,,"{""final_survivor"":8,""elapsed_s"":60.042,""terminal_polish_s"":0.0,""arms"":{""0"":[""template"",""floor"",7.2188],""1"":[""mm"",""dropped:r2"",5.2125],""2"":[""mm"",""dropped:r1"",5.9062],""3"":[""mm"",""dropped:r1"",5.5563],""4"":[""mm"",""dropped:r2"",5.2562],""5"":[""cuthill"",""survivor"",5.1063],""6"":[""clmm"",""dropped:r1"",5.775],""7"":[""clmm-core"",""dropped:r1"",6.1937],""8"":[""mm-beta"",""final"",4.9938]}}"
Z12,160,0.05,104,1,race8-par,SUCCESS,1,4.8125,4.7125,10,770,60.0775,mm[1]@final9,651,,"{""final_survivor"":1,""elapsed_s"":60.077,""terminal_polish_s"":null,""arms"":{""0"":[""template"",""floor"",7.2188],""1"":[""mm"",""final"",4.8125],""2"":[""mm"",""dropped:r1"",5.9813],""3"":[""mm"",""dropped:r2"",5.2812],""4"":[""mm"",""dropped:r3"",5.0312],""5"":[""cuthill"",""dropped:r2"",5.1063],""6"":[""clmm"",""dropped:r1"",5.775],""7"":[""clmm-core"",""dropped:r1"",6.1937]}}"
Z12,160,0.05,104,1,race9-par,SUCCESS,1,4.8125,4.7125,10,770,60.0434,mm[1]@q3,651,,"{""final_survivor"":1,""elapsed_s"":60.043,""terminal_polish_s"":0.0,""arms"":{""0"":[""template"",""floor"",7.2188],""1"":[""mm"",""final"",4.8125],""2"":[""mm"",""dropped:r1"",6.1688],""3"":[""mm"",""dropped:r2"",5.2812],""4"":[""mm"",""dropped:r3"",4.875],""5"":[""cuthill"",""dropped:r1"",5.725],""6"":[""clmm"",""dropped:r1"",5.775],""7"":[""clmm-core"",""dropped:r1"",6.1937],""8"":[""mm-beta"",""dropped:r2"",5.075]}}"
Z12,160,0.05,104,0,race8-seq,SUCCESS,1,4.85,4.675,10,776,60.0727,mm[4]@q3,651,,"{""final_survivor"":4,""elapsed_s"":60.072,""terminal_polish_s"":null,""arms"":{""0"":[""template"",""floor"",7.2188],""1"":[""mm"",""dropped:r2"",5.1625],""2"":[""mm"",""dropped:r1"",5.775],""3"":[""mm"",""dropped:r2"",5.0375],""4"":[""mm"",""final"",4.85],""5"":[""cuthill"",""dropped:r3"",4.95],""6"":[""clmm"",""dropped:r1"",5.5438],""7"":[""clmm-core"",""dropped:r1"",6.1437]}}"
Z12,160,0.05,104,0,race9-seq,SUCCESS,1,4.7562,4.625,10,761,60.0721,mm-beta[8]@q2,651,,"{""final_survivor"":8,""elapsed_s"":60.072,""terminal_polish_s"":0.0,""arms"":{""0"":[""template"",""floor"",7.2188],""1"":[""mm"",""dropped:r2"",5.1625],""2"":[""mm"",""dropped:r1"",5.775],""3"":[""mm"",""dropped:r1"",5.4875],""4"":[""mm"",""dropped:r2"",5.0],""5"":[""cuthill"",""survivor"",4.95],""6"":[""clmm"",""dropped:r1"",5.5438],""7"":[""clmm-core"",""dropped:r1"",6.1437],""8"":[""mm-beta"",""final"",4.7562]}}"
Z12,160,0.05,104,0,race8-par,SUCCESS,1,4.7438,4.6562,10,759,60.0629,mm[3]@final10,651,,"{""final_survivor"":3,""elapsed_s"":60.062,""terminal_polish_s"":null,""arms"":{""0"":[""template"",""floor"",7.2188],""1"":[""mm"",""dropped:r2"",5.1625],""2"":[""mm"",""dropped:r1"",5.775],""3"":[""mm"",""final"",4.7438],""4"":[""mm"",""dropped:r3"",5.0312],""5"":[""cuthill"",""dropped:r2"",5.0687],""6"":[""clmm"",""dropped:r1"",5.6937],""7"":[""clmm-core"",""dropped:r1"",6.2625]}}"
Z12,160,0.05,104,0,race9-par,SUCCESS,1,4.5812,4.5,9,733,60.0826,mm-beta[8]@final10,651,,"{""final_survivor"":8,""elapsed_s"":60.082,""terminal_polish_s"":0.0,""arms"":{""0"":[""template"",""floor"",7.2188],""1"":[""mm"",""dropped:r2"",5.1625],""2"":[""mm"",""dropped:r1"",5.775],""3"":[""mm"",""dropped:r1"",5.4875],""4"":[""mm"",""dropped:r3"",5.0312],""5"":[""cuthill"",""dropped:r2"",5.0687],""6"":[""clmm"",""dropped:r1"",5.6937],""7"":[""clmm-core"",""dropped:r1"",6.2625],""8"":[""mm-beta"",""final"",4.5812]}}"
Z12,160,0.05,104,2,race8-seq,SUCCESS,1,5.0812,4.9125,11,813,60.0612,mm[2]@q3,651,,"{""final_survivor"":2,""elapsed_s"":60.061,""terminal_polish_s"":null,""arms"":{""0"":[""template"",""floor"",7.2188],""1"":[""mm"",""dropped:r2"",5.3688],""2"":[""mm"",""final"",5.0812],""3"":[""mm"",""dropped:r2"",5.3625],""4"":[""mm"",""dropped:r1"",5.6312],""5"":[""cuthill"",""dropped:r3"",5.1562],""6"":[""clmm"",""dropped:r1"",5.8063],""7"":[""clmm-core"",""dropped:r1"",6.2]}}"
Z12,160,0.05,104,2,race9-seq,SUCCESS,1,4.8187,4.6937,10,771,60.0234,mm-beta[8]@q2,651,,"{""final_survivor"":8,""elapsed_s"":60.023,""terminal_polish_s"":0.0,""arms"":{""0"":[""template"",""floor"",7.2188],""1"":[""mm"",""dropped:r2"",5.6188],""2"":[""mm"",""survivor"",5.1375],""3"":[""mm"",""dropped:r1"",5.625],""4"":[""mm"",""dropped:r1"",5.6312],""5"":[""cuthill"",""dropped:r2"",5.1562],""6"":[""clmm"",""dropped:r1"",5.8063],""7"":[""clmm-core"",""dropped:r1"",6.2],""8"":[""mm-beta"",""final"",4.8187]}}"
Z12,160,0.05,104,2,race8-par,SUCCESS,1,4.7875,4.7313,10,766,60.0825,cuthill[5]@final4,651,,"{""final_survivor"":5,""elapsed_s"":60.082,""terminal_polish_s"":null,""arms"":{""0"":[""template"",""floor"",7.2188],""1"":[""mm"",""dropped:r2"",5.3688],""2"":[""mm"",""dropped:r3"",5.0062],""3"":[""mm"",""dropped:r2"",5.4625],""4"":[""mm"",""dropped:r1"",5.6312],""5"":[""cuthill"",""final"",4.7875],""6"":[""clmm"",""dropped:r1"",5.8063],""7"":[""clmm-core"",""dropped:r1"",6.2]}}"
Z12,160,0.05,104,2,race9-par,SUCCESS,1,4.575,4.475,9,732,60.0538,mm-beta[8]@final11,651,,"{""final_survivor"":8,""elapsed_s"":60.053,""terminal_polish_s"":0.0,""arms"":{""0"":[""template"",""floor"",7.2188],""1"":[""mm"",""dropped:r2"",5.3688],""2"":[""mm"",""dropped:r1"",5.6875],""3"":[""mm"",""dropped:r2"",5.4625],""4"":[""mm"",""dropped:r1"",5.6312],""5"":[""cuthill"",""dropped:r3"",4.95],""6"":[""clmm"",""dropped:r1"",6.1125],""7"":[""clmm-core"",""dropped:r1"",6.2],""8"":[""mm-beta"",""final"",4.575]}}"
Z12,160,0.05,104,3,race8-seq,SUCCESS,1,5.0,4.8625,10,800,60.0033,mm[3]@q3,651,,"{""final_survivor"":3,""elapsed_s"":60.003,""terminal_polish_s"":null,""arms"":{""0"":[""template"",""floor"",7.2188],""1"":[""mm"",""dropped:r2"",5.275],""2"":[""mm"",""dropped:r2"",5.2125],""3"":[""mm"",""final"",5.0],""4"":[""mm"",""dropped:r3"",5.1375],""5"":[""cuthill"",""dropped:r1"",5.6],""6"":[""clmm"",""dropped:r1"",5.9188],""7"":[""clmm-core"",""dropped:r1"",6.15]}}"
Z12,160,0.05,104,3,race9-seq,SUCCESS,1,5.0812,4.95,10,813,60.0275,mm[3]@q2,651,,"{""final_survivor"":3,""elapsed_s"":60.027,""terminal_polish_s"":0.0,""arms"":{""0"":[""template"",""floor"",7.2188],""1"":[""mm"",""dropped:r2"",5.275],""2"":[""mm"",""dropped:r2"",5.2125],""3"":[""mm"",""final"",5.0812],""4"":[""mm"",""survivor"",5.1375],""5"":[""cuthill"",""dropped:r1"",5.6],""6"":[""clmm"",""dropped:r1"",5.9188],""7"":[""clmm-core"",""dropped:r1"",6.15],""8"":[""mm-beta"",""dropped:r1"",5.675]}}"
Z12,160,0.05,104,3,race8-par,SUCCESS,1,5.0125,4.9188,10,802,60.0772,mm[4]@q3,651,,"{""final_survivor"":4,""elapsed_s"":60.077,""terminal_polish_s"":null,""arms"":{""0"":[""template"",""floor"",7.2188],""1"":[""mm"",""dropped:r2"",5.275],""2"":[""mm"",""dropped:r2"",5.2125],""3"":[""mm"",""dropped:r3"",5.1375],""4"":[""mm"",""final"",5.0125],""5"":[""cuthill"",""dropped:r1"",5.6],""6"":[""clmm"",""dropped:r1"",5.9188],""7"":[""clmm-core"",""dropped:r1"",6.25]}}"
Z12,160,0.05,104,3,race9-par,SUCCESS,1,4.925,4.8063,9,788,60.0462,mm[2]@final11,651,,"{""final_survivor"":2,""elapsed_s"":60.046,""terminal_polish_s"":0.0,""arms"":{""0"":[""template"",""floor"",7.2188],""1"":[""mm"",""dropped:r2"",5.275],""2"":[""mm"",""final"",4.925],""3"":[""mm"",""dropped:r3"",5.1375],""4"":[""mm"",""dropped:r2"",5.2812],""5"":[""cuthill"",""dropped:r1"",5.6],""6"":[""clmm"",""dropped:r1"",5.9188],""7"":[""clmm-core"",""dropped:r1"",6.25],""8"":[""mm-beta"",""dropped:r1"",5.675]}}"
Z12,160,0.05,104,4,race8-seq,SUCCESS,1,5.075,4.9,11,812,60.0471,mm[3]@q2,651,,"{""final_survivor"":1,""elapsed_s"":60.047,""terminal_polish_s"":null,""arms"":{""0"":[""template"",""floor"",7.2188],""1"":[""mm"",""final"",5.075],""2"":[""mm"",""dropped:r2"",5.2687],""3"":[""mm"",""dropped:r3"",5.075],""4"":[""mm"",""dropped:r1"",5.5938],""5"":[""cuthill"",""dropped:r2"",5.3937],""6"":[""clmm"",""dropped:r1"",6.0687],""7"":[""clmm-core"",""dropped:r1"",5.7812]}}"
Z12,160,0.05,104,4,race9-seq,SUCCESS,1,4.9125,4.8063,10,786,60.1074,mm[3]@q2,651,,"{""final_survivor"":3,""elapsed_s"":60.107,""terminal_polish_s"":0.0,""arms"":{""0"":[""template"",""floor"",7.2188],""1"":[""mm"",""survivor"",5.2313],""2"":[""mm"",""dropped:r1"",5.5312],""3"":[""mm"",""final"",4.9125],""4"":[""mm"",""dropped:r1"",5.6937],""5"":[""cuthill"",""dropped:r2"",5.4875],""6"":[""clmm"",""dropped:r1"",6.0687],""7"":[""clmm-core"",""dropped:r1"",6.1937],""8"":[""mm-beta"",""dropped:r2"",5.2687]}}"
Z12,160,0.05,104,4,race8-par,SUCCESS,1,5.0125,4.825,11,802,60.0303,mm[3]@q2,651,,"{""final_survivor"":3,""elapsed_s"":60.03,""terminal_polish_s"":null,""arms"":{""0"":[""template"",""floor"",7.2188],""1"":[""mm"",""dropped:r3"",5.1312],""2"":[""mm"",""dropped:r2"",5.2687],""3"":[""mm"",""final"",5.0125],""4"":[""mm"",""dropped:r1"",5.6937],""5"":[""cuthill"",""dropped:r2"",5.3937],""6"":[""clmm"",""dropped:r1"",6.0687],""7"":[""clmm-core"",""dropped:r1"",6.1937]}}"
Z12,160,0.05,104,4,race9-par,SUCCESS,1,5.0125,4.825,11,802,60.0852,mm[3]@q2,651,,"{""final_survivor"":3,""elapsed_s"":60.084,""terminal_polish_s"":0.0,""arms"":{""0"":[""template"",""floor"",7.2188],""1"":[""mm"",""dropped:r3"",5.1312],""2"":[""mm"",""dropped:r1"",5.5312],""3"":[""mm"",""final"",5.0125],""4"":[""mm"",""dropped:r1"",5.6937],""5"":[""cuthill"",""dropped:r2"",5.3937],""6"":[""clmm"",""dropped:r1"",6.0687],""7"":[""clmm-core"",""dropped:r1"",6.1937],""8"":[""mm-beta"",""dropped:r2"",5.2687]}}"
Z12,160,0.05,105,0,race8-seq,SUCCESS,1,5.1562,5.0375,11,825,60.0193,mm[1]@q3,663,,"{""final_survivor"":1,""elapsed_s"":60.019,""terminal_polish_s"":null,""arms"":{""0"":[""template"",""floor"",6.9813],""1"":[""mm"",""final"",5.1562],""2"":[""mm"",""dropped:r2"",5.4062],""3"":[""mm"",""dropped:r1"",5.9188],""4"":[""mm"",""dropped:r3"",5.1813],""5"":[""cuthill"",""dropped:r2"",5.225],""6"":[""clmm"",""dropped:r1"",6.0812],""7"":[""clmm-core"",""dropped:r1"",9.1625]}}"
Z12,160,0.05,105,0,race9-seq,SUCCESS,1,5.1813,4.9813,11,829,60.0358,mm[4]@q2,663,,"{""final_survivor"":4,""elapsed_s"":60.035,""terminal_polish_s"":0.0,""arms"":{""0"":[""template"",""floor"",6.9813],""1"":[""mm"",""dropped:r2"",5.3375],""2"":[""mm"",""dropped:r1"",5.675],""3"":[""mm"",""dropped:r1"",5.9188],""4"":[""mm"",""final"",5.1813],""5"":[""cuthill"",""dropped:r2"",5.225],""6"":[""clmm"",""dropped:r1"",6.0812],""7"":[""clmm-core"",""dropped:r1"",9.1625],""8"":[""mm-beta"",""survivor"",5.2062]}}"
Z12,160,0.05,105,0,race8-par,SUCCESS,1,4.9938,4.875,9,799,60.0475,cuthill[5]@final4,663,,"{""final_survivor"":5,""elapsed_s"":60.047,""terminal_polish_s"":null,""arms"":{""0"":[""template"",""floor"",6.9813],""1"":[""mm"",""dropped:r3"",5.1562],""2"":[""mm"",""dropped:r2"",5.4062],""3"":[""mm"",""dropped:r1"",5.9188],""4"":[""mm"",""dropped:r2"",5.4437],""5"":[""cuthill"",""final"",4.9938],""6"":[""clmm"",""dropped:r1"",6.1688],""7"":[""clmm-core"",""dropped:r1"",9.1625]}}"
Z12,160,0.05,105,0,race9-par,SUCCESS,1,4.9938,4.875,9,799,60.0756,cuthill[5]@final4,663,,"{""final_survivor"":5,""elapsed_s"":60.075,""terminal_polish_s"":0.0,""arms"":{""0"":[""template"",""floor"",6.9813],""1"":[""mm"",""dropped:r3"",5.1562],""2"":[""mm"",""dropped:r1"",5.675],""3"":[""mm"",""dropped:r1"",5.9188],""4"":[""mm"",""dropped:r2"",5.4437],""5"":[""cuthill"",""final"",4.9938],""6"":[""clmm"",""dropped:r1"",6.1688],""7"":[""clmm-core"",""dropped:r1"",9.1625],""8"":[""mm-beta"",""dropped:r2"",5.2062]}}"
Z12,160,0.05,105,1,race8-seq,SUCCESS,1,4.95,4.85,11,792,60.0922,mm[1]@q3,663,,"{""final_survivor"":1,""elapsed_s"":60.092,""terminal_polish_s"":null,""arms"":{""0"":[""template"",""floor"",6.9813],""1"":[""mm"",""final"",4.95],""2"":[""mm"",""dropped:r1"",5.9875],""3"":[""mm"",""dropped:r3"",4.9562],""4"":[""mm"",""dropped:r2"",5.7062],""5"":[""cuthill"",""dropped:r2"",5.8875],""6"":[""clmm"",""dropped:r1"",6.325],""7"":[""clmm-core"",""dropped:r1"",9.1625]}}"
Z12,160,0.05,105,1,race9-seq,SUCCESS,1,4.9688,4.875,10,795,60.0203,mm-beta[8]@q2,663,,"{""final_survivor"":8,""elapsed_s"":60.02,""terminal_polish_s"":0.0,""arms"":{""0"":[""template"",""floor"",6.9813],""1"":[""mm"",""survivor"",5.0625],""2"":[""mm"",""dropped:r1"",5.9875],""3"":[""mm"",""dropped:r2"",5.2062],""4"":[""mm"",""dropped:r2"",5.7062],""5"":[""cuthill"",""dropped:r1"",5.8937],""6"":[""clmm"",""dropped:r1"",6.325],""7"":[""clmm-core"",""dropped:r1"",9.1625],""8"":[""mm-beta"",""final"",4.9688]}}"
Z12,160,0.05,105,1,race8-par,SUCCESS,1,4.9375,4.8187,9,790,60.0422,mm[1]@final11,663,,"{""final_survivor"":1,""elapsed_s"":60.041,""terminal_polish_s"":null,""arms"":{""0"":[""template"",""floor"",6.9813],""1"":[""mm"",""final"",4.9375],""2"":[""mm"",""dropped:r2"",5.6312],""3"":[""mm"",""dropped:r1"",6.0438],""4"":[""mm"",""dropped:r3"",5.4125],""5"":[""cuthill"",""dropped:r2"",5.8875],""6"":[""clmm"",""dropped:r1"",6.325],""7"":[""clmm-core"",""dropped:r1"",9.1625]}}"
Z12,160,0.05,105,1,race9-par,SUCCESS,1,4.8063,4.7062,9,769,60.0592,mm-beta[8]@final4,663,,"{""final_survivor"":8,""elapsed_s"":60.058,""terminal_polish_s"":0.0,""arms"":{""0"":[""template"",""floor"",6.9813],""1"":[""mm"",""dropped:r3"",4.9938],""2"":[""mm"",""dropped:r1"",5.9875],""3"":[""mm"",""dropped:r1"",6.0438],""4"":[""mm"",""dropped:r2"",5.4125],""5"":[""cuthill"",""dropped:r2"",5.8875],""6"":[""clmm"",""dropped:r1"",6.325],""7"":[""clmm-core"",""dropped:r1"",9.1625],""8"":[""mm-beta"",""final"",4.8063]}}"
Z12,160,0.05,105,2,race8-seq,SUCCESS,1,5.075,4.9062,10,812,60.1074,mm[1]@q3,663,,"{""final_survivor"":1,""elapsed_s"":60.107,""terminal_polish_s"":null,""arms"":{""0"":[""template"",""floor"",6.9813],""1"":[""mm"",""final"",5.075],""2"":[""mm"",""dropped:r3"",5.325],""3"":[""mm"",""dropped:r2"",5.475],""4"":[""mm"",""dropped:r1"",5.75],""5"":[""cuthill"",""dropped:r2"",5.625],""6"":[""clmm"",""dropped:r1"",5.8937],""7"":[""clmm-core"",""dropped:r1"",6.3438]}}"
Z12,160,0.05,105,2,race9-seq,SUCCESS,1,4.9688,4.8438,10,795,60.0199,mm-beta[8]@q2,663,,"{""final_survivor"":8,""elapsed_s"":60.019,""terminal_polish_s"":0.0,""arms"":{""0"":[""template"",""floor"",6.9813],""1"":[""mm"",""survivor"",5.1063],""2"":[""mm"",""dropped:r2"",5.575],""3"":[""mm"",""dropped:r2"",5.475],""4"":[""mm"",""dropped:r1"",5.75],""5"":[""cuthill"",""dropped:r1"",5.625],""6"":[""clmm"",""dropped:r1"",5.8937],""7"":[""clmm-core"",""dropped:r1"",6.3438],""8"":[""mm-beta"",""final"",4.9688]}}"
Z12,160,0.05,105,2,race8-par,SUCCESS,1,5.0687,4.8937,10,811,60.0739,mm[1]@final2,663,,"{""final_survivor"":1,""elapsed_s"":60.073,""terminal_polish_s"":null,""arms"":{""0"":[""template"",""floor"",6.9813],""1"":[""mm"",""final"",5.0687],""2"":[""mm"",""dropped:r2"",5.325],""3"":[""mm"",""dropped:r3"",5.3125],""4"":[""mm"",""dropped:r1"",5.8312],""5"":[""cuthill"",""dropped:r2"",5.625],""6"":[""clmm"",""dropped:r1"",6.3],""7"":[""clmm-core"",""dropped:r1"",6.3438]}}"
Z12,160,0.05,105,2,race9-par,SUCCESS,1,4.725,4.6437,9,756,60.049,mm-beta[8]@final3,663,,"{""final_survivor"":8,""elapsed_s"":60.048,""terminal_polish_s"":0.0,""arms"":{""0"":[""template"",""floor"",6.9813],""1"":[""mm"",""dropped:r3"",5.075],""2"":[""mm"",""dropped:r2"",5.325],""3"":[""mm"",""dropped:r2"",5.4188],""4"":[""mm"",""dropped:r1"",5.8312],""5"":[""cuthill"",""dropped:r1"",5.625],""6"":[""clmm"",""dropped:r1"",6.3],""7"":[""clmm-core"",""dropped:r1"",6.3438],""8"":[""mm-beta"",""final"",4.725]}}"
Z12,160,0.05,105,3,race8-seq,SUCCESS,1,5.1,4.925,11,816,60.0371,mm[3]@q2,663,,"{""final_survivor"":3,""elapsed_s"":60.037,""terminal_polish_s"":null,""arms"":{""0"":[""template"",""floor"",6.9813],""1"":[""mm"",""dropped:r2"",5.5812],""2"":[""mm"",""dropped:r1"",5.8312],""3"":[""mm"",""final"",5.1],""4"":[""mm"",""dropped:r2"",5.225],""5"":[""cuthill"",""dropped:r3"",5.2],""6"":[""clmm"",""dropped:r1"",6.325],""7"":[""clmm-core"",""dropped:r1"",9.1687]}}"
Z12,160,0.05,105,3,race9-seq,SUCCESS,1,5.1,4.925,11,816,60.1025,mm[3]@q2,663,,"{""final_survivor"":3,""elapsed_s"":60.102,""terminal_polish_s"":0.0,""arms"":{""0"":[""template"",""floor"",6.9813],""1"":[""mm"",""dropped:r1"",5.7812],""2"":[""mm"",""dropped:r1"",5.8312],""3"":[""mm"",""final"",5.1],""4"":[""mm"",""dropped:r2"",5.5312],""5"":[""cuthill"",""survivor"",5.2062],""6"":[""clmm"",""dropped:r1"",6.325],""7"":[""clmm-core"",""dropped:r1"",9.1687],""8"":[""mm-beta"",""dropped:r2"",5.2062]}}"
Z12,160,0.05,105,3,race8-par,SUCCESS,1,4.925,4.75,10,788,60.0394,mm[3]@final11,663,,"{""final_survivor"":3,""elapsed_s"":60.039,""terminal_polish_s"":null,""arms"":{""0"":[""template"",""floor"",6.9813],""1"":[""mm"",""dropped:r3"",5.2875],""2"":[""mm"",""dropped:r1"",5.8312],""3"":[""mm"",""final"",4.925],""4"":[""mm"",""dropped:r2"",5.5],""5"":[""cuthill"",""dropped:r2"",5.4375],""6"":[""clmm"",""dropped:r1"",6.325],""7"":[""clmm-core"",""dropped:r1"",9.1687]}}"
Z12,160,0.05,105,3,race9-par,SUCCESS,1,4.925,4.75,10,788,60.0512,mm[3]@final11,663,,"{""final_survivor"":3,""elapsed_s"":60.05,""terminal_polish_s"":0.0,""arms"":{""0"":[""template"",""floor"",6.9813],""1"":[""mm"",""dropped:r1"",5.7875],""2"":[""mm"",""dropped:r1"",6.3063],""3"":[""mm"",""final"",4.925],""4"":[""mm"",""dropped:r2"",5.3375],""5"":[""cuthill"",""dropped:r2"",5.5938],""6"":[""clmm"",""dropped:r1"",6.325],""7"":[""clmm-core"",""dropped:r1"",9.1687],""8"":[""mm-beta"",""dropped:r3"",5.2]}}"
Z12,160,0.05,105,4,race8-seq,SUCCESS,1,5.2938,5.075,11,847,60.1082,mm[2]@q3,663,,"{""final_survivor"":2,""elapsed_s"":60.108,""terminal_polish_s"":null,""arms"":{""0"":[""template"",""floor"",6.9813],""1"":[""mm"",""dropped:r2"",5.4688],""2"":[""mm"",""final"",5.2938],""3"":[""mm"",""dropped:r2"",5.475],""4"":[""mm"",""dropped:r1"",5.9375],""5"":[""cuthill"",""dropped:r3"",5.3812],""6"":[""clmm"",""dropped:r1"",5.9062],""7"":[""clmm-core"",""dropped:r1"",9.1687]}}"
Z12,160,0.05,105,4,race9-seq,SUCCESS,1,5.025,4.9313,10,804,60.0502,mm-beta[8]@q2,663,,"{""final_survivor"":8,""elapsed_s"":60.05,""terminal_polish_s"":0.0,""arms"":{""0"":[""template"",""floor"",6.9813],""1"":[""mm"",""dropped:r2"",5.4688],""2"":[""mm"",""dropped:r1"",5.8625],""3"":[""mm"",""dropped:r2"",5.575],""4"":[""mm"",""dropped:r1"",5.9375],""5"":[""cuthill"",""survivor"",5.3812],""6"":[""clmm"",""dropped:r1"",5.9062],""7"":[""clmm-core"",""dropped:r1"",9.1687],""8"":[""mm-beta"",""final"",5.025]}}"
Z12,160,0.05,105,4,race8-par,SUCCESS,1,5.0312,4.95,10,805,60.0499,mm[2]@final3,663,,"{""final_survivor"":2,""elapsed_s"":60.049,""terminal_polish_s"":null,""arms"":{""0"":[""template"",""floor"",6.9813],""1"":[""mm"",""dropped:r2"",5.4688],""2"":[""mm"",""final"",5.0312],""3"":[""mm"",""dropped:r2"",5.475],""4"":[""mm"",""dropped:r1"",5.9375],""5"":[""cuthill"",""dropped:r3"",5.4375],""6"":[""clmm"",""dropped:r1"",5.9062],""7"":[""clmm-core"",""dropped:r1"",9.1687]}}"
Z12,160,0.05,105,4,race9-par,SUCCESS,1,4.8563,4.7062,9,777,60.0437,mm-beta[8]@final8,663,,"{""final_survivor"":8,""elapsed_s"":60.043,""terminal_polish_s"":0.0,""arms"":{""0"":[""template"",""floor"",6.9813],""1"":[""mm"",""dropped:r2"",5.4688],""2"":[""mm"",""dropped:r1"",5.8063],""3"":[""mm"",""dropped:r2"",5.475],""4"":[""mm"",""dropped:r1"",5.9375],""5"":[""cuthill"",""dropped:r3"",5.4375],""6"":[""clmm"",""dropped:r1"",5.9062],""7"":[""clmm-core"",""dropped:r1"",9.1687],""8"":[""mm-beta"",""final"",4.8563]}}"
Z12,100,0.2,101,1,race8-seq,SUCCESS,1,6.85,6.85,8,685,60.3792,template[0]@template,989,,"{""final_survivor"":7,""elapsed_s"":60.379,""terminal_polish_s"":null,""arms"":{""0"":[""template"",""floor"",6.85],""1"":[""mm"",""dropped:r1"",8.95],""2"":[""mm"",""dropped:r2"",8.02],""3"":[""mm"",""dropped:r1"",9.27],""4"":[""mm"",""dropped:r1"",8.79],""5"":[""cuthill"",""dropped:r3"",7.59],""6"":[""clmm"",""dropped:r2"",7.8],""7"":[""clmm-core"",""final"",7.36]}}"
Z12,100,0.2,101,1,race9-seq,SUCCESS,1,6.85,6.85,8,685,60.0899,template[0]@template,989,,"{""final_survivor"":7,""elapsed_s"":60.09,""terminal_polish_s"":0.0,""arms"":{""0"":[""template"",""floor"",6.85],""1"":[""mm"",""dropped:r1"",8.95],""2"":[""mm"",""dropped:r2"",8.25],""3"":[""mm"",""dropped:r1"",9.27],""4"":[""mm"",""dropped:r1"",8.79],""5"":[""cuthill"",""survivor"",7.59],""6"":[""clmm"",""dropped:r2"",7.8],""7"":[""clmm-core"",""final"",7.39],""8"":[""mm-beta"",""legalize-failed"",null]}}"
Z12,100,0.2,101,1,race8-par,SUCCESS,1,6.85,6.85,8,685,60.0684,template[0]@template,989,,"{""final_survivor"":5,""elapsed_s"":60.068,""terminal_polish_s"":null,""arms"":{""0"":[""template"",""floor"",6.85],""1"":[""mm"",""dropped:r1"",8.92],""2"":[""mm"",""dropped:r2"",7.95],""3"":[""mm"",""dropped:r1"",9.29],""4"":[""mm"",""dropped:r1"",9.06],""5"":[""cuthill"",""final"",7.04],""6"":[""clmm"",""dropped:r2"",7.8],""7"":[""clmm-core"",""dropped:r3"",7.36]}}"
Z12,100,0.2,101,1,race9-par,SUCCESS,1,6.85,6.85,8,685,60.2058,template[0]@template,989,,"{""final_survivor"":5,""elapsed_s"":60.205,""terminal_polish_s"":0.0,""arms"":{""0"":[""template"",""floor"",6.85],""1"":[""mm"",""dropped:r1"",8.92],""2"":[""mm"",""dropped:r2"",7.95],""3"":[""mm"",""dropped:r1"",9.29],""4"":[""mm"",""dropped:r1"",9.06],""5"":[""cuthill"",""final"",7.04],""6"":[""clmm"",""dropped:r2"",7.8],""7"":[""clmm-core"",""dropped:r3"",7.36],""8"":[""mm-beta"",""legalize-failed"",null]}}"
Z12,100,0.2,101,3,race8-seq,SUCCESS,1,6.85,6.85,8,685,60.3528,template[0]@template,989,,"{""final_survivor"":7,""elapsed_s"":60.352,""terminal_polish_s"":null,""arms"":{""0"":[""template"",""floor"",6.85],""1"":[""mm"",""dropped:r1"",8.79],""2"":[""mm"",""dropped:r1"",8.79],""3"":[""mm"",""dropped:r1"",8.6],""4"":[""mm"",""dropped:r2"",8.14],""5"":[""cuthill"",""dropped:r2"",8.21],""6"":[""clmm"",""dropped:r3"",7.84],""7"":[""clmm-core"",""final"",7.41]}}"
Z12,100,0.2,101,3,race9-seq,SUCCESS,1,6.85,6.85,8,685,60.15,template[0]@template,989,,"{""final_survivor"":7,""elapsed_s"":60.15,""terminal_polish_s"":0.0,""arms"":{""0"":[""template"",""floor"",6.85],""1"":[""mm"",""dropped:r1"",8.79],""2"":[""mm"",""dropped:r1"",8.79],""3"":[""mm"",""dropped:r1"",8.6],""4"":[""mm"",""dropped:r2"",8.26],""5"":[""cuthill"",""dropped:r2"",8.21],""6"":[""clmm"",""survivor"",7.84],""7"":[""clmm-core"",""final"",7.41],""8"":[""mm-beta"",""legalize-failed"",null]}}"
Z12,100,0.2,101,3,race8-par,SUCCESS,1,6.85,6.85,8,685,60.0337,template[0]@template,989,,"{""final_survivor"":7,""elapsed_s"":60.033,""terminal_polish_s"":null,""arms"":{""0"":[""template"",""floor"",6.85],""1"":[""mm"",""dropped:r1"",8.98],""2"":[""mm"",""dropped:r1"",8.79],""3"":[""mm"",""dropped:r1"",9.02],""4"":[""mm"",""dropped:r2"",7.94],""5"":[""cuthill"",""dropped:r2"",8.21],""6"":[""clmm"",""dropped:r3"",7.84],""7"":[""clmm-core"",""final"",7.27]}}"
Z12,100,0.2,101,3,race9-par,SUCCESS,1,6.85,6.85,8,685,60.1462,template[0]@template,989,,"{""final_survivor"":7,""elapsed_s"":60.145,""terminal_polish_s"":0.0,""arms"":{""0"":[""template"",""floor"",6.85],""1"":[""mm"",""dropped:r1"",8.98],""2"":[""mm"",""dropped:r1"",8.79],""3"":[""mm"",""dropped:r1"",9.02],""4"":[""mm"",""dropped:r2"",7.94],""5"":[""cuthill"",""dropped:r2"",8.21],""6"":[""clmm"",""dropped:r3"",7.84],""7"":[""clmm-core"",""final"",7.27],""8"":[""mm-beta"",""legalize-failed"",null]}}"
Z12,100,0.2,101,0,race8-seq,SUCCESS,1,6.85,6.85,8,685,60.2836,template[0]@template,989,,"{""final_survivor"":6,""elapsed_s"":60.283,""terminal_polish_s"":null,""arms"":{""0"":[""template"",""floor"",6.85],""1"":[""mm"",""dropped:r1"",9.06],""2"":[""mm"",""dropped:r1"",9.83],""3"":[""mm"",""dropped:r1"",9.77],""4"":[""mm"",""dropped:r2"",8.16],""5"":[""cuthill"",""dropped:r2"",8.62],""6"":[""clmm"",""final"",7.06],""7"":[""clmm-core"",""dropped:r3"",7.42]}}"
Z12,100,0.2,101,0,race9-seq,SUCCESS,1,6.85,6.85,8,685,60.2425,template[0]@template,989,,"{""final_survivor"":6,""elapsed_s"":60.242,""terminal_polish_s"":0.0,""arms"":{""0"":[""template"",""floor"",6.85],""1"":[""mm"",""dropped:r1"",9.06],""2"":[""mm"",""dropped:r1"",9.83],""3"":[""mm"",""dropped:r1"",9.77],""4"":[""mm"",""dropped:r2"",8.49],""5"":[""cuthill"",""dropped:r2"",8.62],""6"":[""clmm"",""final"",7.06],""7"":[""clmm-core"",""survivor"",7.42],""8"":[""mm-beta"",""legalize-failed"",null]}}"
Z12,100,0.2,101,0,race8-par,SUCCESS,1,6.85,6.85,8,685,60.2623,template[0]@template,989,,"{""final_survivor"":6,""elapsed_s"":60.262,""terminal_polish_s"":null,""arms"":{""0"":[""template"",""floor"",6.85],""1"":[""mm"",""dropped:r1"",9.24],""2"":[""mm"",""dropped:r1"",9.93],""3"":[""mm"",""dropped:r1"",9.98],""4"":[""mm"",""dropped:r2"",8.16],""5"":[""cuthill"",""dropped:r2"",8.62],""6"":[""clmm"",""final"",7.02],""7"":[""clmm-core"",""dropped:r3"",7.41]}}"
Z12,100,0.2,101,0,race9-par,SUCCESS,1,6.85,6.85,8,685,60.0636,template[0]@template,989,,"{""final_survivor"":6,""elapsed_s"":60.063,""terminal_polish_s"":0.0,""arms"":{""0"":[""template"",""floor"",6.85],""1"":[""mm"",""dropped:r1"",9.24],""2"":[""mm"",""dropped:r1"",9.93],""3"":[""mm"",""dropped:r1"",9.98],""4"":[""mm"",""dropped:r2"",8.16],""5"":[""cuthill"",""dropped:r2"",8.71],""6"":[""clmm"",""final"",7.02],""7"":[""clmm-core"",""dropped:r3"",7.41],""8"":[""mm-beta"",""legalize-failed"",null]}}"
Z12,100,0.2,101,2,race8-seq,SUCCESS,1,6.85,6.85,8,685,60.3018,template[0]@template,989,,"{""final_survivor"":7,""elapsed_s"":60.301,""terminal_polish_s"":null,""arms"":{""0"":[""template"",""floor"",6.85],""1"":[""mm"",""dropped:r1"",9.07],""2"":[""mm"",""dropped:r1"",10.45],""3"":[""mm"",""dropped:r1"",8.81],""4"":[""mm"",""dropped:r3"",7.74],""5"":[""cuthill"",""dropped:r2"",7.84],""6"":[""clmm"",""dropped:r2"",7.93],""7"":[""clmm-core"",""final"",7.36]}}"
Z12,100,0.2,101,2,race9-seq,SUCCESS,1,6.85,6.85,8,685,60.0436,template[0]@template,989,,"{""final_survivor"":7,""elapsed_s"":60.043,""terminal_polish_s"":0.0,""arms"":{""0"":[""template"",""floor"",6.85],""1"":[""mm"",""dropped:r1"",9.07],""2"":[""mm"",""dropped:r1"",10.45],""3"":[""mm"",""dropped:r1"",8.81],""4"":[""mm"",""dropped:r2"",8.1],""5"":[""cuthill"",""survivor"",7.84],""6"":[""clmm"",""dropped:r2"",7.93],""7"":[""clmm-core"",""final"",7.39],""8"":[""mm-beta"",""legalize-failed"",null]}}"
Z12,100,0.2,101,2,race8-par,SUCCESS,1,6.85,6.85,8,685,60.0843,template[0]@template,989,,"{""final_survivor"":7,""elapsed_s"":60.084,""terminal_polish_s"":null,""arms"":{""0"":[""template"",""floor"",6.85],""1"":[""mm"",""dropped:r1"",9.07],""2"":[""mm"",""dropped:r1"",10.45],""3"":[""mm"",""dropped:r1"",9.28],""4"":[""mm"",""dropped:r2"",7.96],""5"":[""cuthill"",""dropped:r2"",8.03],""6"":[""clmm"",""dropped:r3"",7.89],""7"":[""clmm-core"",""final"",7.11]}}"
Z12,100,0.2,101,2,race9-par,SUCCESS,1,6.85,6.85,8,685,60.4861,template[0]@template,989,,"{""final_survivor"":7,""elapsed_s"":60.485,""terminal_polish_s"":0.0,""arms"":{""0"":[""template"",""floor"",6.85],""1"":[""mm"",""dropped:r1"",9.07],""2"":[""mm"",""dropped:r1"",10.45],""3"":[""mm"",""dropped:r1"",9.28],""4"":[""mm"",""dropped:r2"",7.96],""5"":[""cuthill"",""dropped:r2"",8.03],""6"":[""clmm"",""dropped:r3"",7.89],""7"":[""clmm-core"",""final"",7.11],""8"":[""mm-beta"",""legalize-failed"",null]}}"
Z12,100,0.2,101,4,race8-seq,SUCCESS,1,6.85,6.85,8,685,60.1314,template[0]@template,989,,"{""final_survivor"":7,""elapsed_s"":60.131,""terminal_polish_s"":null,""arms"":{""0"":[""template"",""floor"",6.85],""1"":[""mm"",""dropped:r1"",8.67],""2"":[""mm"",""dropped:r1"",8.82],""3"":[""mm"",""dropped:r3"",7.82],""4"":[""mm"",""dropped:r1"",9.05],""5"":[""cuthill"",""dropped:r2"",8.11],""6"":[""clmm"",""dropped:r2"",7.87],""7"":[""clmm-core"",""final"",7.37]}}"
Z12,100,0.2,101,4,race9-seq,SUCCESS,1,6.85,6.85,8,685,60.1453,template[0]@template,989,,"{""final_survivor"":7,""elapsed_s"":60.145,""terminal_polish_s"":0.0,""arms"":{""0"":[""template"",""floor"",6.85],""1"":[""mm"",""dropped:r1"",8.67],""2"":[""mm"",""dropped:r1"",8.82],""3"":[""mm"",""dropped:r2"",8.09],""4"":[""mm"",""dropped:r1"",9.05],""5"":[""cuthill"",""dropped:r2"",8.11],""6"":[""clmm"",""survivor"",7.87],""7"":[""clmm-core"",""final"",7.37],""8"":[""mm-beta"",""legalize-failed"",null]}}"
Z12,100,0.2,101,4,race8-par,SUCCESS,1,6.85,6.85,8,685,60.3904,template[0]@template,989,,"{""final_survivor"":7,""elapsed_s"":60.39,""terminal_polish_s"":null,""arms"":{""0"":[""template"",""floor"",6.85],""1"":[""mm"",""dropped:r1"",8.67],""2"":[""mm"",""dropped:r1"",8.93],""3"":[""mm"",""dropped:r3"",7.82],""4"":[""mm"",""dropped:r1"",9.43],""5"":[""cuthill"",""dropped:r2"",8.11],""6"":[""clmm"",""dropped:r2"",7.87],""7"":[""clmm-core"",""final"",7.28]}}"
Z12,100,0.2,101,4,race9-par,SUCCESS,1,6.85,6.85,8,685,60.3118,template[0]@template,989,,"{""final_survivor"":7,""elapsed_s"":60.311,""terminal_polish_s"":0.0,""arms"":{""0"":[""template"",""floor"",6.85],""1"":[""mm"",""dropped:r1"",8.67],""2"":[""mm"",""dropped:r1"",8.93],""3"":[""mm"",""dropped:r3"",7.82],""4"":[""mm"",""dropped:r1"",9.43],""5"":[""cuthill"",""dropped:r2"",8.11],""6"":[""clmm"",""dropped:r2"",7.87],""7"":[""clmm-core"",""final"",7.28],""8"":[""mm-beta"",""legalize-failed"",null]}}"
Z12,100,0.2,102,0,race8-seq,SUCCESS,1,6.86,6.86,8,686,60.1238,template[0]@template,958,,"{""final_survivor"":5,""elapsed_s"":60.124,""terminal_polish_s"":null,""arms"":{""0"":[""template"",""floor"",6.86],""1"":[""mm"",""dropped:r1"",8.16],""2"":[""mm"",""dropped:r3"",7.47],""3"":[""mm"",""dropped:r1"",8.18],""4"":[""mm"",""dropped:r1"",8.9],""5"":[""cuthill"",""final"",7.4],""6"":[""clmm"",""dropped:r2"",7.8],""7"":[""clmm-core"",""dropped:r2"",7.51]}}"
Z12,100,0.2,102,0,race9-seq,SUCCESS,1,6.86,6.86,8,686,60.043,template[0]@template,958,,"{""final_survivor"":5,""elapsed_s"":60.043,""terminal_polish_s"":0.0,""arms"":{""0"":[""template"",""floor"",6.86],""1"":[""mm"",""dropped:r1"",8.16],""2"":[""mm"",""dropped:r2"",7.8],""3"":[""mm"",""dropped:r1"",8.18],""4"":[""mm"",""dropped:r1"",8.9],""5"":[""cuthill"",""final"",7.41],""6"":[""clmm"",""dropped:r2"",7.8],""7"":[""clmm-core"",""survivor"",7.51],""8"":[""mm-beta"",""legalize-failed"",null]}}"
Z12,100,0.2,102,0,race8-par,SUCCESS,1,6.86,6.86,8,686,60.2325,template[0]@template,958,,"{""final_survivor"":5,""elapsed_s"":60.232,""terminal_polish_s"":null,""arms"":{""0"":[""template"",""floor"",6.86],""1"":[""mm"",""dropped:r1"",8.42],""2"":[""mm"",""dropped:r1"",8.14],""3"":[""mm"",""dropped:r2"",7.58],""4"":[""mm"",""dropped:r1"",9.39],""5"":[""cuthill"",""final"",7.11],""6"":[""clmm"",""dropped:r2"",7.8],""7"":[""clmm-core"",""dropped:r3"",7.51]}}"
Z12,100,0.2,102,0,race9-par,SUCCESS,1,6.86,6.86,8,686,60.1122,template[0]@template,958,,"{""final_survivor"":3,""elapsed_s"":60.112,""terminal_polish_s"":0.0,""arms"":{""0"":[""template"",""floor"",6.86],""1"":[""mm"",""dropped:r1"",8.42],""2"":[""mm"",""dropped:r2"",7.61],""3"":[""mm"",""final"",7.1],""4"":[""mm"",""dropped:r1"",9.39],""5"":[""cuthill"",""dropped:r1"",8.18],""6"":[""clmm"",""dropped:r2"",7.8],""7"":[""clmm-core"",""dropped:r3"",7.51],""8"":[""mm-beta"",""legalize-failed"",null]}}"
Z12,100,0.2,102,3,race8-seq,SUCCESS,1,6.86,6.86,8,686,60.0508,template[0]@template,958,,"{""final_survivor"":2,""elapsed_s"":60.05,""terminal_polish_s"":null,""arms"":{""0"":[""template"",""floor"",6.86],""1"":[""mm"",""dropped:r1"",8.05],""2"":[""mm"",""final"",7.3],""3"":[""mm"",""dropped:r1"",8.14],""4"":[""mm"",""dropped:r1"",8.28],""5"":[""cuthill"",""dropped:r2"",7.54],""6"":[""clmm"",""dropped:r2"",7.83],""7"":[""clmm-core"",""dropped:r3"",7.49]}}"
Z12,100,0.2,102,3,race9-seq,SUCCESS,1,6.86,6.86,8,686,60.0773,template[0]@template,958,,"{""final_survivor"":2,""elapsed_s"":60.077,""terminal_polish_s"":0.0,""arms"":{""0"":[""template"",""floor"",6.86],""1"":[""mm"",""dropped:r1"",8.05],""2"":[""mm"",""final"",7.31],""3"":[""mm"",""dropped:r1"",8.14],""4"":[""mm"",""dropped:r1"",8.28],""5"":[""cuthill"",""dropped:r2"",7.54],""6"":[""clmm"",""dropped:r2"",7.83],""7"":[""clmm-core"",""survivor"",7.49],""8"":[""mm-beta"",""legalize-failed"",null]}}"
Z12,100,0.2,102,3,race8-par,SUCCESS,1,6.86,6.86,8,686,60.1042,template[0]@template,958,,"{""final_survivor"":7,""elapsed_s"":60.104,""terminal_polish_s"":null,""arms"":{""0"":[""template"",""floor"",6.86],""1"":[""mm"",""dropped:r1"",8.05],""2"":[""mm"",""dropped:r3"",7.65],""3"":[""mm"",""dropped:r1"",8.21],""4"":[""mm"",""dropped:r1"",8.46],""5"":[""cuthill"",""dropped:r2"",7.79],""6"":[""clmm"",""dropped:r2"",7.83],""7"":[""clmm-core"",""final"",7.35]}}"
Z12,100,0.2,102,3,race9-par,SUCCESS,1,6.86,6.86,8,686,60.0983,template[0]@template,958,,"{""final_survivor"":7,""elapsed_s"":60.098,""terminal_polish_s"":0.0,""arms"":{""0"":[""template"",""floor"",6.86],""1"":[""mm"",""dropped:r1"",8.05],""2"":[""mm"",""dropped:r3"",7.65],""3"":[""mm"",""dropped:r1"",8.21],""4"":[""mm"",""dropped:r1"",8.46],""5"":[""cuthill"",""dropped:r2"",7.79],""6"":[""clmm"",""dropped:r2"",7.83],""7"":[""clmm-core"",""final"",7.38],""8"":[""mm-beta"",""legalize-failed"",null]}}"
Z12,100,0.2,102,2,race8-seq,SUCCESS,1,6.86,6.86,8,686,60.1257,template[0]@template,958,,"{""final_survivor"":7,""elapsed_s"":60.125,""terminal_polish_s"":null,""arms"":{""0"":[""template"",""floor"",6.86],""1"":[""mm"",""dropped:r2"",7.71],""2"":[""mm"",""dropped:r1"",8.46],""3"":[""mm"",""dropped:r3"",7.46],""4"":[""mm"",""dropped:r1"",8.32],""5"":[""cuthill"",""dropped:r1"",8.17],""6"":[""clmm"",""dropped:r2"",7.92],""7"":[""clmm-core"",""final"",6.95]}}"
Z12,100,0.2,102,2,race9-seq,SUCCESS,1,6.86,6.86,8,686,60.0912,template[0]@template,958,,"{""final_survivor"":7,""elapsed_s"":60.091,""terminal_polish_s"":0.0,""arms"":{""0"":[""template"",""floor"",6.86],""1"":[""mm"",""dropped:r2"",8.13],""2"":[""mm"",""dropped:r1"",8.46],""3"":[""mm"",""survivor"",7.51],""4"":[""mm"",""dropped:r1"",8.32],""5"":[""cuthill"",""dropped:r1"",8.17],""6"":[""clmm"",""dropped:r2"",7.92],""7"":[""clmm-core"",""final"",6.97],""8"":[""mm-beta"",""legalize-failed"",null]}}"
Z12,100,0.2,102,2,race8-par,SUCCESS,1,6.86,6.86,8,686,60.1416,template[0]@template,958,,"{""final_survivor"":7,""elapsed_s"":60.141,""terminal_polish_s"":null,""arms"":{""0"":[""template"",""floor"",6.86],""1"":[""mm"",""dropped:r1"",8.23],""2"":[""mm"",""dropped:r1"",8.59],""3"":[""mm"",""dropped:r2"",7.96],""4"":[""mm"",""dropped:r1"",8.32],""5"":[""cuthill"",""dropped:r2"",8.03],""6"":[""clmm"",""dropped:r3"",7.89],""7"":[""clmm-core"",""final"",6.93]}}"
Z12,100,0.2,102,2,race9-par,SUCCESS,1,6.86,6.86,8,686,60.2564,template[0]@template,958,,"{""final_survivor"":7,""elapsed_s"":60.256,""terminal_polish_s"":0.0,""arms"":{""0"":[""template"",""floor"",6.86],""1"":[""mm"",""dropped:r1"",8.23],""2"":[""mm"",""dropped:r1"",8.59],""3"":[""mm"",""dropped:r2"",7.96],""4"":[""mm"",""dropped:r1"",8.32],""5"":[""cuthill"",""dropped:r2"",8.03],""6"":[""clmm"",""dropped:r3"",7.89],""7"":[""clmm-core"",""final"",6.93],""8"":[""mm-beta"",""legalize-failed"",null]}}"
Z12,100,0.2,102,4,race8-seq,SUCCESS,1,6.86,6.86,8,686,60.031,template[0]@template,958,,"{""final_survivor"":7,""elapsed_s"":60.031,""terminal_polish_s"":null,""arms"":{""0"":[""template"",""floor"",6.86],""1"":[""mm"",""dropped:r1"",8.86],""2"":[""mm"",""dropped:r1"",8.49],""3"":[""mm"",""dropped:r1"",8.97],""4"":[""mm"",""dropped:r3"",7.74],""5"":[""cuthill"",""dropped:r2"",7.76],""6"":[""clmm"",""dropped:r2"",7.83],""7"":[""clmm-core"",""final"",7.42]}}"
Z12,100,0.2,102,4,race9-seq,SUCCESS,1,6.86,6.86,8,686,60.2691,template[0]@template,958,,"{""final_survivor"":7,""elapsed_s"":60.269,""terminal_polish_s"":0.0,""arms"":{""0"":[""template"",""floor"",6.86],""1"":[""mm"",""dropped:r1"",8.86],""2"":[""mm"",""dropped:r1"",8.49],""3"":[""mm"",""dropped:r1"",8.97],""4"":[""mm"",""dropped:r2"",8.19],""5"":[""cuthill"",""survivor"",7.76],""6"":[""clmm"",""dropped:r2"",7.83],""7"":[""clmm-core"",""final"",7.42],""8"":[""mm-beta"",""legalize-failed"",null]}}"
Z12,100,0.2,102,4,race8-par,SUCCESS,1,6.86,6.86,8,686,60.0344,template[0]@template,958,,"{""final_survivor"":5,""elapsed_s"":60.033,""terminal_polish_s"":null,""arms"":{""0"":[""template"",""floor"",6.86],""1"":[""mm"",""dropped:r1"",8.86],""2"":[""mm"",""dropped:r1"",8.62],""3"":[""mm"",""dropped:r1"",9.12],""4"":[""mm"",""dropped:r2"",7.84],""5"":[""cuthill"",""final"",7.04],""6"":[""clmm"",""dropped:r2"",7.83],""7"":[""clmm-core"",""dropped:r3"",7.42]}}"
Z12,100,0.2,102,4,race9-par,SUCCESS,1,6.86,6.86,8,686,60.1398,template[0]@template,958,,"{""final_survivor"":5,""elapsed_s"":60.139,""terminal_polish_s"":0.0,""arms"":{""0"":[""template"",""floor"",6.86],""1"":[""mm"",""dropped:r1"",8.86],""2"":[""mm"",""dropped:r1"",8.62],""3"":[""mm"",""dropped:r1"",9.12],""4"":[""mm"",""dropped:r2"",7.84],""5"":[""cuthill"",""final"",7.04],""6"":[""clmm"",""dropped:r2"",7.83],""7"":[""clmm-core"",""dropped:r3"",7.42],""8"":[""mm-beta"",""legalize-failed"",null]}}"
Z12,100,0.2,102,1,race8-seq,SUCCESS,1,6.86,6.86,8,686,60.2926,template[0]@template,958,,"{""final_survivor"":7,""elapsed_s"":60.292,""terminal_polish_s"":null,""arms"":{""0"":[""template"",""floor"",6.86],""1"":[""mm"",""dropped:r1"",8.92],""2"":[""mm"",""dropped:r2"",7.76],""3"":[""mm"",""dropped:r1"",8.53],""4"":[""mm"",""dropped:r1"",8.52],""5"":[""cuthill"",""dropped:r3"",7.72],""6"":[""clmm"",""dropped:r2"",7.9],""7"":[""clmm-core"",""final"",6.98]}}"
Z12,100,0.2,102,1,race9-seq,SUCCESS,1,6.86,6.86,8,686,60.2625,template[0]@template,958,,"{""final_survivor"":7,""elapsed_s"":60.262,""terminal_polish_s"":0.0,""arms"":{""0"":[""template"",""floor"",6.86],""1"":[""mm"",""dropped:r1"",8.92],""2"":[""mm"",""dropped:r2"",8.03],""3"":[""mm"",""dropped:r1"",8.53],""4"":[""mm"",""dropped:r1"",8.52],""5"":[""cuthill"",""survivor"",7.72],""6"":[""clmm"",""dropped:r2"",7.9],""7"":[""clmm-core"",""final"",6.99],""8"":[""mm-beta"",""legalize-failed"",null]}}"
Z12,100,0.2,102,1,race8-par,SUCCESS,1,6.86,6.86,8,686,60.1754,template[0]@template,958,,"{""final_survivor"":7,""elapsed_s"":60.175,""terminal_polish_s"":null,""arms"":{""0"":[""template"",""floor"",6.86],""1"":[""mm"",""dropped:r1"",8.92],""2"":[""mm"",""dropped:r1"",9.06],""3"":[""mm"",""dropped:r2"",8.12],""4"":[""mm"",""dropped:r1"",8.6],""5"":[""cuthill"",""dropped:r3"",7.44],""6"":[""clmm"",""dropped:r2"",7.9],""7"":[""clmm-core"",""final"",6.93]}}"
Z12,100,0.2,102,1,race9-par,SUCCESS,1,6.86,6.86,8,686,60.233,template[0]@template,958,,"{""final_survivor"":7,""elapsed_s"":60.232,""terminal_polish_s"":0.0,""arms"":{""0"":[""template"",""floor"",6.86],""1"":[""mm"",""dropped:r1"",8.92],""2"":[""mm"",""dropped:r1"",9.06],""3"":[""mm"",""dropped:r2"",8.12],""4"":[""mm"",""dropped:r1"",8.6],""5"":[""cuthill"",""dropped:r3"",7.44],""6"":[""clmm"",""dropped:r2"",7.9],""7"":[""clmm-core"",""final"",6.93],""8"":[""mm-beta"",""legalize-failed"",null]}}"
Z12,100,0.2,103,0,race8-seq,SUCCESS,1,6.9,6.9,8,690,60.2911,template[0]@template,971,,"{""final_survivor"":7,""elapsed_s"":60.291,""terminal_polish_s"":null,""arms"":{""0"":[""template"",""floor"",6.9],""1"":[""mm"",""dropped:r1"",8.8],""2"":[""mm"",""dropped:r1"",8.91],""3"":[""mm"",""dropped:r1"",9.19],""4"":[""mm"",""dropped:r2"",8.02],""5"":[""cuthill"",""dropped:r2"",7.89],""6"":[""clmm"",""dropped:r3"",7.83],""7"":[""clmm-core"",""final"",7.45]}}"
Z12,100,0.2,103,0,race9-seq,SUCCESS,1,6.9,6.9,8,690,60.1768,template[0]@template,971,,"{""final_survivor"":7,""elapsed_s"":60.176,""terminal_polish_s"":0.0,""arms"":{""0"":[""template"",""floor"",6.9],""1"":[""mm"",""dropped:r1"",8.8],""2"":[""mm"",""dropped:r1"",8.91],""3"":[""mm"",""dropped:r1"",9.19],""4"":[""mm"",""dropped:r2"",8.02],""5"":[""cuthill"",""dropped:r2"",8.28],""6"":[""clmm"",""survivor"",7.83],""7"":[""clmm-core"",""final"",7.45],""8"":[""mm-beta"",""legalize-failed"",null]}}"
Z12,100,0.2,103,0,race8-par,SUCCESS,1,6.9,6.9,8,690,60.1413,template[0]@template,971,,"{""final_survivor"":7,""elapsed_s"":60.141,""terminal_polish_s"":null,""arms"":{""0"":[""template"",""floor"",6.9],""1"":[""mm"",""dropped:r1"",8.8],""2"":[""mm"",""dropped:r1"",8.83],""3"":[""mm"",""dropped:r1"",9.46],""4"":[""mm"",""dropped:r2"",8.18],""5"":[""cuthill"",""dropped:r2"",7.89],""6"":[""clmm"",""dropped:r3"",7.81],""7"":[""clmm-core"",""final"",7.34]}}"
Z12,100,0.2,103,0,race9-par,SUCCESS,1,6.9,6.9,8,690,60.2363,template[0]@template,971,,"{""final_survivor"":7,""elapsed_s"":60.236,""terminal_polish_s"":0.0,""arms"":{""0"":[""template"",""floor"",6.9],""1"":[""mm"",""dropped:r1"",8.8],""2"":[""mm"",""dropped:r1"",8.83],""3"":[""mm"",""dropped:r1"",9.46],""4"":[""mm"",""dropped:r2"",8.08],""5"":[""cuthill"",""dropped:r2"",7.89],""6"":[""clmm"",""dropped:r3"",7.81],""7"":[""clmm-core"",""final"",7.34],""8"":[""mm-beta"",""legalize-failed"",null]}}"
Z12,100,0.2,103,2,race8-seq,SUCCESS,1,6.9,6.9,8,690,60.2972,template[0]@template,971,,"{""final_survivor"":7,""elapsed_s"":60.297,""terminal_polish_s"":null,""arms"":{""0"":[""template"",""floor"",6.9],""1"":[""mm"",""dropped:r1"",9.26],""2"":[""mm"",""dropped:r3"",7.47],""3"":[""mm"",""dropped:r1"",8.35],""4"":[""mm"",""dropped:r2"",7.83],""5"":[""cuthill"",""dropped:r2"",7.75],""6"":[""clmm"",""dropped:r1"",7.95],""7"":[""clmm-core"",""final"",7.43]}}"
Z12,100,0.2,103,2,race9-seq,SUCCESS,1,6.9,6.9,8,690,60.2717,template[0]@template,971,,"{""final_survivor"":7,""elapsed_s"":60.271,""terminal_polish_s"":0.0,""arms"":{""0"":[""template"",""floor"",6.9],""1"":[""mm"",""dropped:r1"",9.26],""2"":[""mm"",""survivor"",7.47],""3"":[""mm"",""dropped:r1"",8.35],""4"":[""mm"",""dropped:r2"",7.87],""5"":[""cuthill"",""dropped:r2"",7.75],""6"":[""clmm"",""dropped:r1"",7.95],""7"":[""clmm-core"",""final"",7.43],""8"":[""mm-beta"",""legalize-failed"",null]}}"
Z12,100,0.2,103,2,race8-par,SUCCESS,1,6.9,6.9,8,690,60.0537,template[0]@template,971,,"{""final_survivor"":5,""elapsed_s"":60.053,""terminal_polish_s"":null,""arms"":{""0"":[""template"",""floor"",6.9],""1"":[""mm"",""dropped:r1"",9.35],""2"":[""mm"",""dropped:r2"",7.78],""3"":[""mm"",""dropped:r1"",8.35],""4"":[""mm"",""dropped:r1"",8.45],""5"":[""cuthill"",""final"",6.96],""6"":[""clmm"",""dropped:r2"",7.94],""7"":[""clmm-core"",""dropped:r3"",7.43]}}"
Z12,100,0.2,103,2,race9-par,SUCCESS,1,6.9,6.9,8,690,60.1108,template[0]@template,971,,"{""final_survivor"":7,""elapsed_s"":60.11,""terminal_polish_s"":0.0,""arms"":{""0"":[""template"",""floor"",6.9],""1"":[""mm"",""dropped:r1"",9.35],""2"":[""mm"",""dropped:r2"",7.78],""3"":[""mm"",""dropped:r1"",8.35],""4"":[""mm"",""dropped:r1"",8.45],""5"":[""cuthill"",""dropped:r3"",7.54],""6"":[""clmm"",""dropped:r2"",7.94],""7"":[""clmm-core"",""final"",7.09],""8"":[""mm-beta"",""legalize-failed"",null]}}"
Z12,100,0.2,103,1,race8-seq,SUCCESS,1,6.9,6.9,8,690,60.181,template[0]@template,971,,"{""final_survivor"":7,""elapsed_s"":60.181,""terminal_polish_s"":null,""arms"":{""0"":[""template"",""floor"",6.9],""1"":[""mm"",""dropped:r2"",8.02],""2"":[""mm"",""dropped:r1"",8.7],""3"":[""mm"",""dropped:r2"",8.01],""4"":[""mm"",""dropped:r1"",8.82],""5"":[""cuthill"",""dropped:r1"",8.88],""6"":[""clmm"",""dropped:r3"",7.87],""7"":[""clmm-core"",""final"",7.43]}}"
Z12,100,0.2,103,1,race9-seq,SUCCESS,1,6.9,6.9,8,690,60.1346,template[0]@template,971,,"{""final_survivor"":7,""elapsed_s"":60.134,""terminal_polish_s"":0.0,""arms"":{""0"":[""template"",""floor"",6.9],""1"":[""mm"",""dropped:r2"",8.07],""2"":[""mm"",""dropped:r1"",8.7],""3"":[""mm"",""dropped:r2"",8.0],""4"":[""mm"",""dropped:r1"",8.82],""5"":[""cuthill"",""dropped:r1"",8.88],""6"":[""clmm"",""survivor"",7.87],""7"":[""clmm-core"",""final"",7.44],""8"":[""mm-beta"",""legalize-failed"",null]}}"
Z12,100,0.2,103,1,race8-par,SUCCESS,1,6.9,6.9,8,690,60.2211,template[0]@template,971,,"{""final_survivor"":7,""elapsed_s"":60.22,""terminal_polish_s"":null,""arms"":{""0"":[""template"",""floor"",6.9],""1"":[""mm"",""dropped:r3"",7.65],""2"":[""mm"",""dropped:r1"",9.16],""3"":[""mm"",""dropped:r2"",8.01],""4"":[""mm"",""dropped:r1"",9.02],""5"":[""cuthill"",""dropped:r1"",8.88],""6"":[""clmm"",""dropped:r2"",7.87],""7"":[""clmm-core"",""final"",7.38]}}"
Z12,100,0.2,103,1,race9-par,SUCCESS,1,6.9,6.9,8,690,60.3351,template[0]@template,971,,"{""final_survivor"":7,""elapsed_s"":60.334,""terminal_polish_s"":0.0,""arms"":{""0"":[""template"",""floor"",6.9],""1"":[""mm"",""dropped:r3"",7.65],""2"":[""mm"",""dropped:r1"",9.16],""3"":[""mm"",""dropped:r2"",8.01],""4"":[""mm"",""dropped:r1"",9.02],""5"":[""cuthill"",""dropped:r1"",8.88],""6"":[""clmm"",""dropped:r2"",7.87],""7"":[""clmm-core"",""final"",7.38],""8"":[""mm-beta"",""legalize-failed"",null]}}"
Z12,100,0.2,103,3,race8-seq,SUCCESS,1,6.9,6.9,8,690,60.1872,template[0]@template,971,,"{""final_survivor"":7,""elapsed_s"":60.187,""terminal_polish_s"":null,""arms"":{""0"":[""template"",""floor"",6.9],""1"":[""mm"",""dropped:r2"",7.96],""2"":[""mm"",""dropped:r1"",8.8],""3"":[""mm"",""dropped:r3"",7.87],""4"":[""mm"",""dropped:r1"",8.48],""5"":[""cuthill"",""dropped:r1"",8.48],""6"":[""clmm"",""dropped:r2"",7.87],""7"":[""clmm-core"",""final"",7.42]}}"
Z12,100,0.2,103,3,race9-seq,SUCCESS,1,6.9,6.9,8,690,60.1474,template[0]@template,971,,"{""final_survivor"":7,""elapsed_s"":60.147,""terminal_polish_s"":0.0,""arms"":{""0"":[""template"",""floor"",6.9],""1"":[""mm"",""dropped:r2"",8.38],""2"":[""mm"",""dropped:r1"",8.8],""3"":[""mm"",""survivor"",7.87],""4"":[""mm"",""dropped:r1"",8.48],""5"":[""cuthill"",""dropped:r1"",8.48],""6"":[""clmm"",""dropped:r2"",7.87],""7"":[""clmm-core"",""final"",7.43],""8"":[""mm-beta"",""legalize-failed"",null]}}"
Z12,100,0.2,103,3,race8-par,SUCCESS,1,6.9,6.9,8,690,60.3534,template[0]@template,971,,"{""final_survivor"":7,""elapsed_s"":60.353,""terminal_polish_s"":null,""arms"":{""0"":[""template"",""floor"",6.9],""1"":[""mm"",""dropped:r2"",7.96],""2"":[""mm"",""dropped:r1"",8.87],""3"":[""mm"",""dropped:r3"",7.66],""4"":[""mm"",""dropped:r1"",8.61],""5"":[""cuthill"",""dropped:r1"",8.48],""6"":[""clmm"",""dropped:r2"",7.87],""7"":[""clmm-core"",""final"",7.32]}}"
Z12,100,0.2,103,3,race9-par,SUCCESS,1,6.9,6.9,8,690,60.1506,template[0]@template,971,,"{""final_survivor"":7,""elapsed_s"":60.15,""terminal_polish_s"":0.0,""arms"":{""0"":[""template"",""floor"",6.9],""1"":[""mm"",""dropped:r2"",7.96],""2"":[""mm"",""dropped:r1"",8.87],""3"":[""mm"",""dropped:r2"",8.18],""4"":[""mm"",""dropped:r1"",8.61],""5"":[""cuthill"",""dropped:r1"",8.48],""6"":[""clmm"",""dropped:r3"",7.87],""7"":[""clmm-core"",""final"",7.35],""8"":[""mm-beta"",""legalize-failed"",null]}}"
Z12,100,0.2,103,4,race8-seq,SUCCESS,1,6.9,6.9,8,690,60.2182,template[0]@template,971,,"{""final_survivor"":7,""elapsed_s"":60.218,""terminal_polish_s"":null,""arms"":{""0"":[""template"",""floor"",6.9],""1"":[""mm"",""dropped:r1"",8.67],""2"":[""mm"",""dropped:r1"",8.78],""3"":[""mm"",""dropped:r1"",8.81],""4"":[""mm"",""dropped:r2"",7.92],""5"":[""cuthill"",""dropped:r3"",7.8],""6"":[""clmm"",""dropped:r2"",7.81],""7"":[""clmm-core"",""final"",7.44]}}"
Z12,100,0.2,103,4,race9-seq,SUCCESS,1,6.9,6.9,8,690,60.0523,template[0]@template,971,,"{""final_survivor"":7,""elapsed_s"":60.052,""terminal_polish_s"":0.0,""arms"":{""0"":[""template"",""floor"",6.9],""1"":[""mm"",""dropped:r1"",8.67],""2"":[""mm"",""dropped:r1"",8.78],""3"":[""mm"",""dropped:r1"",8.81],""4"":[""mm"",""dropped:r2"",8.35],""5"":[""cuthill"",""survivor"",7.8],""6"":[""clmm"",""dropped:r2"",7.81],""7"":[""clmm-core"",""final"",7.45],""8"":[""mm-beta"",""legalize-failed"",null]}}"
Z12,100,0.2,103,4,race8-par,SUCCESS,1,6.9,6.9,8,690,60.2761,template[0]@template,971,,"{""final_survivor"":7,""elapsed_s"":60.275,""terminal_polish_s"":null,""arms"":{""0"":[""template"",""floor"",6.9],""1"":[""mm"",""dropped:r2"",8.31],""2"":[""mm"",""dropped:r1"",8.78],""3"":[""mm"",""dropped:r1"",9.55],""4"":[""mm"",""dropped:r1"",8.67],""5"":[""cuthill"",""dropped:r2"",7.98],""6"":[""clmm"",""dropped:r3"",7.8],""7"":[""clmm-core"",""final"",7.12]}}"
Z12,100,0.2,103,4,race9-par,SUCCESS,1,6.9,6.9,8,690,60.257,template[0]@template,971,,"{""final_survivor"":7,""elapsed_s"":60.256,""terminal_polish_s"":0.0,""arms"":{""0"":[""template"",""floor"",6.9],""1"":[""mm"",""dropped:r2"",8.31],""2"":[""mm"",""dropped:r1"",8.78],""3"":[""mm"",""dropped:r1"",9.55],""4"":[""mm"",""dropped:r1"",8.67],""5"":[""cuthill"",""dropped:r2"",7.98],""6"":[""clmm"",""dropped:r3"",7.8],""7"":[""clmm-core"",""final"",7.12],""8"":[""mm-beta"",""legalize-failed"",null]}}"
Z12,100,0.2,104,0,race8-seq,SUCCESS,1,6.95,6.95,8,695,60.0854,template[0]@template,974,,"{""final_survivor"":7,""elapsed_s"":60.085,""terminal_polish_s"":null,""arms"":{""0"":[""template"",""floor"",6.95],""1"":[""mm"",""dropped:r2"",8.1],""2"":[""mm"",""dropped:r1"",8.96],""3"":[""mm"",""dropped:r1"",8.19],""4"":[""mm"",""dropped:r1"",8.36],""5"":[""cuthill"",""dropped:r3"",7.69],""6"":[""clmm"",""dropped:r2"",7.93],""7"":[""clmm-core"",""final"",7.13]}}"
Z12,100,0.2,104,0,race9-seq,SUCCESS,1,6.95,6.95,8,695,60.161,template[0]@template,974,,"{""final_survivor"":7,""elapsed_s"":60.16,""terminal_polish_s"":0.0,""arms"":{""0"":[""template"",""floor"",6.95],""1"":[""mm"",""dropped:r2"",8.16],""2"":[""mm"",""dropped:r1"",8.96],""3"":[""mm"",""dropped:r1"",8.19],""4"":[""mm"",""dropped:r1"",8.36],""5"":[""cuthill"",""survivor"",7.69],""6"":[""clmm"",""dropped:r2"",7.93],""7"":[""clmm-core"",""final"",7.13],""8"":[""mm-beta"",""legalize-failed"",null]}}"
Z12,100,0.2,104,0,race8-par,SUCCESS,1,6.92,6.84,8,692,60.0426,clmm-core[7]@final7,974,,"{""final_survivor"":7,""elapsed_s"":60.042,""terminal_polish_s"":null,""arms"":{""0"":[""template"",""floor"",6.95],""1"":[""mm"",""dropped:r1"",8.46],""2"":[""mm"",""dropped:r1"",8.96],""3"":[""mm"",""dropped:r3"",7.37],""4"":[""mm"",""dropped:r1"",8.65],""5"":[""cuthill"",""dropped:r2"",7.59],""6"":[""clmm"",""dropped:r2"",7.93],""7"":[""clmm-core"",""final"",6.92]}}"
Z12,100,0.2,104,0,race9-par,SUCCESS,1,6.92,6.84,8,692,60.1226,clmm-core[7]@final7,974,,"{""final_survivor"":7,""elapsed_s"":60.122,""terminal_polish_s"":0.0,""arms"":{""0"":[""template"",""floor"",6.95],""1"":[""mm"",""dropped:r1"",8.46],""2"":[""mm"",""dropped:r1"",8.65],""3"":[""mm"",""dropped:r3"",7.37],""4"":[""mm"",""dropped:r1"",8.65],""5"":[""cuthill"",""dropped:r2"",7.59],""6"":[""clmm"",""dropped:r2"",7.93],""7"":[""clmm-core"",""final"",6.92],""8"":[""mm-beta"",""legalize-failed"",null]}}"
Z12,100,0.2,104,2,race8-seq,SUCCESS,1,6.91,6.82,8,691,60.2585,clmm[6]@q1,974,,"{""final_survivor"":6,""elapsed_s"":60.258,""terminal_polish_s"":null,""arms"":{""0"":[""template"",""floor"",6.95],""1"":[""mm"",""dropped:r1"",8.55],""2"":[""mm"",""dropped:r2"",7.79],""3"":[""mm"",""dropped:r1"",8.46],""4"":[""mm"",""dropped:r1"",8.98],""5"":[""cuthill"",""dropped:r2"",7.58],""6"":[""clmm"",""final"",6.91],""7"":[""clmm-core"",""dropped:r3"",7.36]}}"
Z12,100,0.2,104,2,race9-seq,SUCCESS,1,6.91,6.82,8,691,60.1143,clmm[6]@q1,974,,"{""final_survivor"":6,""elapsed_s"":60.114,""terminal_polish_s"":0.0,""arms"":{""0"":[""template"",""floor"",6.95],""1"":[""mm"",""dropped:r1"",8.51],""2"":[""mm"",""dropped:r2"",8.28],""3"":[""mm"",""dropped:r1"",8.46],""4"":[""mm"",""dropped:r1"",8.98],""5"":[""cuthill"",""dropped:r2"",7.58],""6"":[""clmm"",""final"",6.91],""7"":[""clmm-core"",""survivor"",7.36],""8"":[""mm-beta"",""legalize-failed"",null]}}"
Z12,100,0.2,104,2,race8-par,SUCCESS,1,6.93,6.86,8,693,60.1283,clmm[6]@final2,974,,"{""final_survivor"":6,""elapsed_s"":60.128,""terminal_polish_s"":null,""arms"":{""0"":[""template"",""floor"",6.95],""1"":[""mm"",""dropped:r1"",8.71],""2"":[""mm"",""dropped:r2"",7.79],""3"":[""mm"",""dropped:r1"",8.97],""4"":[""mm"",""dropped:r1"",8.98],""5"":[""cuthill"",""dropped:r2"",7.58],""6"":[""clmm"",""final"",6.93],""7"":[""clmm-core"",""dropped:r3"",7.36]}}"
Z12,100,0.2,104,2,race9-par,SUCCESS,1,6.88,6.81,8,688,60.0376,clmm[6]@final6,974,,"{""final_survivor"":6,""elapsed_s"":60.037,""terminal_polish_s"":0.0,""arms"":{""0"":[""template"",""floor"",6.95],""1"":[""mm"",""dropped:r1"",8.51],""2"":[""mm"",""dropped:r2"",7.79],""3"":[""mm"",""dropped:r1"",8.97],""4"":[""mm"",""dropped:r1"",8.98],""5"":[""cuthill"",""dropped:r2"",7.58],""6"":[""clmm"",""final"",6.88],""7"":[""clmm-core"",""dropped:r3"",7.36],""8"":[""mm-beta"",""legalize-failed"",null]}}"
Z12,100,0.2,104,3,race8-seq,SUCCESS,1,6.95,6.95,8,695,60.0367,template[0]@template,974,,"{""final_survivor"":7,""elapsed_s"":60.036,""terminal_polish_s"":null,""arms"":{""0"":[""template"",""floor"",6.95],""1"":[""mm"",""dropped:r1"",8.63],""2"":[""mm"",""dropped:r1"",9.02],""3"":[""mm"",""dropped:r3"",7.55],""4"":[""mm"",""dropped:r1"",8.12],""5"":[""cuthill"",""dropped:r2"",7.72],""6"":[""clmm"",""dropped:r2"",7.87],""7"":[""clmm-core"",""final"",7.44]}}"
Z12,100,0.2,104,3,race9-seq,SUCCESS,1,6.95,6.95,8,695,60.0686,template[0]@template,974,,"{""final_survivor"":7,""elapsed_s"":60.068,""terminal_polish_s"":0.0,""arms"":{""0"":[""template"",""floor"",6.95],""1"":[""mm"",""dropped:r1"",8.63],""2"":[""mm"",""dropped:r1"",9.02],""3"":[""mm"",""dropped:r2"",8.01],""4"":[""mm"",""dropped:r1"",8.12],""5"":[""cuthill"",""survivor"",7.72],""6"":[""clmm"",""dropped:r2"",7.87],""7"":[""clmm-core"",""final"",7.45],""8"":[""mm-beta"",""legalize-failed"",null]}}"
Z12,100,0.2,104,3,race8-par,SUCCESS,1,6.95,6.95,8,695,60.0604,template[0]@template,974,,"{""final_survivor"":7,""elapsed_s"":60.06,""terminal_polish_s"":null,""arms"":{""0"":[""template"",""floor"",6.95],""1"":[""mm"",""dropped:r1"",8.63],""2"":[""mm"",""dropped:r1"",9.02],""3"":[""mm"",""dropped:r1"",8.36],""4"":[""mm"",""dropped:r3"",7.55],""5"":[""cuthill"",""dropped:r2"",7.82],""6"":[""clmm"",""dropped:r2"",7.87],""7"":[""clmm-core"",""final"",7.36]}}"
Z12,100,0.2,104,3,race9-par,SUCCESS,1,6.95,6.95,8,695,60.2086,template[0]@template,974,,"{""final_survivor"":7,""elapsed_s"":60.208,""terminal_polish_s"":0.0,""arms"":{""0"":[""template"",""floor"",6.95],""1"":[""mm"",""dropped:r1"",8.63],""2"":[""mm"",""dropped:r1"",9.02],""3"":[""mm"",""dropped:r3"",7.8],""4"":[""mm"",""dropped:r1"",8.12],""5"":[""cuthill"",""dropped:r2"",7.82],""6"":[""clmm"",""dropped:r2"",7.87],""7"":[""clmm-core"",""final"",7.36],""8"":[""mm-beta"",""legalize-failed"",null]}}"
Z12,100,0.2,104,1,race8-seq,SUCCESS,1,6.95,6.95,8,695,60.2762,template[0]@template,974,,"{""final_survivor"":7,""elapsed_s"":60.276,""terminal_polish_s"":null,""arms"":{""0"":[""template"",""floor"",6.95],""1"":[""mm"",""dropped:r1"",9.1],""2"":[""mm"",""dropped:r1"",8.57],""3"":[""mm"",""dropped:r2"",7.8],""4"":[""mm"",""dropped:r1"",8.81],""5"":[""cuthill"",""dropped:r3"",7.45],""6"":[""clmm"",""dropped:r2"",7.85],""7"":[""clmm-core"",""final"",7.42]}}"
Z12,100,0.2,104,1,race9-seq,SUCCESS,1,6.95,6.95,8,695,60.1336,template[0]@template,974,,"{""final_survivor"":7,""elapsed_s"":60.133,""terminal_polish_s"":0.0,""arms"":{""0"":[""template"",""floor"",6.95],""1"":[""mm"",""dropped:r1"",9.1],""2"":[""mm"",""dropped:r1"",8.57],""3"":[""mm"",""dropped:r2"",7.86],""4"":[""mm"",""dropped:r1"",8.81],""5"":[""cuthill"",""survivor"",7.45],""6"":[""clmm"",""dropped:r2"",7.85],""7"":[""clmm-core"",""final"",7.42],""8"":[""mm-beta"",""legalize-failed"",null]}}"
Z12,100,0.2,104,1,race8-par,SUCCESS,1,6.95,6.95,8,695,60.1716,template[0]@template,974,,"{""final_survivor"":7,""elapsed_s"":60.171,""terminal_polish_s"":null,""arms"":{""0"":[""template"",""floor"",6.95],""1"":[""mm"",""dropped:r1"",9.1],""2"":[""mm"",""dropped:r2"",8.02],""3"":[""mm"",""dropped:r1"",8.64],""4"":[""mm"",""dropped:r1"",8.81],""5"":[""cuthill"",""dropped:r3"",7.46],""6"":[""clmm"",""dropped:r2"",7.85],""7"":[""clmm-core"",""final"",7.16]}}"
Z12,100,0.2,104,1,race9-par,SUCCESS,1,6.95,6.95,8,695,60.199,template[0]@template,974,,"{""final_survivor"":5,""elapsed_s"":60.198,""terminal_polish_s"":0.0,""arms"":{""0"":[""template"",""floor"",6.95],""1"":[""mm"",""dropped:r1"",9.1],""2"":[""mm"",""dropped:r2"",8.0],""3"":[""mm"",""dropped:r1"",8.64],""4"":[""mm"",""dropped:r1"",8.81],""5"":[""cuthill"",""final"",7.2],""6"":[""clmm"",""dropped:r2"",7.85],""7"":[""clmm-core"",""dropped:r3"",7.42],""8"":[""mm-beta"",""legalize-failed"",null]}}"
Z12,100,0.2,104,4,race8-seq,SUCCESS,1,6.95,6.95,8,695,60.0606,template[0]@template,974,,"{""final_survivor"":7,""elapsed_s"":60.06,""terminal_polish_s"":null,""arms"":{""0"":[""template"",""floor"",6.95],""1"":[""mm"",""dropped:r1"",8.59],""2"":[""mm"",""dropped:r1"",9.27],""3"":[""mm"",""dropped:r2"",7.99],""4"":[""mm"",""dropped:r1"",8.43],""5"":[""cuthill"",""dropped:r3"",7.62],""6"":[""clmm"",""dropped:r2"",7.89],""7"":[""clmm-core"",""final"",7.39]}}"
Z12,100,0.2,104,4,race9-seq,SUCCESS,1,6.95,6.95,8,695,60.2184,template[0]@template,974,,"{""final_survivor"":7,""elapsed_s"":60.218,""terminal_polish_s"":0.0,""arms"":{""0"":[""template"",""floor"",6.95],""1"":[""mm"",""dropped:r1"",8.59],""2"":[""mm"",""dropped:r1"",9.27],""3"":[""mm"",""dropped:r2"",7.97],""4"":[""mm"",""dropped:r1"",8.43],""5"":[""cuthill"",""survivor"",7.62],""6"":[""clmm"",""dropped:r2"",7.89],""7"":[""clmm-core"",""final"",7.42],""8"":[""mm-beta"",""legalize-failed"",null]}}"
Z12,100,0.2,104,4,race8-par,SUCCESS,1,6.91,6.63,11,691,60.0588,cuthill[5]@final8,974,,"{""final_survivor"":5,""elapsed_s"":60.058,""terminal_polish_s"":null,""arms"":{""0"":[""template"",""floor"",6.95],""1"":[""mm"",""dropped:r1"",8.65],""2"":[""mm"",""dropped:r1"",9.27],""3"":[""mm"",""dropped:r2"",8.23],""4"":[""mm"",""dropped:r1"",8.58],""5"":[""cuthill"",""final"",6.91],""6"":[""clmm"",""dropped:r2"",7.89],""7"":[""clmm-core"",""dropped:r3"",7.39]}}"
Z12,100,0.2,104,4,race9-par,SUCCESS,1,6.95,6.95,8,695,60.2095,template[0]@template,974,,"{""final_survivor"":5,""elapsed_s"":60.209,""terminal_polish_s"":0.0,""arms"":{""0"":[""template"",""floor"",6.95],""1"":[""mm"",""dropped:r1"",8.65],""2"":[""mm"",""dropped:r1"",9.27],""3"":[""mm"",""dropped:r2"",7.86],""4"":[""mm"",""dropped:r1"",8.58],""5"":[""cuthill"",""final"",6.98],""6"":[""clmm"",""dropped:r2"",7.89],""7"":[""clmm-core"",""dropped:r3"",7.39],""8"":[""mm-beta"",""legalize-failed"",null]}}"
Z12,100,0.2,105,1,race8-seq,SUCCESS,1,7.05,7.05,8,705,60.1624,template[0]@template,978,,"{""final_survivor"":7,""elapsed_s"":60.162,""terminal_polish_s"":null,""arms"":{""0"":[""template"",""floor"",7.05],""1"":[""mm"",""dropped:r1"",8.56],""2"":[""mm"",""dropped:r1"",8.85],""3"":[""mm"",""dropped:r1"",9.61],""4"":[""mm"",""dropped:r2"",8.08],""5"":[""cuthill"",""dropped:r3"",7.34],""6"":[""clmm"",""dropped:r2"",7.83],""7"":[""clmm-core"",""final"",7.31]}}"
Z12,100,0.2,105,1,race9-seq,SUCCESS,1,7.05,7.05,8,705,60.0503,template[0]@template,978,,"{""final_survivor"":7,""elapsed_s"":60.05,""terminal_polish_s"":0.0,""arms"":{""0"":[""template"",""floor"",7.05],""1"":[""mm"",""dropped:r1"",8.56],""2"":[""mm"",""dropped:r1"",8.85],""3"":[""mm"",""dropped:r1"",9.61],""4"":[""mm"",""dropped:r2"",8.51],""5"":[""cuthill"",""survivor"",7.34],""6"":[""clmm"",""dropped:r2"",7.83],""7"":[""clmm-core"",""final"",7.31],""8"":[""mm-beta"",""legalize-failed"",null]}}"
Z12,100,0.2,105,1,race8-par,SUCCESS,1,7.05,7.05,8,705,60.0934,template[0]@template,978,,"{""final_survivor"":7,""elapsed_s"":60.093,""terminal_polish_s"":null,""arms"":{""0"":[""template"",""floor"",7.05],""1"":[""mm"",""dropped:r1"",8.68],""2"":[""mm"",""dropped:r1"",8.81],""3"":[""mm"",""dropped:r1"",9.61],""4"":[""mm"",""dropped:r2"",8.08],""5"":[""cuthill"",""dropped:r3"",7.33],""6"":[""clmm"",""dropped:r2"",7.83],""7"":[""clmm-core"",""final"",7.09]}}"
Z12,100,0.2,105,1,race9-par,SUCCESS,1,7.05,7.05,8,705,60.0944,template[0]@template,978,,"{""final_survivor"":5,""elapsed_s"":60.094,""terminal_polish_s"":0.0,""arms"":{""0"":[""template"",""floor"",7.05],""1"":[""mm"",""dropped:r1"",8.68],""2"":[""mm"",""dropped:r1"",8.85],""3"":[""mm"",""dropped:r1"",9.61],""4"":[""mm"",""dropped:r2"",8.08],""5"":[""cuthill"",""final"",7.08],""6"":[""clmm"",""dropped:r2"",7.83],""7"":[""clmm-core"",""dropped:r3"",7.31],""8"":[""mm-beta"",""legalize-failed"",null]}}"
Z12,100,0.2,105,0,race8-seq,SUCCESS,1,7.05,7.05,8,705,60.1468,template[0]@template,978,,"{""final_survivor"":7,""elapsed_s"":60.146,""terminal_polish_s"":null,""arms"":{""0"":[""template"",""floor"",7.05],""1"":[""mm"",""dropped:r1"",8.64],""2"":[""mm"",""dropped:r1"",8.58],""3"":[""mm"",""dropped:r1"",8.79],""4"":[""mm"",""dropped:r3"",7.6],""5"":[""cuthill"",""dropped:r2"",7.83],""6"":[""clmm"",""dropped:r2"",7.8],""7"":[""clmm-core"",""final"",7.08]}}"
Z12,100,0.2,105,0,race9-seq,SUCCESS,1,7.05,7.05,8,705,60.1104,template[0]@template,978,,"{""final_survivor"":7,""elapsed_s"":60.11,""terminal_polish_s"":0.0,""arms"":{""0"":[""template"",""floor"",7.05],""1"":[""mm"",""dropped:r1"",8.64],""2"":[""mm"",""dropped:r1"",8.58],""3"":[""mm"",""dropped:r1"",8.79],""4"":[""mm"",""survivor"",7.6],""5"":[""cuthill"",""dropped:r2"",8.35],""6"":[""clmm"",""dropped:r2"",7.8],""7"":[""clmm-core"",""final"",7.29],""8"":[""mm-beta"",""legalize-failed"",null]}}"
Z12,100,0.2,105,0,race8-par,SUCCESS,1,7.05,7.05,8,705,60.2862,template[0]@template,978,,"{""final_survivor"":7,""elapsed_s"":60.286,""terminal_polish_s"":null,""arms"":{""0"":[""template"",""floor"",7.05],""1"":[""mm"",""dropped:r2"",8.24],""2"":[""mm"",""dropped:r1"",8.86],""3"":[""mm"",""dropped:r1"",8.79],""4"":[""mm"",""dropped:r1"",8.85],""5"":[""cuthill"",""dropped:r2"",7.83],""6"":[""clmm"",""dropped:r3"",7.79],""7"":[""clmm-core"",""final"",7.08]}}"
Z12,100,0.2,105,0,race9-par,SUCCESS,1,7.05,7.05,8,705,60.1482,template[0]@template,978,,"{""final_survivor"":7,""elapsed_s"":60.148,""terminal_polish_s"":0.0,""arms"":{""0"":[""template"",""floor"",7.05],""1"":[""mm"",""dropped:r2"",8.24],""2"":[""mm"",""dropped:r1"",8.86],""3"":[""mm"",""dropped:r1"",8.79],""4"":[""mm"",""dropped:r1"",8.85],""5"":[""cuthill"",""dropped:r2"",7.82],""6"":[""clmm"",""dropped:r3"",7.79],""7"":[""clmm-core"",""final"",7.08],""8"":[""mm-beta"",""legalize-failed"",null]}}"
Z12,100,0.2,105,4,race8-seq,SUCCESS,1,7.05,7.05,8,705,60.1855,template[0]@template,978,,"{""final_survivor"":7,""elapsed_s"":60.185,""terminal_polish_s"":null,""arms"":{""0"":[""template"",""floor"",7.05],""1"":[""mm"",""dropped:r3"",7.68],""2"":[""mm"",""dropped:r1"",8.53],""3"":[""mm"",""dropped:r1"",8.44],""4"":[""mm"",""dropped:r1"",8.77],""5"":[""cuthill"",""dropped:r2"",8.11],""6"":[""clmm"",""dropped:r2"",7.8],""7"":[""clmm-core"",""final"",7.31]}}"
Z12,100,0.2,105,4,race9-seq,SUCCESS,1,7.05,7.05,8,705,60.0277,template[0]@template,978,,"{""final_survivor"":7,""elapsed_s"":60.027,""terminal_polish_s"":0.0,""arms"":{""0"":[""template"",""floor"",7.05],""1"":[""mm"",""survivor"",7.68],""2"":[""mm"",""dropped:r1"",8.53],""3"":[""mm"",""dropped:r1"",8.44],""4"":[""mm"",""dropped:r1"",8.77],""5"":[""cuthill"",""dropped:r2"",8.34],""6"":[""clmm"",""dropped:r2"",7.8],""7"":[""clmm-core"",""final"",7.32],""8"":[""mm-beta"",""legalize-failed"",null]}}"
Z12,100,0.2,105,4,race8-par,SUCCESS,1,7.05,7.05,8,705,60.0693,template[0]@template,978,,"{""final_survivor"":7,""elapsed_s"":60.069,""terminal_polish_s"":null,""arms"":{""0"":[""template"",""floor"",7.05],""1"":[""mm"",""dropped:r3"",7.68],""2"":[""mm"",""dropped:r1"",8.7],""3"":[""mm"",""dropped:r1"",8.45],""4"":[""mm"",""dropped:r1"",8.77],""5"":[""cuthill"",""dropped:r2"",8.11],""6"":[""clmm"",""dropped:r2"",7.8],""7"":[""clmm-core"",""final"",7.14]}}"
Z12,100,0.2,105,4,race9-par,SUCCESS,1,7.05,7.05,8,705,60.1305,template[0]@template,978,,"{""final_survivor"":7,""elapsed_s"":60.13,""terminal_polish_s"":0.0,""arms"":{""0"":[""template"",""floor"",7.05],""1"":[""mm"",""dropped:r3"",7.68],""2"":[""mm"",""dropped:r1"",8.7],""3"":[""mm"",""dropped:r1"",8.45],""4"":[""mm"",""dropped:r1"",8.77],""5"":[""cuthill"",""dropped:r2"",8.11],""6"":[""clmm"",""dropped:r2"",7.8],""7"":[""clmm-core"",""final"",7.14],""8"":[""mm-beta"",""legalize-failed"",null]}}"
Z12,100,0.2,105,3,race8-seq,SUCCESS,1,6.91,6.86,8,691,60.1592,clmm-core[7]@q3,978,,"{""final_survivor"":7,""elapsed_s"":60.159,""terminal_polish_s"":null,""arms"":{""0"":[""template"",""floor"",7.05],""1"":[""mm"",""dropped:r2"",8.13],""2"":[""mm"",""dropped:r1"",8.58],""3"":[""mm"",""dropped:r1"",8.78],""4"":[""mm"",""dropped:r1"",8.83],""5"":[""cuthill"",""dropped:r2"",8.52],""6"":[""clmm"",""dropped:r3"",7.86],""7"":[""clmm-core"",""final"",6.91]}}"
Z12,100,0.2,105,3,race9-seq,SUCCESS,1,6.98,6.91,8,698,60.123,clmm-core[7]@q1,978,,"{""final_survivor"":7,""elapsed_s"":60.123,""terminal_polish_s"":0.0,""arms"":{""0"":[""template"",""floor"",7.05],""1"":[""mm"",""dropped:r2"",8.13],""2"":[""mm"",""dropped:r1"",8.58],""3"":[""mm"",""dropped:r1"",8.78],""4"":[""mm"",""dropped:r1"",8.83],""5"":[""cuthill"",""dropped:r2"",8.52],""6"":[""clmm"",""survivor"",7.86],""7"":[""clmm-core"",""final"",6.98],""8"":[""mm-beta"",""legalize-failed"",null]}}"
Z12,100,0.2,105,3,race8-par,SUCCESS,1,6.87,6.83,8,687,60.1489,clmm-core[7]@q3,978,,"{""final_survivor"":7,""elapsed_s"":60.148,""terminal_polish_s"":null,""arms"":{""0"":[""template"",""floor"",7.05],""1"":[""mm"",""dropped:r2"",8.01],""2"":[""mm"",""dropped:r1"",8.66],""3"":[""mm"",""dropped:r1"",8.74],""4"":[""mm"",""dropped:r1"",8.83],""5"":[""cuthill"",""dropped:r2"",8.52],""6"":[""clmm"",""dropped:r3"",7.86],""7"":[""clmm-core"",""final"",6.87]}}"
Z12,100,0.2,105,3,race9-par,SUCCESS,1,6.87,6.83,8,687,60.1707,clmm-core[7]@q3,978,,"{""final_survivor"":7,""elapsed_s"":60.17,""terminal_polish_s"":0.0,""arms"":{""0"":[""template"",""floor"",7.05],""1"":[""mm"",""dropped:r2"",8.01],""2"":[""mm"",""dropped:r1"",8.66],""3"":[""mm"",""dropped:r1"",8.74],""4"":[""mm"",""dropped:r1"",8.83],""5"":[""cuthill"",""dropped:r2"",8.52],""6"":[""clmm"",""dropped:r3"",7.86],""7"":[""clmm-core"",""final"",6.87],""8"":[""mm-beta"",""legalize-failed"",null]}}"
Z12,100,0.2,105,2,race8-seq,SUCCESS,1,7.05,7.05,8,705,60.2598,template[0]@template,978,,"{""final_survivor"":7,""elapsed_s"":60.259,""terminal_polish_s"":null,""arms"":{""0"":[""template"",""floor"",7.05],""1"":[""mm"",""dropped:r3"",7.88],""2"":[""mm"",""dropped:r1"",9.03],""3"":[""mm"",""dropped:r1"",8.73],""4"":[""mm"",""dropped:r1"",10.77],""5"":[""cuthill"",""dropped:r2"",8.27],""6"":[""clmm"",""dropped:r2"",7.91],""7"":[""clmm-core"",""final"",7.14]}}"
Z12,100,0.2,105,2,race9-seq,SUCCESS,1,7.05,7.05,8,705,60.1393,template[0]@template,978,,"{""final_survivor"":7,""elapsed_s"":60.139,""terminal_polish_s"":0.0,""arms"":{""0"":[""template"",""floor"",7.05],""1"":[""mm"",""dropped:r2"",7.99],""2"":[""mm"",""dropped:r1"",9.03],""3"":[""mm"",""dropped:r1"",8.73],""4"":[""mm"",""dropped:r1"",10.77],""5"":[""cuthill"",""dropped:r2"",8.27],""6"":[""clmm"",""survivor"",7.91],""7"":[""clmm-core"",""final"",7.14],""8"":[""mm-beta"",""legalize-failed"",null]}}"
Z12,100,0.2,105,2,race8-par,SUCCESS,1,7.05,7.05,8,705,60.2712,template[0]@template,978,,"{""final_survivor"":7,""elapsed_s"":60.271,""terminal_polish_s"":null,""arms"":{""0"":[""template"",""floor"",7.05],""1"":[""mm"",""dropped:r1"",9.19],""2"":[""mm"",""dropped:r1"",9.03],""3"":[""mm"",""dropped:r2"",7.97],""4"":[""mm"",""dropped:r1"",11.06],""5"":[""cuthill"",""dropped:r3"",7.69],""6"":[""clmm"",""dropped:r2"",7.91],""7"":[""clmm-core"",""final"",7.14]}}"
Z12,100,0.2,105,2,race9-par,SUCCESS,1,7.05,7.05,8,705,60.1089,template[0]@template,978,,"{""final_survivor"":7,""elapsed_s"":60.108,""terminal_polish_s"":0.0,""arms"":{""0"":[""template"",""floor"",7.05],""1"":[""mm"",""dropped:r1"",8.77],""2"":[""mm"",""dropped:r1"",9.01],""3"":[""mm"",""dropped:r2"",7.97],""4"":[""mm"",""dropped:r1"",11.06],""5"":[""cuthill"",""dropped:r3"",7.69],""6"":[""clmm"",""dropped:r2"",7.91],""7"":[""clmm-core"",""final"",7.14],""8"":[""mm-beta"",""legalize-failed"",null]}}"
