source,target,algorithm,seed,n,success,valid,avg_chain_length,max_chain_length,total_qubits_used,wall_time,problem_nodes,problem_edges
ERd0.3_n20,pegasus16_broken,minorminer,0,20,1,1,1.65,2,33,0.22098415694199502,20,66
ERd0.3_n20,pegasus16_broken,minorminer,1,20,1,1,1.9,3,38,0.13154947594739497,20,66
ERd0.3_n20,pegasus16_broken,minorminer,2,20,1,1,1.7,3,34,0.21127677289769053,20,66
ERd0.3_n20,pegasus16_broken,minorminer-layout,0,20,1,1,1.75,3,35,1.84365339204669,20,66
ERd0.3_n20,pegasus16_broken,minorminer-layout,1,20,1,1,1.65,3,33,2.7276345000136644,20,66
ERd0.3_n20,pegasus16_broken,minorminer-layout,2,20,1,1,1.75,3,35,1.6452094921842217,20,66
ERd0.3_n20,pegasus16_broken,reweave,0,20,1,1,1.65,2,33,0.43197829206474125,20,66
ERd0.3_n20,pegasus16_broken,reweave,1,20,1,1,1.9,3,38,0.15320300706662238,20,66
ERd0.3_n20,pegasus16_broken,reweave,2,20,1,1,1.7,3,34,0.32732364581897855,20,66
ERd0.3_n20,pegasus16_broken,reweave-thorough,0,20,1,1,1.65,2,33,1.5644958179909736,20,66
ERd0.3_n20,pegasus16_broken,reweave-thorough,1,20,1,1,1.65,3,33,0.8458796988707036,20,66
ERd0.3_n20,pegasus16_broken,reweave-thorough,2,20,1,1,1.7,3,34,1.1535765379667282,20,66
ERd0.3_n20,pegasus16_broken,mmfork-cuthill,0,20,1,1,1.8,3,36,0.14805074594914913,20,66
ERd0.3_n20,pegasus16_broken,mmfork-cuthill,1,20,1,1,1.8,3,36,0.189538812963292,20,66
ERd0.3_n20,pegasus16_broken,mmfork-cuthill,2,20,1,1,1.65,3,33,0.15086208493448794,20,66
ERd0.3_n20,pegasus16_broken,mmfork-cuthill-fast,0,20,1,1,1.8,3,36,0.19734837510623038,20,66
ERd0.3_n20,pegasus16_broken,mmfork-cuthill-fast,1,20,1,1,1.8,3,36,0.26215152698569,20,66
ERd0.3_n20,pegasus16_broken,mmfork-cuthill-fast,2,20,1,1,1.65,3,33,0.1857673479244113,20,66
ERd0.3_n20,pegasus16_broken,mmfork-portfolio,0,20,1,1,1.65,2,33,1.624804716091603,20,66
ERd0.3_n20,pegasus16_broken,mmfork-portfolio,1,20,1,1,1.75,2,35,1.7860107230953872,20,66
ERd0.3_n20,pegasus16_broken,mmfork-portfolio,2,20,1,1,1.65,3,33,1.8359102790709585,20,66
ERd0.3_n20,pegasus16_broken,reweave-mmfork-cuthill,0,20,1,1,1.8,3,36,0.20582549297250807,20,66
ERd0.3_n20,pegasus16_broken,reweave-mmfork-cuthill,1,20,1,1,1.8,3,36,0.19313639984466136,20,66
ERd0.3_n20,pegasus16_broken,reweave-mmfork-cuthill,2,20,1,1,1.65,3,33,0.4489719499833882,20,66
ERd0.3_n20,zephyr15_broken,minorminer,0,20,1,1,1.65,2,33,0.31842461903579533,20,66
ERd0.3_n20,zephyr15_broken,minorminer,1,20,1,1,1.45,2,29,0.33685678197070956,20,66
ERd0.3_n20,zephyr15_broken,minorminer,2,20,1,1,1.6,3,32,0.3160179080441594,20,66
ERd0.3_n20,zephyr15_broken,minorminer-layout,0,20,1,1,1.7,3,34,2.1539289001375437,20,66
ERd0.3_n20,zephyr15_broken,minorminer-layout,1,20,1,1,1.7,3,34,1.9121519490145147,20,66
ERd0.3_n20,zephyr15_broken,minorminer-layout,2,20,1,1,1.55,2,31,2.04099677503109,20,66
ERd0.3_n20,zephyr15_broken,reweave,0,20,1,1,1.65,2,33,0.33670389209873974,20,66
ERd0.3_n20,zephyr15_broken,reweave,1,20,1,1,1.45,2,29,0.23644064087420702,20,66
ERd0.3_n20,zephyr15_broken,reweave,2,20,1,1,1.6,3,32,0.3023040881380439,20,66
ERd0.3_n20,zephyr15_broken,reweave-thorough,0,20,1,1,1.55,2,31,1.8678767019882798,20,66
ERd0.3_n20,zephyr15_broken,reweave-thorough,1,20,1,1,1.45,2,29,1.2675525380764157,20,66
ERd0.3_n20,zephyr15_broken,reweave-thorough,2,20,1,1,1.55,2,31,1.3730352609418333,20,66
ERd0.3_n20,zephyr15_broken,mmfork-cuthill,0,20,1,1,1.45,2,29,0.4735851378645748,20,66
ERd0.3_n20,zephyr15_broken,mmfork-cuthill,1,20,1,1,1.55,3,31,0.35130956885404885,20,66
ERd0.3_n20,zephyr15_broken,mmfork-cuthill,2,20,1,1,1.55,2,31,0.6872749829199165,20,66
ERd0.3_n20,zephyr15_broken,mmfork-cuthill-fast,0,20,1,1,1.45,2,29,0.30254155700095,20,66
ERd0.3_n20,zephyr15_broken,mmfork-cuthill-fast,1,20,1,1,1.55,3,31,0.4332702560350299,20,66
ERd0.3_n20,zephyr15_broken,mmfork-cuthill-fast,2,20,1,1,1.55,2,31,0.5162835009396076,20,66
ERd0.3_n20,zephyr15_broken,mmfork-portfolio,0,20,1,1,1.45,2,29,1.8504417159128934,20,66
ERd0.3_n20,zephyr15_broken,mmfork-portfolio,1,20,1,1,1.4,2,28,2.456997415050864,20,66
ERd0.3_n20,zephyr15_broken,mmfork-portfolio,2,20,1,1,1.5,2,30,1.855555246816948,20,66
ERd0.3_n20,zephyr15_broken,reweave-mmfork-cuthill,0,20,1,1,1.45,2,29,0.5924107618629932,20,66
ERd0.3_n20,zephyr15_broken,reweave-mmfork-cuthill,1,20,1,1,1.55,3,31,0.379915013210848,20,66
ERd0.3_n20,zephyr15_broken,reweave-mmfork-cuthill,2,20,1,1,1.55,2,31,0.29939724900759757,20,66
ERd0.3_n40,pegasus16_broken,minorminer,0,40,1,1,4.1,7,164,1.7803648731205612,40,241
ERd0.3_n40,pegasus16_broken,minorminer,1,40,1,1,3.775,6,151,3.2227145889773965,40,241
ERd0.3_n40,pegasus16_broken,minorminer,2,40,1,1,3.7,5,148,2.4544857039581984,40,241
ERd0.3_n40,pegasus16_broken,minorminer-layout,0,40,1,1,3.6,5,144,2.3924807419534773,40,241
ERd0.3_n40,pegasus16_broken,minorminer-layout,1,40,1,1,3.725,6,149,3.2556570670567453,40,241
ERd0.3_n40,pegasus16_broken,minorminer-layout,2,40,1,1,3.925,6,157,2.64526783186011,40,241
ERd0.3_n40,pegasus16_broken,reweave,0,40,1,1,3.975,6,159,1.3651699498295784,40,241
ERd0.3_n40,pegasus16_broken,reweave,1,40,1,1,3.7,6,148,4.247923548100516,40,241
ERd0.3_n40,pegasus16_broken,reweave,2,40,1,1,3.7,5,148,2.105146767804399,40,241
ERd0.3_n40,pegasus16_broken,reweave-thorough,0,40,1,1,3.65,5,146,11.140715288929641,40,241
ERd0.3_n40,pegasus16_broken,reweave-thorough,1,40,1,1,3.625,6,145,13.045670408988371,40,241
ERd0.3_n40,pegasus16_broken,reweave-thorough,2,40,1,1,3.5,6,140,8.534513348946348,40,241
ERd0.3_n40,pegasus16_broken,mmfork-cuthill,0,40,1,1,3.875,6,155,2.045048690168187,40,241
ERd0.3_n40,pegasus16_broken,mmfork-cuthill,1,40,1,1,3.8,6,152,2.385791036998853,40,241
ERd0.3_n40,pegasus16_broken,mmfork-cuthill,2,40,1,1,3.9,6,156,1.7225218159146607,40,241
ERd0.3_n40,pegasus16_broken,mmfork-cuthill-fast,0,40,1,1,3.875,6,155,2.0344962780363858,40,241
ERd0.3_n40,pegasus16_broken,mmfork-cuthill-fast,1,40,1,1,3.8,6,152,2.093639071797952,40,241
ERd0.3_n40,pegasus16_broken,mmfork-cuthill-fast,2,40,1,1,3.9,6,156,1.7727524309884757,40,241
ERd0.3_n40,pegasus16_broken,mmfork-portfolio,0,40,1,1,3.5,5,140,13.608901923988014,40,241
ERd0.3_n40,pegasus16_broken,mmfork-portfolio,1,40,1,1,3.45,5,138,14.48016666714102,40,241
ERd0.3_n40,pegasus16_broken,mmfork-portfolio,2,40,1,1,3.525,6,141,9.515920887002721,40,241
ERd0.3_n40,pegasus16_broken,reweave-mmfork-cuthill,0,40,1,1,3.725,5,149,2.63311416702345,40,241
ERd0.3_n40,pegasus16_broken,reweave-mmfork-cuthill,1,40,1,1,3.7,6,148,4.037981929956004,40,241
ERd0.3_n40,pegasus16_broken,reweave-mmfork-cuthill,2,40,1,1,3.8,5,152,2.283502013189718,40,241
ERd0.3_n40,zephyr15_broken,minorminer,0,40,1,1,2.8,4,112,5.190015961881727,40,241
ERd0.3_n40,zephyr15_broken,minorminer,1,40,1,1,2.775,4,111,3.347985067870468,40,241
ERd0.3_n40,zephyr15_broken,minorminer,2,40,1,1,3.3,5,132,1.5473122510593385,40,241
ERd0.3_n40,zephyr15_broken,minorminer-layout,0,40,1,1,3.175,4,127,3.4768644641153514,40,241
ERd0.3_n40,zephyr15_broken,minorminer-layout,1,40,1,1,3.175,5,127,4.207114268094301,40,241
ERd0.3_n40,zephyr15_broken,minorminer-layout,2,40,1,1,3.0,4,120,4.350405951030552,40,241
ERd0.3_n40,zephyr15_broken,reweave,0,40,1,1,2.8,4,112,4.1786152520217,40,241
ERd0.3_n40,zephyr15_broken,reweave,1,40,1,1,2.775,4,111,4.060094288084656,40,241
ERd0.3_n40,zephyr15_broken,reweave,2,40,1,1,3.175,5,127,1.8831338051240891,40,241
ERd0.3_n40,zephyr15_broken,reweave-thorough,0,40,1,1,2.8,4,112,15.459491261979565,40,241
ERd0.3_n40,zephyr15_broken,reweave-thorough,1,40,1,1,2.775,4,111,12.020385710056871,40,241
ERd0.3_n40,zephyr15_broken,reweave-thorough,2,40,1,1,2.75,4,110,8.95551026891917,40,241
ERd0.3_n40,zephyr15_broken,mmfork-cuthill,0,40,1,1,2.925,4,117,2.023519529029727,40,241
ERd0.3_n40,zephyr15_broken,mmfork-cuthill,1,40,1,1,3.175,5,127,1.1529894499108195,40,241
ERd0.3_n40,zephyr15_broken,mmfork-cuthill,2,40,1,1,3.0,5,120,2.8407783429138362,40,241
ERd0.3_n40,zephyr15_broken,mmfork-cuthill-fast,0,40,1,1,2.925,4,117,2.988693499006331,40,241
ERd0.3_n40,zephyr15_broken,mmfork-cuthill-fast,1,40,1,1,3.175,5,127,1.392748418962583,40,241
ERd0.3_n40,zephyr15_broken,mmfork-cuthill-fast,2,40,1,1,3.0,5,120,2.5793727040290833,40,241
ERd0.3_n40,zephyr15_broken,mmfork-portfolio,0,40,1,1,2.8,4,112,27.70296535710804,40,241
ERd0.3_n40,zephyr15_broken,mmfork-portfolio,1,40,1,1,2.75,4,110,14.233705021906644,40,241
ERd0.3_n40,zephyr15_broken,mmfork-portfolio,2,40,1,1,2.675,4,107,17.351758873090148,40,241
ERd0.3_n40,zephyr15_broken,reweave-mmfork-cuthill,0,40,1,1,2.925,4,117,3.2235967048909515,40,241
ERd0.3_n40,zephyr15_broken,reweave-mmfork-cuthill,1,40,1,1,3.15,5,126,1.3169006570242345,40,241
ERd0.3_n40,zephyr15_broken,reweave-mmfork-cuthill,2,40,1,1,2.95,5,118,3.0507119800895452,40,241
ERd0.3_n80,pegasus16_broken,minorminer,0,80,1,1,9.4375,14,755,111.79307283600792,80,955
ERd0.3_n80,pegasus16_broken,minorminer,1,80,1,1,10.9125,18,873,28.818856364116073,80,955
ERd0.3_n80,pegasus16_broken,minorminer,2,80,1,1,9.125,14,730,53.58704788098112,80,955
ERd0.3_n80,pegasus16_broken,minorminer-layout,0,80,1,1,10.8875,17,871,36.020186808891594,80,955
ERd0.3_n80,pegasus16_broken,minorminer-layout,1,80,1,1,9.6375,15,771,39.34427920100279,80,955
ERd0.3_n80,pegasus16_broken,minorminer-layout,2,80,1,1,10.95,18,876,25.77083459403366,80,955
ERd0.3_n80,pegasus16_broken,reweave,0,80,1,1,8.9375,15,715,97.79034566390328,80,955
ERd0.3_n80,pegasus16_broken,reweave,1,80,1,1,10.0375,18,803,34.29660634207539,80,955
ERd0.3_n80,pegasus16_broken,reweave,2,80,1,1,8.775,14,702,55.913008180912584,80,955
ERd0.3_n80,pegasus16_broken,reweave-thorough,0,80,1,1,9.325,15,746,126.87282767007127,80,955
ERd0.3_n80,pegasus16_broken,reweave-thorough,1,80,1,1,9.125,16,730,124.3349258878734,80,955
ERd0.3_n80,pegasus16_broken,reweave-thorough,2,80,1,1,9.1625,14,733,127.6711649321951,80,955
ERd0.3_n80,pegasus16_broken,mmfork-cuthill,0,80,1,1,9.0625,13,725,44.32267188210972,80,955
ERd0.3_n80,pegasus16_broken,mmfork-cuthill,1,80,1,1,9.5125,14,761,87.72097775805742,80,955
ERd0.3_n80,pegasus16_broken,mmfork-cuthill,2,80,1,1,9.15,15,732,31.835378969088197,80,955
ERd0.3_n80,pegasus16_broken,mmfork-cuthill-fast,0,80,1,1,9.0625,13,725,50.88679313799366,80,955
ERd0.3_n80,pegasus16_broken,mmfork-cuthill-fast,1,80,1,1,9.5125,14,761,77.06494285888039,80,955
ERd0.3_n80,pegasus16_broken,mmfork-cuthill-fast,2,80,1,1,9.15,15,732,31.53714511799626,80,955
ERd0.3_n80,pegasus16_broken,mmfork-portfolio,0,80,1,1,9.075,13,726,183.50114655308425,80,955
ERd0.3_n80,pegasus16_broken,mmfork-portfolio,1,80,1,1,9.975,15,798,163.82333542918786,80,955
ERd0.3_n80,pegasus16_broken,mmfork-portfolio,2,80,1,1,9.4,14,752,167.4016256360337,80,955
ERd0.3_n80,pegasus16_broken,reweave-mmfork-cuthill,0,80,1,1,8.6,13,688,43.228468062821776,80,955
ERd0.3_n80,pegasus16_broken,reweave-mmfork-cuthill,1,80,1,1,8.95,13,716,61.67593809310347,80,955
ERd0.3_n80,pegasus16_broken,reweave-mmfork-cuthill,2,80,1,1,8.7625,14,701,37.543421278940514,80,955
ERd0.3_n80,zephyr15_broken,minorminer,0,80,1,1,7.1125,11,569,51.86595302610658,80,955
ERd0.3_n80,zephyr15_broken,minorminer,1,80,1,1,7.375,12,590,38.24641051609069,80,955
ERd0.3_n80,zephyr15_broken,minorminer,2,80,1,1,7.55,12,604,42.51473235315643,80,955
ERd0.3_n80,zephyr15_broken,minorminer-layout,0,80,1,1,7.1875,12,575,33.07888086908497,80,955
ERd0.3_n80,zephyr15_broken,minorminer-layout,1,80,1,1,8.225,13,658,32.40262315282598,80,955
ERd0.3_n80,zephyr15_broken,minorminer-layout,2,80,1,1,7.225,12,578,33.584843853954226,80,955
ERd0.3_n80,zephyr15_broken,reweave,0,80,1,1,6.7625,10,541,66.21693784208037,80,955
ERd0.3_n80,zephyr15_broken,reweave,1,80,1,1,6.8625,11,549,53.88385363202542,80,955
ERd0.3_n80,zephyr15_broken,reweave,2,80,1,1,7.1,11,568,44.42167880409397,80,955
ERd0.3_n80,zephyr15_broken,reweave-thorough,0,80,1,1,7.0125,12,561,115.9600036230404,80,955
ERd0.3_n80,zephyr15_broken,reweave-thorough,1,80,1,1,6.95,11,556,111.5403476699721,80,955
ERd0.3_n80,zephyr15_broken,reweave-thorough,2,80,1,1,7.4375,13,595,121.91539148497395,80,955
ERd0.3_n80,zephyr15_broken,mmfork-cuthill,0,80,1,1,7.4375,12,595,73.0086881769821,80,955
ERd0.3_n80,zephyr15_broken,mmfork-cuthill,1,80,1,1,7.85,12,628,56.000264507951215,80,955
ERd0.3_n80,zephyr15_broken,mmfork-cuthill,2,80,1,1,7.1875,11,575,46.49549187393859,80,955
ERd0.3_n80,zephyr15_broken,mmfork-cuthill-fast,0,80,1,1,7.4375,12,595,57.59719993802719,80,955
ERd0.3_n80,zephyr15_broken,mmfork-cuthill-fast,1,80,1,1,7.85,12,628,60.94794840994291,80,955
ERd0.3_n80,zephyr15_broken,mmfork-cuthill-fast,2,80,1,1,7.1875,11,575,42.12318625114858,80,955
ERd0.3_n80,zephyr15_broken,mmfork-portfolio,0,80,1,1,7.325,11,586,178.52300655003637,80,955
ERd0.3_n80,zephyr15_broken,mmfork-portfolio,1,80,1,1,7.7125,12,617,184.5525723369792,80,955
ERd0.3_n80,zephyr15_broken,mmfork-portfolio,2,80,1,1,6.9,11,552,183.19347514794208,80,955
ERd0.3_n80,zephyr15_broken,reweave-mmfork-cuthill,0,80,1,1,7.0375,11,563,82.91734600090422,80,955
ERd0.3_n80,zephyr15_broken,reweave-mmfork-cuthill,1,80,1,1,7.35,10,588,52.49866879102774,80,955
ERd0.3_n80,zephyr15_broken,reweave-mmfork-cuthill,2,80,1,1,6.8125,11,545,45.681484072934836,80,955
ERd0.3_n120,pegasus16_broken,minorminer,0,120,1,1,16.575,24,1989,181.7730988280382,120,2171
ERd0.3_n120,pegasus16_broken,minorminer,1,120,1,1,17.133333333333333,29,2056,115.66837008600123,120,2171
ERd0.3_n120,pegasus16_broken,minorminer,2,120,1,1,16.791666666666668,28,2015,184.66453179204836,120,2171
ERd0.3_n120,pegasus16_broken,minorminer-layout,0,120,1,1,17.175,28,2061,130.63600887707435,120,2171
ERd0.3_n120,pegasus16_broken,minorminer-layout,1,120,1,1,17.716666666666665,28,2126,170.49270810419694,120,2171
ERd0.3_n120,pegasus16_broken,minorminer-layout,2,120,1,1,18.166666666666668,28,2180,110.75899469014257,120,2171
ERd0.3_n120,pegasus16_broken,reweave,0,120,1,1,15.591666666666667,26,1871,180.5361091629602,120,2171
ERd0.3_n120,pegasus16_broken,reweave,1,120,1,1,16.183333333333334,28,1942,180.27169762388803,120,2171
ERd0.3_n120,pegasus16_broken,reweave,2,120,1,1,16.85,27,2022,180.41123883309774,120,2171
ERd0.3_n120,pegasus16_broken,reweave-thorough,0,120,1,1,18.616666666666667,35,2234,180.9585114379879,120,2171
ERd0.3_n120,pegasus16_broken,reweave-thorough,1,120,1,1,19.033333333333335,33,2284,181.17301111086272,120,2171
ERd0.3_n120,pegasus16_broken,reweave-thorough,2,120,1,1,19.691666666666666,32,2363,181.32619421510026,120,2171
ERd0.3_n120,pegasus16_broken,mmfork-cuthill,0,120,1,1,17.575,27,2109,108.97708409605548,120,2171
ERd0.3_n120,pegasus16_broken,mmfork-cuthill,1,120,1,1,17.258333333333333,26,2071,181.80239948118106,120,2171
ERd0.3_n120,pegasus16_broken,mmfork-cuthill,2,120,1,1,17.158333333333335,28,2059,147.70590903400443,120,2171
ERd0.3_n120,pegasus16_broken,mmfork-cuthill-fast,0,120,1,1,17.575,27,2109,111.48201016779058,120,2171
ERd0.3_n120,pegasus16_broken,mmfork-cuthill-fast,1,120,1,1,17.258333333333333,26,2071,137.35168751399033,120,2171
ERd0.3_n120,pegasus16_broken,mmfork-cuthill-fast,2,120,1,1,17.158333333333335,28,2059,180.8214646622073,120,2171
ERd0.3_n120,pegasus16_broken,mmfork-portfolio,0,120,1,1,19.275,30,2313,188.99961083591916,120,2171
ERd0.3_n120,pegasus16_broken,mmfork-portfolio,1,120,1,1,19.0,33,2280,188.56125070992857,120,2171
ERd0.3_n120,pegasus16_broken,mmfork-portfolio,2,120,1,1,18.233333333333334,29,2188,191.99354038503952,120,2171
ERd0.3_n120,pegasus16_broken,reweave-mmfork-cuthill,0,120,1,1,16.291666666666668,25,1955,180.56603780412115,120,2171
ERd0.3_n120,pegasus16_broken,reweave-mmfork-cuthill,1,120,1,1,18.608333333333334,34,2233,180.53347326396033,120,2171
ERd0.3_n120,pegasus16_broken,reweave-mmfork-cuthill,2,120,1,1,16.3,28,1956,180.62710301298648,120,2171
ERd0.3_n120,zephyr15_broken,minorminer,0,120,1,1,14.55,23,1746,112.49978465004824,120,2171
ERd0.3_n120,zephyr15_broken,minorminer,1,120,1,1,13.125,20,1575,156.63484835391864,120,2171
ERd0.3_n120,zephyr15_broken,minorminer,2,120,1,1,13.083333333333334,21,1570,180.8676947641652,120,2171
ERd0.3_n120,zephyr15_broken,minorminer-layout,0,120,1,1,13.183333333333334,21,1582,181.83801712910645,120,2171
ERd0.3_n120,zephyr15_broken,minorminer-layout,1,120,1,1,14.958333333333334,26,1795,185.41590900812298,120,2171
ERd0.3_n120,zephyr15_broken,minorminer-layout,2,120,1,1,13.375,21,1605,145.51324349502102,120,2171
ERd0.3_n120,zephyr15_broken,reweave,0,120,1,1,13.525,23,1623,180.43335746601224,120,2171
ERd0.3_n120,zephyr15_broken,reweave,1,120,1,1,13.858333333333333,23,1663,180.49320949194953,120,2171
ERd0.3_n120,zephyr15_broken,reweave,2,120,1,1,12.541666666666666,20,1505,180.3063771261368,120,2171
ERd0.3_n120,zephyr15_broken,reweave-thorough,0,120,1,1,16.591666666666665,33,1991,180.51595135498792,120,2171
ERd0.3_n120,zephyr15_broken,reweave-thorough,1,120,1,1,16.975,33,2037,180.83314584591426,120,2171
ERd0.3_n120,zephyr15_broken,reweave-thorough,2,120,1,1,16.466666666666665,30,1976,180.87404610100202,120,2171
ERd0.3_n120,zephyr15_broken,mmfork-cuthill,0,120,1,1,13.258333333333333,21,1591,181.90649553202093,120,2171
ERd0.3_n120,zephyr15_broken,mmfork-cuthill,1,120,1,1,12.691666666666666,19,1523,177.10232688393444,120,2171
ERd0.3_n120,zephyr15_broken,mmfork-cuthill,2,120,1,1,13.008333333333333,22,1561,182.8795929311309,120,2171
ERd0.3_n120,zephyr15_broken,mmfork-cuthill-fast,0,120,1,1,13.658333333333333,22,1639,180.84482019487768,120,2171
ERd0.3_n120,zephyr15_broken,mmfork-cuthill-fast,1,120,1,1,12.691666666666666,19,1523,159.65447811596096,120,2171
ERd0.3_n120,zephyr15_broken,mmfork-cuthill-fast,2,120,1,1,12.916666666666666,21,1550,185.03037019493058,120,2171
ERd0.3_n120,zephyr15_broken,mmfork-portfolio,0,120,1,1,17.325,28,2079,190.67929380596615,120,2171
ERd0.3_n120,zephyr15_broken,mmfork-portfolio,1,120,1,1,15.041666666666666,28,1805,188.25743373506702,120,2171
ERd0.3_n120,zephyr15_broken,mmfork-portfolio,2,120,1,1,16.6,32,1992,189.9352927841246,120,2171
ERd0.3_n120,zephyr15_broken,reweave-mmfork-cuthill,0,120,1,1,14.183333333333334,26,1702,180.3620806899853,120,2171
ERd0.3_n120,zephyr15_broken,reweave-mmfork-cuthill,1,120,1,1,11.983333333333333,20,1438,137.09537154785357,120,2171
ERd0.3_n120,zephyr15_broken,reweave-mmfork-cuthill,2,120,1,1,12.716666666666667,22,1526,180.48321460210718,120,2171
ERd0.3_n160,pegasus16_broken,minorminer,0,160,0,0,0.0,0,0,190.31486104079522,160,3875
ERd0.3_n160,pegasus16_broken,minorminer,1,160,0,0,0.0,0,0,187.41083034779876,160,3875
ERd0.3_n160,pegasus16_broken,minorminer,2,160,0,0,0.0,0,0,189.20272664004005,160,3875
ERd0.3_n160,pegasus16_broken,minorminer-layout,0,160,0,0,0.0,0,0,194.87138697202317,160,3875
ERd0.3_n160,pegasus16_broken,minorminer-layout,1,160,0,0,0.0,0,0,188.90923020080663,160,3875
ERd0.3_n160,pegasus16_broken,minorminer-layout,2,160,0,0,0.0,0,0,190.83828907995485,160,3875
ERd0.3_n160,pegasus16_broken,reweave,0,160,0,0,0.0,0,0,181.2480775930453,160,3875
ERd0.3_n160,pegasus16_broken,reweave,1,160,0,0,0.0,0,0,181.07872420502827,160,3875
ERd0.3_n160,pegasus16_broken,reweave,2,160,0,0,0.0,0,0,181.76441662595607,160,3875
ERd0.3_n160,pegasus16_broken,reweave-thorough,0,160,0,0,0.0,0,0,180.50361496419646,160,3875
ERd0.3_n160,pegasus16_broken,reweave-thorough,1,160,0,0,0.0,0,0,180.71172437421046,160,3875
ERd0.3_n160,pegasus16_broken,reweave-thorough,2,160,0,0,0.0,0,0,180.54439097992145,160,3875
ERd0.3_n160,pegasus16_broken,mmfork-cuthill,0,160,0,0,0.0,0,0,188.21489757695235,160,3875
ERd0.3_n160,pegasus16_broken,mmfork-cuthill,1,160,0,0,0.0,0,0,188.58020221092738,160,3875
ERd0.3_n160,pegasus16_broken,mmfork-cuthill,2,160,0,0,0.0,0,0,192.4458689938765,160,3875
ERd0.3_n160,pegasus16_broken,mmfork-cuthill-fast,0,160,0,0,0.0,0,0,191.9518066730816,160,3875
ERd0.3_n160,pegasus16_broken,mmfork-cuthill-fast,1,160,0,0,0.0,0,0,187.9188294839114,160,3875
ERd0.3_n160,pegasus16_broken,mmfork-cuthill-fast,2,160,0,0,0.0,0,0,186.37205299106427,160,3875
ERd0.3_n160,pegasus16_broken,mmfork-portfolio,0,160,0,0,0.0,0,0,255.8289502018597,160,3875
ERd0.3_n160,pegasus16_broken,mmfork-portfolio,1,160,0,0,0.0,0,0,250.62338056787848,160,3875
ERd0.3_n160,pegasus16_broken,mmfork-portfolio,2,160,0,0,0.0,0,0,260.713303900091,160,3875
ERd0.3_n160,pegasus16_broken,reweave-mmfork-cuthill,0,160,0,0,0.0,0,0,182.33281353395432,160,3875
ERd0.3_n160,pegasus16_broken,reweave-mmfork-cuthill,1,160,0,0,0.0,0,0,181.87375431298278,160,3875
ERd0.3_n160,pegasus16_broken,reweave-mmfork-cuthill,2,160,0,0,0.0,0,0,181.3065160419792,160,3875
ERd0.3_n160,zephyr15_broken,minorminer,0,160,1,1,22.45625,38,3593,181.88642772193998,160,3875
ERd0.3_n160,zephyr15_broken,minorminer,1,160,1,1,21.88125,36,3501,182.6242484988179,160,3875
ERd0.3_n160,zephyr15_broken,minorminer,2,160,1,1,22.4625,38,3594,187.02042199112475,160,3875
ERd0.3_n160,zephyr15_broken,minorminer-layout,0,160,1,1,25.1375,43,4022,181.4836760109756,160,3875
ERd0.3_n160,zephyr15_broken,minorminer-layout,1,160,1,1,23.64375,39,3783,183.91022948315367,160,3875
ERd0.3_n160,zephyr15_broken,minorminer-layout,2,160,1,1,23.5,40,3760,181.24890237487853,160,3875
ERd0.3_n160,zephyr15_broken,reweave,0,160,1,1,22.86875,37,3659,182.4932223430369,160,3875
ERd0.3_n160,zephyr15_broken,reweave,1,160,1,1,20.70625,33,3313,181.68584698694758,160,3875
ERd0.3_n160,zephyr15_broken,reweave,2,160,1,1,23.38125,45,3741,183.85645476006903,160,3875
ERd0.3_n160,zephyr15_broken,reweave-thorough,0,160,0,0,0.0,0,0,180.52469583391212,160,3875
ERd0.3_n160,zephyr15_broken,reweave-thorough,1,160,1,1,26.8125,45,4290,180.49164455686696,160,3875
ERd0.3_n160,zephyr15_broken,reweave-thorough,2,160,0,0,0.0,0,0,180.85691863694228,160,3875
ERd0.3_n160,zephyr15_broken,mmfork-cuthill,0,160,1,1,22.19375,40,3551,183.31430298509076,160,3875
ERd0.3_n160,zephyr15_broken,mmfork-cuthill,1,160,1,1,22.63125,35,3621,187.94999469909817,160,3875
ERd0.3_n160,zephyr15_broken,mmfork-cuthill,2,160,1,1,19.79375,34,3167,181.92034355388023,160,3875
ERd0.3_n160,zephyr15_broken,mmfork-cuthill-fast,0,160,1,1,20.85625,36,3337,181.55654717888683,160,3875
ERd0.3_n160,zephyr15_broken,mmfork-cuthill-fast,1,160,1,1,22.63125,35,3621,182.98561752587557,160,3875
ERd0.3_n160,zephyr15_broken,mmfork-cuthill-fast,2,160,1,1,19.65,33,3144,183.15525323501788,160,3875
ERd0.3_n160,zephyr15_broken,mmfork-portfolio,0,160,1,1,29.0,50,4640,227.1921422111336,160,3875
ERd0.3_n160,zephyr15_broken,mmfork-portfolio,1,160,1,1,28.85625,50,4617,217.19709785399027,160,3875
ERd0.3_n160,zephyr15_broken,mmfork-portfolio,2,160,1,1,28.79375,47,4607,211.6535266591236,160,3875
ERd0.3_n160,zephyr15_broken,reweave-mmfork-cuthill,0,160,1,1,25.09375,41,4015,183.33807069901377,160,3875
ERd0.3_n160,zephyr15_broken,reweave-mmfork-cuthill,1,160,1,1,23.2875,34,3726,182.62265248806216,160,3875
ERd0.3_n160,zephyr15_broken,reweave-mmfork-cuthill,2,160,1,1,21.8625,41,3498,182.17256103502586,160,3875
REGk6_n40,pegasus16_broken,minorminer,0,40,1,1,2.075,3,83,0.32935883197933435,40,120
REGk6_n40,pegasus16_broken,minorminer,1,40,1,1,2.15,3,86,0.2901621179189533,40,120
REGk6_n40,pegasus16_broken,minorminer,2,40,1,1,2.075,3,83,0.394421559991315,40,120
REGk6_n40,pegasus16_broken,minorminer-layout,0,40,1,1,2.325,4,93,0.8638160889968276,40,120
REGk6_n40,pegasus16_broken,minorminer-layout,1,40,1,1,2.2,3,88,2.3167597809806466,40,120
REGk6_n40,pegasus16_broken,minorminer-layout,2,40,1,1,2.125,3,85,1.216778754023835,40,120
REGk6_n40,pegasus16_broken,reweave,0,40,1,1,2.075,3,83,0.6791569979395717,40,120
REGk6_n40,pegasus16_broken,reweave,1,40,1,1,2.125,3,85,0.5843513708095998,40,120
REGk6_n40,pegasus16_broken,reweave,2,40,1,1,2.075,3,83,0.6081768220756203,40,120
REGk6_n40,pegasus16_broken,reweave-thorough,0,40,1,1,2.075,3,83,2.094462828943506,40,120
REGk6_n40,pegasus16_broken,reweave-thorough,1,40,1,1,1.85,3,74,2.2115535421762615,40,120
REGk6_n40,pegasus16_broken,reweave-thorough,2,40,1,1,2.075,3,83,3.3349528932012618,40,120
REGk6_n40,pegasus16_broken,mmfork-cuthill,0,40,1,1,2.35,4,94,0.8088432129006833,40,120
REGk6_n40,pegasus16_broken,mmfork-cuthill,1,40,1,1,2.325,4,93,0.4056202869396657,40,120
REGk6_n40,pegasus16_broken,mmfork-cuthill,2,40,1,1,2.225,4,89,0.33282917900942266,40,120
REGk6_n40,pegasus16_broken,mmfork-cuthill-fast,0,40,1,1,2.35,4,94,0.69240971817635,40,120
REGk6_n40,pegasus16_broken,mmfork-cuthill-fast,1,40,1,1,2.325,4,93,0.36719534103758633,40,120
REGk6_n40,pegasus16_broken,mmfork-cuthill-fast,2,40,1,1,2.225,4,89,0.5006737730000168,40,120
REGk6_n40,pegasus16_broken,mmfork-portfolio,0,40,1,1,2.075,3,83,2.7564564391504973,40,120
REGk6_n40,pegasus16_broken,mmfork-portfolio,1,40,1,1,2.15,3,86,2.6067791380919516,40,120
REGk6_n40,pegasus16_broken,mmfork-portfolio,2,40,1,1,2.075,3,83,2.9338436480611563,40,120
REGk6_n40,pegasus16_broken,reweave-mmfork-cuthill,0,40,1,1,2.35,4,94,0.6826554939616472,40,120
REGk6_n40,pegasus16_broken,reweave-mmfork-cuthill,1,40,1,1,2.325,4,93,0.5116739219520241,40,120
REGk6_n40,pegasus16_broken,reweave-mmfork-cuthill,2,40,1,1,2.175,4,87,0.47334708413109183,40,120
REGk6_n40,zephyr15_broken,minorminer,0,40,1,1,1.925,3,77,0.5823356378823519,40,120
REGk6_n40,zephyr15_broken,minorminer,1,40,1,1,1.725,3,69,0.4885964079294354,40,120
REGk6_n40,zephyr15_broken,minorminer,2,40,1,1,1.925,3,77,0.5685029800515622,40,120
REGk6_n40,zephyr15_broken,minorminer-layout,0,40,1,1,1.85,3,74,2.561847183853388,40,120
REGk6_n40,zephyr15_broken,minorminer-layout,1,40,1,1,1.875,3,75,1.7537616789340973,40,120
REGk6_n40,zephyr15_broken,minorminer-layout,2,40,1,1,2.0,3,80,1.4522659131325781,40,120
REGk6_n40,zephyr15_broken,reweave,0,40,1,1,1.925,3,77,0.685078474925831,40,120
REGk6_n40,zephyr15_broken,reweave,1,40,1,1,1.725,3,69,0.473413263913244,40,120
REGk6_n40,zephyr15_broken,reweave,2,40,1,1,1.925,3,77,0.7389662528876215,40,120
REGk6_n40,zephyr15_broken,reweave-thorough,0,40,1,1,1.85,3,74,2.2858063529711217,40,120
REGk6_n40,zephyr15_broken,reweave-thorough,1,40,1,1,1.725,3,69,3.506508320104331,40,120
REGk6_n40,zephyr15_broken,reweave-thorough,2,40,1,1,1.75,3,70,2.167831144062802,40,120
REGk6_n40,zephyr15_broken,mmfork-cuthill,0,40,1,1,1.625,3,65,0.813263847026974,40,120
REGk6_n40,zephyr15_broken,mmfork-cuthill,1,40,1,1,1.775,3,71,0.5310308099724352,40,120
REGk6_n40,zephyr15_broken,mmfork-cuthill,2,40,1,1,1.825,3,73,0.7547090349253267,40,120
REGk6_n40,zephyr15_broken,mmfork-cuthill-fast,0,40,1,1,1.625,3,65,0.6439094489905983,40,120
REGk6_n40,zephyr15_broken,mmfork-cuthill-fast,1,40,1,1,1.775,3,71,0.533286239951849,40,120
REGk6_n40,zephyr15_broken,mmfork-cuthill-fast,2,40,1,1,1.825,3,73,0.9523014079313725,40,120
REGk6_n40,zephyr15_broken,mmfork-portfolio,0,40,1,1,1.625,3,65,3.2296397518366575,40,120
REGk6_n40,zephyr15_broken,mmfork-portfolio,1,40,1,1,1.7,3,68,5.230343516916037,40,120
REGk6_n40,zephyr15_broken,mmfork-portfolio,2,40,1,1,1.75,3,70,3.4473153001163155,40,120
REGk6_n40,zephyr15_broken,reweave-mmfork-cuthill,0,40,1,1,1.625,3,65,0.7889434269163758,40,120
REGk6_n40,zephyr15_broken,reweave-mmfork-cuthill,1,40,1,1,1.775,3,71,1.303889175876975,40,120
REGk6_n40,zephyr15_broken,reweave-mmfork-cuthill,2,40,1,1,1.825,3,73,0.7732941450085491,40,120
REGk6_n80,pegasus16_broken,minorminer,0,80,1,1,3.225,6,258,1.7016085928771645,80,240
REGk6_n80,pegasus16_broken,minorminer,1,80,1,1,3.5625,7,285,1.1907174671068788,80,240
REGk6_n80,pegasus16_broken,minorminer,2,80,1,1,3.4375,6,275,1.7411811251658946,80,240
REGk6_n80,pegasus16_broken,minorminer-layout,0,80,1,1,3.25,6,260,2.6190833090804517,80,240
REGk6_n80,pegasus16_broken,minorminer-layout,1,80,1,1,3.3625,6,269,2.236380677204579,80,240
REGk6_n80,pegasus16_broken,minorminer-layout,2,80,1,1,3.475,6,278,3.5137339709326625,80,240
REGk6_n80,pegasus16_broken,reweave,0,80,1,1,3.1375,5,251,2.491960722953081,80,240
REGk6_n80,pegasus16_broken,reweave,1,80,1,1,3.5,7,280,1.283504030900076,80,240
REGk6_n80,pegasus16_broken,reweave,2,80,1,1,3.4,6,272,1.5025098051410168,80,240
REGk6_n80,pegasus16_broken,reweave-thorough,0,80,1,1,3.1375,5,251,6.519478454021737,80,240
REGk6_n80,pegasus16_broken,reweave-thorough,1,80,1,1,3.0375,5,243,6.409326795954257,80,240
REGk6_n80,pegasus16_broken,reweave-thorough,2,80,1,1,3.1625,6,253,8.60430926294066,80,240
REGk6_n80,pegasus16_broken,mmfork-cuthill,0,80,1,1,3.275,6,262,1.4828698269557208,80,240
REGk6_n80,pegasus16_broken,mmfork-cuthill,1,80,1,1,3.3375,6,267,2.5337963660713285,80,240
REGk6_n80,pegasus16_broken,mmfork-cuthill,2,80,1,1,3.3125,7,265,2.22543036704883,80,240
REGk6_n80,pegasus16_broken,mmfork-cuthill-fast,0,80,1,1,3.275,6,262,1.6552253339905292,80,240
REGk6_n80,pegasus16_broken,mmfork-cuthill-fast,1,80,1,1,3.3375,6,267,4.729620711877942,80,240
REGk6_n80,pegasus16_broken,mmfork-cuthill-fast,2,80,1,1,3.3125,7,265,3.5911971398163587,80,240
REGk6_n80,pegasus16_broken,mmfork-portfolio,0,80,1,1,3.225,6,258,9.293111209059134,80,240
REGk6_n80,pegasus16_broken,mmfork-portfolio,1,80,1,1,3.15,6,252,11.117483137873933,80,240
REGk6_n80,pegasus16_broken,mmfork-portfolio,2,80,1,1,3.2375,6,259,10.874293685890734,80,240
REGk6_n80,pegasus16_broken,reweave-mmfork-cuthill,0,80,1,1,3.2125,6,257,1.7477568280883133,80,240
REGk6_n80,pegasus16_broken,reweave-mmfork-cuthill,1,80,1,1,3.2625,6,261,2.8035271079279482,80,240
REGk6_n80,pegasus16_broken,reweave-mmfork-cuthill,2,80,1,1,3.1875,7,255,3.685838764999062,80,240
REGk6_n80,zephyr15_broken,minorminer,0,80,1,1,2.75,5,220,1.8291986940894276,80,240
REGk6_n80,zephyr15_broken,minorminer,1,80,1,1,2.7125,5,217,2.0084165851585567,80,240
REGk6_n80,zephyr15_broken,minorminer,2,80,1,1,2.65,5,212,1.9385590651072562,80,240
REGk6_n80,zephyr15_broken,minorminer-layout,0,80,1,1,2.5625,4,205,3.4152577640488744,80,240
REGk6_n80,zephyr15_broken,minorminer-layout,1,80,1,1,2.9375,6,235,4.2070054991636425,80,240
REGk6_n80,zephyr15_broken,minorminer-layout,2,80,1,1,2.925,5,234,3.2701899958774447,80,240
REGk6_n80,zephyr15_broken,reweave,0,80,1,1,2.675,5,214,2.0493325509596616,80,240
REGk6_n80,zephyr15_broken,reweave,1,80,1,1,2.6375,5,211,1.674005312146619,80,240
REGk6_n80,zephyr15_broken,reweave,2,80,1,1,2.575,5,206,2.073748319875449,80,240
REGk6_n80,zephyr15_broken,reweave-thorough,0,80,1,1,2.5,5,200,7.231497555971146,80,240
REGk6_n80,zephyr15_broken,reweave-thorough,1,80,1,1,2.55,5,204,8.274064872879535,80,240
REGk6_n80,zephyr15_broken,reweave-thorough,2,80,1,1,2.45,4,196,9.794467696920037,80,240
REGk6_n80,zephyr15_broken,mmfork-cuthill,0,80,1,1,2.725,5,218,1.9009343648795038,80,240
REGk6_n80,zephyr15_broken,mmfork-cuthill,1,80,1,1,2.8,5,224,1.3700590759981424,80,240
REGk6_n80,zephyr15_broken,mmfork-cuthill,2,80,1,1,2.6875,5,215,2.36098861717619,80,240
REGk6_n80,zephyr15_broken,mmfork-cuthill-fast,0,80,1,1,2.725,5,218,3.516302834963426,80,240
REGk6_n80,zephyr15_broken,mmfork-cuthill-fast,1,80,1,1,2.8,5,224,1.213426121044904,80,240
REGk6_n80,zephyr15_broken,mmfork-cuthill-fast,2,80,1,1,2.6875,5,215,2.386082163080573,80,240
REGk6_n80,zephyr15_broken,mmfork-portfolio,0,80,1,1,2.6375,5,211,13.75287669012323,80,240
REGk6_n80,zephyr15_broken,mmfork-portfolio,1,80,1,1,2.7125,5,217,12.086203674087301,80,240
REGk6_n80,zephyr15_broken,mmfork-portfolio,2,80,1,1,2.6125,5,209,12.203976944088936,80,240
REGk6_n80,zephyr15_broken,reweave-mmfork-cuthill,0,80,1,1,2.6875,5,215,2.9552222981583327,80,240
REGk6_n80,zephyr15_broken,reweave-mmfork-cuthill,1,80,1,1,2.725,5,218,1.3943952152039856,80,240
REGk6_n80,zephyr15_broken,reweave-mmfork-cuthill,2,80,1,1,2.675,5,214,2.769983050180599,80,240
REGk6_n160,pegasus16_broken,minorminer,0,160,1,1,5.5125,13,882,6.539300535805523,160,480
REGk6_n160,pegasus16_broken,minorminer,1,160,1,1,5.3625,12,858,6.514011058956385,160,480
REGk6_n160,pegasus16_broken,minorminer,2,160,1,1,5.125,12,820,8.540392681956291,160,480
REGk6_n160,pegasus16_broken,minorminer-layout,0,160,1,1,5.75,13,920,15.304410188924521,160,480
REGk6_n160,pegasus16_broken,minorminer-layout,1,160,1,1,5.00625,11,801,11.806911122985184,160,480
REGk6_n160,pegasus16_broken,minorminer-layout,2,160,1,1,6.5,14,1040,6.960461562033743,160,480
REGk6_n160,pegasus16_broken,reweave,0,160,1,1,5.35625,13,857,11.873304293025285,160,480
REGk6_n160,pegasus16_broken,reweave,1,160,1,1,5.20625,12,833,6.705668051959947,160,480
REGk6_n160,pegasus16_broken,reweave,2,160,1,1,5.04375,12,807,6.502976579125971,160,480
REGk6_n160,pegasus16_broken,reweave-thorough,0,160,1,1,5.00625,11,801,28.74084417009726,160,480
REGk6_n160,pegasus16_broken,reweave-thorough,1,160,1,1,4.74375,10,759,27.45074742496945,160,480
REGk6_n160,pegasus16_broken,reweave-thorough,2,160,1,1,4.9375,11,790,31.915543816052377,160,480
REGk6_n160,pegasus16_broken,mmfork-cuthill,0,160,1,1,5.55625,12,889,10.175129818031564,160,480
REGk6_n160,pegasus16_broken,mmfork-cuthill,1,160,1,1,5.59375,12,895,6.699579959036782,160,480
REGk6_n160,pegasus16_broken,mmfork-cuthill,2,160,1,1,5.64375,13,903,13.27884626109153,160,480
REGk6_n160,pegasus16_broken,mmfork-cuthill-fast,0,160,1,1,5.55625,12,889,9.254349963972345,160,480
REGk6_n160,pegasus16_broken,mmfork-cuthill-fast,1,160,1,1,5.59375,12,895,6.888111193897203,160,480
REGk6_n160,pegasus16_broken,mmfork-cuthill-fast,2,160,1,1,5.64375,13,903,10.22281180601567,160,480
REGk6_n160,pegasus16_broken,mmfork-portfolio,0,160,1,1,5.475,12,876,65.52064233110286,160,480
REGk6_n160,pegasus16_broken,mmfork-portfolio,1,160,1,1,5.3625,12,858,45.26637475704774,160,480
REGk6_n160,pegasus16_broken,mmfork-portfolio,2,160,1,1,5.125,12,820,50.22811803501099,160,480
REGk6_n160,pegasus16_broken,reweave-mmfork-cuthill,0,160,1,1,5.45,12,872,9.899098759051412,160,480
REGk6_n160,pegasus16_broken,reweave-mmfork-cuthill,1,160,1,1,5.375,12,860,10.707099067978561,160,480
REGk6_n160,pegasus16_broken,reweave-mmfork-cuthill,2,160,1,1,5.475,13,876,8.021725971950218,160,480
REGk6_n160,zephyr15_broken,minorminer,0,160,1,1,4.15,9,664,8.846584409940988,160,480
REGk6_n160,zephyr15_broken,minorminer,1,160,1,1,4.25,9,680,16.619154807180166,160,480
REGk6_n160,zephyr15_broken,minorminer,2,160,1,1,4.075,9,652,10.618763454025611,160,480
REGk6_n160,zephyr15_broken,minorminer-layout,0,160,1,1,4.675,10,748,9.36547474609688,160,480
REGk6_n160,zephyr15_broken,minorminer-layout,1,160,1,1,4.56875,10,731,7.520919828908518,160,480
REGk6_n160,zephyr15_broken,minorminer-layout,2,160,1,1,4.33125,10,693,15.1498369500041,160,480
REGk6_n160,zephyr15_broken,reweave,0,160,1,1,4.0125,9,642,13.466388529865071,160,480
REGk6_n160,zephyr15_broken,reweave,1,160,1,1,4.125,9,660,12.062698584981263,160,480
REGk6_n160,zephyr15_broken,reweave,2,160,1,1,3.94375,9,631,10.087071751011536,160,480
REGk6_n160,zephyr15_broken,reweave-thorough,0,160,1,1,4.0125,9,642,41.33451144094579,160,480
REGk6_n160,zephyr15_broken,reweave-thorough,1,160,1,1,4.125,9,660,38.506742847850546,160,480
REGk6_n160,zephyr15_broken,reweave-thorough,2,160,1,1,3.94375,9,631,39.18081589997746,160,480
REGk6_n160,zephyr15_broken,mmfork-cuthill,0,160,1,1,4.1375,7,662,13.576059410115704,160,480
REGk6_n160,zephyr15_broken,mmfork-cuthill,1,160,1,1,4.45,11,712,9.328570340992883,160,480
REGk6_n160,zephyr15_broken,mmfork-cuthill,2,160,1,1,4.43125,10,709,6.953602069057524,160,480
REGk6_n160,zephyr15_broken,mmfork-cuthill-fast,0,160,1,1,4.1375,7,662,15.02590147498995,160,480
REGk6_n160,zephyr15_broken,mmfork-cuthill-fast,1,160,1,1,4.45,11,712,11.147033009910956,160,480
REGk6_n160,zephyr15_broken,mmfork-cuthill-fast,2,160,1,1,4.43125,10,709,6.427242820849642,160,480
REGk6_n160,zephyr15_broken,mmfork-portfolio,0,160,1,1,3.8125,9,610,88.0289163000416,160,480
REGk6_n160,zephyr15_broken,mmfork-portfolio,1,160,1,1,4.25,9,680,73.75958794099279,160,480
REGk6_n160,zephyr15_broken,mmfork-portfolio,2,160,1,1,4.05,9,648,51.720603512832895,160,480
REGk6_n160,zephyr15_broken,reweave-mmfork-cuthill,0,160,1,1,4.08125,7,653,23.408650384051725,160,480
REGk6_n160,zephyr15_broken,reweave-mmfork-cuthill,1,160,1,1,4.31875,11,691,11.61084068287164,160,480
REGk6_n160,zephyr15_broken,reweave-mmfork-cuthill,2,160,1,1,4.30625,10,689,11.728363181930035,160,480
REGk6_n320,pegasus16_broken,minorminer,0,320,1,1,10.61875,27,3398,20.672212820034474,320,960
REGk6_n320,pegasus16_broken,minorminer,1,320,1,1,10.00625,25,3202,45.20298979617655,320,960
REGk6_n320,pegasus16_broken,minorminer,2,320,1,1,11.115625,27,3557,25.859025156125426,320,960
REGk6_n320,pegasus16_broken,minorminer-layout,0,320,1,1,10.028125,27,3209,37.818095779046416,320,960
REGk6_n320,pegasus16_broken,minorminer-layout,1,320,1,1,10.61875,27,3398,41.67870320007205,320,960
REGk6_n320,pegasus16_broken,minorminer-layout,2,320,1,1,10.165625,24,3253,34.757949999999255,320,960
REGk6_n320,pegasus16_broken,reweave,0,320,1,1,10.040625,27,3213,28.687658976064995,320,960
REGk6_n320,pegasus16_broken,reweave,1,320,1,1,9.675,24,3096,46.69844258483499,320,960
REGk6_n320,pegasus16_broken,reweave,2,320,1,1,10.675,27,3416,41.16374152014032,320,960
REGk6_n320,pegasus16_broken,reweave-thorough,0,320,1,1,10.025,27,3208,101.27899908809923,320,960
REGk6_n320,pegasus16_broken,reweave-thorough,1,320,1,1,10.246875,28,3279,101.2114527290687,320,960
REGk6_n320,pegasus16_broken,reweave-thorough,2,320,1,1,10.859375,27,3475,161.11057302798145,320,960
REGk6_n320,pegasus16_broken,mmfork-cuthill,0,320,1,1,10.471875,28,3351,31.464379170211032,320,960
REGk6_n320,pegasus16_broken,mmfork-cuthill,1,320,1,1,11.353125,30,3633,19.03815272008069,320,960
REGk6_n320,pegasus16_broken,mmfork-cuthill,2,320,1,1,10.203125,28,3265,43.97761921398342,320,960
REGk6_n320,pegasus16_broken,mmfork-cuthill-fast,0,320,1,1,10.471875,28,3351,26.197395441122353,320,960
REGk6_n320,pegasus16_broken,mmfork-cuthill-fast,1,320,1,1,11.353125,30,3633,16.912520364159718,320,960
REGk6_n320,pegasus16_broken,mmfork-cuthill-fast,2,320,1,1,10.203125,28,3265,33.316590326838195,320,960
REGk6_n320,pegasus16_broken,mmfork-portfolio,0,320,1,1,9.7375,24,3116,163.43671716400422,320,960
REGk6_n320,pegasus16_broken,mmfork-portfolio,1,320,1,1,10.1625,26,3252,159.8058492951095,320,960
REGk6_n320,pegasus16_broken,mmfork-portfolio,2,320,1,1,10.0,25,3200,166.3120710980147,320,960
REGk6_n320,pegasus16_broken,reweave-mmfork-cuthill,0,320,1,1,10.059375,27,3219,33.22639339789748,320,960
REGk6_n320,pegasus16_broken,reweave-mmfork-cuthill,1,320,1,1,10.853125,27,3473,32.98291898611933,320,960
REGk6_n320,pegasus16_broken,reweave-mmfork-cuthill,2,320,1,1,9.853125,27,3153,39.74596498790197,320,960
REGk6_n320,zephyr15_broken,minorminer,0,320,1,1,8.121875,20,2599,27.972855883883312,320,960
REGk6_n320,zephyr15_broken,minorminer,1,320,1,1,7.734375,19,2475,61.76359821204096,320,960
REGk6_n320,zephyr15_broken,minorminer,2,320,1,1,7.66875,19,2454,32.16380146192387,320,960
REGk6_n320,zephyr15_broken,minorminer-layout,0,320,1,1,8.490625,22,2717,42.280561877880245,320,960
REGk6_n320,zephyr15_broken,minorminer-layout,1,320,1,1,8.33125,20,2666,52.52342063304968,320,960
REGk6_n320,zephyr15_broken,minorminer-layout,2,320,1,1,8.296875,20,2655,40.823585806880146,320,960
REGk6_n320,zephyr15_broken,reweave,0,320,1,1,7.771875,20,2487,38.702249080874026,320,960
REGk6_n320,zephyr15_broken,reweave,1,320,1,1,7.40625,18,2370,73.714470542036,320,960
REGk6_n320,zephyr15_broken,reweave,2,320,1,1,7.26875,19,2326,33.02215832285583,320,960
REGk6_n320,zephyr15_broken,reweave-thorough,0,320,1,1,7.775,19,2488,109.11342355515808,320,960
REGk6_n320,zephyr15_broken,reweave-thorough,1,320,1,1,7.571875,20,2423,101.11725101713091,320,960
REGk6_n320,zephyr15_broken,reweave-thorough,2,320,1,1,7.734375,21,2475,103.50016296701506,320,960
REGk6_n320,zephyr15_broken,mmfork-cuthill,0,320,1,1,8.865625,22,2837,22.59837981616147,320,960
REGk6_n320,zephyr15_broken,mmfork-cuthill,1,320,1,1,8.396875,20,2687,34.44472679286264,320,960
REGk6_n320,zephyr15_broken,mmfork-cuthill,2,320,1,1,8.64375,20,2766,21.139370664954185,320,960
REGk6_n320,zephyr15_broken,mmfork-cuthill-fast,0,320,1,1,8.865625,22,2837,18.79743435396813,320,960
REGk6_n320,zephyr15_broken,mmfork-cuthill-fast,1,320,1,1,8.396875,20,2687,29.870434843935072,320,960
REGk6_n320,zephyr15_broken,mmfork-cuthill-fast,2,320,1,1,8.64375,20,2766,24.555440890835598,320,960
REGk6_n320,zephyr15_broken,mmfork-portfolio,0,320,1,1,7.759375,19,2483,177.67331063910387,320,960
REGk6_n320,zephyr15_broken,mmfork-portfolio,1,320,1,1,8.10625,21,2594,183.9864068571478,320,960
REGk6_n320,zephyr15_broken,mmfork-portfolio,2,320,1,1,7.66875,19,2454,172.26713613187894,320,960
REGk6_n320,zephyr15_broken,reweave-mmfork-cuthill,0,320,1,1,8.353125,22,2673,28.878771150950342,320,960
REGk6_n320,zephyr15_broken,reweave-mmfork-cuthill,1,320,1,1,7.978125,19,2553,42.69795088400133,320,960
REGk6_n320,zephyr15_broken,reweave-mmfork-cuthill,2,320,1,1,8.30625,20,2658,34.483405493199825,320,960
REGk6_n480,pegasus16_broken,minorminer,0,480,0,0,0.0,0,0,182.8635964121204,480,1440
REGk6_n480,pegasus16_broken,minorminer,1,480,0,0,0.0,0,0,182.5434509429615,480,1440
REGk6_n480,pegasus16_broken,minorminer,2,480,0,0,0.0,0,0,182.3923587598838,480,1440
REGk6_n480,pegasus16_broken,minorminer-layout,0,480,0,0,0.0,0,0,183.2547598250676,480,1440
REGk6_n480,pegasus16_broken,minorminer-layout,1,480,0,0,0.0,0,0,183.1117537340615,480,1440
REGk6_n480,pegasus16_broken,minorminer-layout,2,480,0,0,0.0,0,0,183.50192711804993,480,1440
REGk6_n480,pegasus16_broken,reweave,0,480,0,0,0.0,0,0,180.71667158603668,480,1440
REGk6_n480,pegasus16_broken,reweave,1,480,0,0,0.0,0,0,180.59588105394505,480,1440
REGk6_n480,pegasus16_broken,reweave,2,480,0,0,0.0,0,0,180.7056941119954,480,1440
REGk6_n480,pegasus16_broken,reweave-thorough,0,480,0,0,0.0,0,0,181.90649756090716,480,1440
REGk6_n480,pegasus16_broken,reweave-thorough,1,480,0,0,0.0,0,0,181.06323738605715,480,1440
REGk6_n480,pegasus16_broken,reweave-thorough,2,480,0,0,0.0,0,0,181.756872382015,480,1440
REGk6_n480,pegasus16_broken,mmfork-cuthill,0,480,0,0,0.0,0,0,183.6557357008569,480,1440
REGk6_n480,pegasus16_broken,mmfork-cuthill,1,480,0,0,0.0,0,0,183.92563639814034,480,1440
REGk6_n480,pegasus16_broken,mmfork-cuthill,2,480,0,0,0.0,0,0,183.85570235992782,480,1440
REGk6_n480,pegasus16_broken,mmfork-cuthill-fast,0,480,0,0,0.0,0,0,181.67507769609801,480,1440
REGk6_n480,pegasus16_broken,mmfork-cuthill-fast,1,480,0,0,0.0,0,0,183.36880437820219,480,1440
REGk6_n480,pegasus16_broken,mmfork-cuthill-fast,2,480,0,0,0.0,0,0,182.3680485310033,480,1440
REGk6_n480,pegasus16_broken,mmfork-portfolio,0,480,0,0,0.0,0,0,227.690328666009,480,1440
REGk6_n480,pegasus16_broken,mmfork-portfolio,1,480,0,0,0.0,0,0,229.01604868588038,480,1440
REGk6_n480,pegasus16_broken,mmfork-portfolio,2,480,0,0,0.0,0,0,226.40377189102583,480,1440
REGk6_n480,pegasus16_broken,reweave-mmfork-cuthill,0,480,0,0,0.0,0,0,181.11723810294643,480,1440
REGk6_n480,pegasus16_broken,reweave-mmfork-cuthill,1,480,0,0,0.0,0,0,180.57974036992528,480,1440
REGk6_n480,pegasus16_broken,reweave-mmfork-cuthill,2,480,0,0,0.0,0,0,180.85482354508713,480,1440
REGk6_n480,zephyr15_broken,minorminer,0,480,0,0,0.0,0,0,182.56100630410947,480,1440
REGk6_n480,zephyr15_broken,minorminer,1,480,0,0,0.0,0,0,184.15605172305368,480,1440
REGk6_n480,zephyr15_broken,minorminer,2,480,0,0,0.0,0,0,183.3882102649659,480,1440
REGk6_n480,zephyr15_broken,minorminer-layout,0,480,1,1,10.489583333333334,27,5035,153.62518101511523,480,1440
REGk6_n480,zephyr15_broken,minorminer-layout,1,480,1,1,10.627083333333333,35,5101,114.61565638915636,480,1440
REGk6_n480,zephyr15_broken,minorminer-layout,2,480,1,1,10.435416666666667,29,5009,138.73226204002276,480,1440
REGk6_n480,zephyr15_broken,reweave,0,480,0,0,0.0,0,0,182.38291982701048,480,1440
REGk6_n480,zephyr15_broken,reweave,1,480,0,0,0.0,0,0,183.64101802394725,480,1440
REGk6_n480,zephyr15_broken,reweave,2,480,0,0,0.0,0,0,182.10019827308133,480,1440
REGk6_n480,zephyr15_broken,reweave-thorough,0,480,0,0,0.0,0,0,182.50974035193212,480,1440
REGk6_n480,zephyr15_broken,reweave-thorough,1,480,0,0,0.0,0,0,181.7646206279751,480,1440
REGk6_n480,zephyr15_broken,reweave-thorough,2,480,0,0,0.0,0,0,182.66959388088435,480,1440
REGk6_n480,zephyr15_broken,mmfork-cuthill,0,480,0,0,0.0,0,0,184.40344313089736,480,1440
REGk6_n480,zephyr15_broken,mmfork-cuthill,1,480,0,0,0.0,0,0,186.364051487064,480,1440
REGk6_n480,zephyr15_broken,mmfork-cuthill,2,480,0,0,0.0,0,0,184.68141730106436,480,1440
REGk6_n480,zephyr15_broken,mmfork-cuthill-fast,0,480,0,0,0.0,0,0,182.39073338382877,480,1440
REGk6_n480,zephyr15_broken,mmfork-cuthill-fast,1,480,0,0,0.0,0,0,183.6403297218494,480,1440
REGk6_n480,zephyr15_broken,mmfork-cuthill-fast,2,480,0,0,0.0,0,0,182.93210630002432,480,1440
REGk6_n480,zephyr15_broken,mmfork-portfolio,0,480,0,0,0.0,0,0,233.32762852613814,480,1440
REGk6_n480,zephyr15_broken,mmfork-portfolio,1,480,0,0,0.0,0,0,230.2979961228557,480,1440
REGk6_n480,zephyr15_broken,mmfork-portfolio,2,480,0,0,0.0,0,0,227.8769439989701,480,1440
REGk6_n480,zephyr15_broken,reweave-mmfork-cuthill,0,480,0,0,0.0,0,0,183.4026685040444,480,1440
REGk6_n480,zephyr15_broken,reweave-mmfork-cuthill,1,480,0,0,0.0,0,0,182.44670854811557,480,1440
REGk6_n480,zephyr15_broken,reweave-mmfork-cuthill,2,480,0,0,0.0,0,0,182.18199165910482,480,1440
