source,target,algorithm,seed,success,valid,avg_chain_length,max_chain_length,total_qubits_used,wall_time,problem_nodes,problem_edges
ER_n20_d0.3,pegasus_6,minorminer,0,1,1,1.65,3,33,0.06493870900158072,20,66
ER_n20_d0.3,pegasus_6,minorminer,1,1,1,1.9,3,38,0.06557204199998523,20,66
ER_n20_d0.3,pegasus_6,minorminer,2,1,1,1.85,3,37,0.06205920800130116,20,66
ER_n20_d0.3,pegasus_6,minorminer,3,1,1,1.75,3,35,0.06194095800128707,20,66
ER_n20_d0.3,pegasus_6,minorminer,4,1,1,1.8,3,36,0.07546487500076182,20,66
ER_n20_d0.3,pegasus_6,minorminer-layout,0,1,1,1.75,3,35,0.42976304100011475,20,66
ER_n20_d0.3,pegasus_6,minorminer-layout,1,1,1,1.75,3,35,0.39367400000082853,20,66
ER_n20_d0.3,pegasus_6,minorminer-layout,2,1,1,1.85,3,37,0.4040297080009623,20,66
ER_n20_d0.3,pegasus_6,minorminer-layout,3,1,1,1.75,3,35,0.34045549999973446,20,66
ER_n20_d0.3,pegasus_6,minorminer-layout,4,1,1,1.7,2,34,0.376213583000208,20,66
ER_n20_d0.3,pegasus_6,pathfinder,0,1,1,1.65,3,33,0.17827091599974665,20,66
ER_n20_d0.3,pegasus_6,pathfinder,1,1,1,1.9,3,38,0.2300550830004795,20,66
ER_n20_d0.3,pegasus_6,pathfinder,2,1,1,1.85,3,37,0.21916445799979556,20,66
ER_n20_d0.3,pegasus_6,pathfinder,3,1,1,1.75,3,35,0.21498529199925542,20,66
ER_n20_d0.3,pegasus_6,pathfinder,4,1,1,1.8,3,36,0.2418235420009296,20,66
ER_n20_d0.3,pegasus_6,pathfinder-thorough,0,1,1,1.65,3,33,0.8730448330006766,20,66
ER_n20_d0.3,pegasus_6,pathfinder-thorough,1,1,1,1.65,3,33,0.9003601670010539,20,66
ER_n20_d0.3,pegasus_6,pathfinder-thorough,2,1,1,1.7,3,34,0.9048988340000506,20,66
ER_n20_d0.3,pegasus_6,pathfinder-thorough,3,1,1,1.65,2,33,0.8702796659999876,20,66
ER_n20_d0.3,pegasus_6,pathfinder-thorough,4,1,1,1.6,2,32,0.8911431659998925,20,66
ER_n20_d0.3,pegasus_6_broken5,minorminer,0,1,1,1.7,2,34,0.046087667000392685,20,66
ER_n20_d0.3,pegasus_6_broken5,minorminer,1,1,1,1.9,3,38,0.04879395799980557,20,66
ER_n20_d0.3,pegasus_6_broken5,minorminer,2,1,1,2.05,3,41,0.05960620800033212,20,66
ER_n20_d0.3,pegasus_6_broken5,minorminer,3,1,1,1.75,3,35,0.05176745899916568,20,66
ER_n20_d0.3,pegasus_6_broken5,minorminer,4,1,1,1.85,3,37,0.04076629200062598,20,66
ER_n20_d0.3,pegasus_6_broken5,minorminer-layout,0,1,1,2.1,3,42,0.055843583000751096,20,66
ER_n20_d0.3,pegasus_6_broken5,minorminer-layout,1,1,1,2.05,3,41,0.3840278749994468,20,66
ER_n20_d0.3,pegasus_6_broken5,minorminer-layout,2,1,1,1.8,2,36,0.41016016700086766,20,66
ER_n20_d0.3,pegasus_6_broken5,minorminer-layout,3,1,1,1.7,3,34,0.06738695799867855,20,66
ER_n20_d0.3,pegasus_6_broken5,minorminer-layout,4,1,1,1.85,3,37,0.09134316699964984,20,66
ER_n20_d0.3,pegasus_6_broken5,pathfinder,0,1,1,1.7,2,34,0.2023663750005653,20,66
ER_n20_d0.3,pegasus_6_broken5,pathfinder,1,1,1,1.9,3,38,0.2514292079995357,20,66
ER_n20_d0.3,pegasus_6_broken5,pathfinder,2,1,1,2.05,3,41,0.24206945799960522,20,66
ER_n20_d0.3,pegasus_6_broken5,pathfinder,3,1,1,1.75,3,35,0.23642416700022295,20,66
ER_n20_d0.3,pegasus_6_broken5,pathfinder,4,1,1,1.8,2,36,0.5221549589987262,20,66
ER_n20_d0.3,pegasus_6_broken5,pathfinder-thorough,0,1,1,1.65,3,33,0.9055399159988156,20,66
ER_n20_d0.3,pegasus_6_broken5,pathfinder-thorough,1,1,1,1.7,3,34,0.9243235409994668,20,66
ER_n20_d0.3,pegasus_6_broken5,pathfinder-thorough,2,1,1,1.7,3,34,1.0356551660006517,20,66
ER_n20_d0.3,pegasus_6_broken5,pathfinder-thorough,3,1,1,1.75,3,35,0.9899357089998375,20,66
ER_n20_d0.3,pegasus_6_broken5,pathfinder-thorough,4,1,1,1.7,3,34,1.0949848339987511,20,66
ER_n20_d0.3,zephyr_4,minorminer,0,1,1,1.5,2,30,0.09907354200004193,20,66
ER_n20_d0.3,zephyr_4,minorminer,1,1,1,1.55,2,31,0.08280458400076895,20,66
ER_n20_d0.3,zephyr_4,minorminer,2,1,1,1.55,3,31,0.024085541001113597,20,66
ER_n20_d0.3,zephyr_4,minorminer,3,1,1,1.5,2,30,0.04123699999945529,20,66
ER_n20_d0.3,zephyr_4,minorminer,4,1,1,1.55,2,31,0.048073958001623396,20,66
ER_n20_d0.3,zephyr_4,minorminer-layout,0,1,1,1.6,3,32,0.05207554099979461,20,66
ER_n20_d0.3,zephyr_4,minorminer-layout,1,1,1,1.55,2,31,0.03928754200023832,20,66
ER_n20_d0.3,zephyr_4,minorminer-layout,2,1,1,1.6,2,32,0.046485249999022926,20,66
ER_n20_d0.3,zephyr_4,minorminer-layout,3,1,1,1.5,2,30,0.04036404200087418,20,66
ER_n20_d0.3,zephyr_4,minorminer-layout,4,1,1,1.5,2,30,0.04899741599911067,20,66
ER_n20_d0.3,zephyr_4,pathfinder,0,1,1,1.5,2,30,0.19758999999976368,20,66
ER_n20_d0.3,zephyr_4,pathfinder,1,1,1,1.55,2,31,0.20829500000036205,20,66
ER_n20_d0.3,zephyr_4,pathfinder,2,1,1,1.55,3,31,0.1904649589996552,20,66
ER_n20_d0.3,zephyr_4,pathfinder,3,1,1,1.5,2,30,0.1794853340015834,20,66
ER_n20_d0.3,zephyr_4,pathfinder,4,1,1,1.55,2,31,0.20180291699944064,20,66
ER_n20_d0.3,zephyr_4,pathfinder-thorough,0,1,1,1.5,2,30,0.6616894579983637,20,66
ER_n20_d0.3,zephyr_4,pathfinder-thorough,1,1,1,1.45,2,29,0.6933471250013099,20,66
ER_n20_d0.3,zephyr_4,pathfinder-thorough,2,1,1,1.4,2,28,0.6435105420005129,20,66
ER_n20_d0.3,zephyr_4,pathfinder-thorough,3,1,1,1.45,2,29,0.6334076249986538,20,66
ER_n20_d0.3,zephyr_4,pathfinder-thorough,4,1,1,1.45,2,29,0.6659767919991282,20,66
ER_n20_d0.5,pegasus_6,minorminer,0,1,1,2.25,3,45,0.0981993750010588,20,103
ER_n20_d0.5,pegasus_6,minorminer,1,1,1,2.5,4,50,0.050836958000218146,20,103
ER_n20_d0.5,pegasus_6,minorminer,2,1,1,2.2,3,44,0.14841833300124563,20,103
ER_n20_d0.5,pegasus_6,minorminer,3,1,1,2.3,3,46,0.1171223330002249,20,103
ER_n20_d0.5,pegasus_6,minorminer,4,1,1,2.15,3,43,0.08888266699977976,20,103
ER_n20_d0.5,pegasus_6,minorminer-layout,0,1,1,2.35,3,47,0.09061054199992213,20,103
ER_n20_d0.5,pegasus_6,minorminer-layout,1,1,1,2.3,3,46,0.1054177920013899,20,103
ER_n20_d0.5,pegasus_6,minorminer-layout,2,1,1,2.45,3,49,0.10734266600047704,20,103
ER_n20_d0.5,pegasus_6,minorminer-layout,3,1,1,2.3,3,46,0.45013004099928366,20,103
ER_n20_d0.5,pegasus_6,minorminer-layout,4,1,1,2.3,3,46,0.11173262500051351,20,103
ER_n20_d0.5,pegasus_6,pathfinder,0,1,1,2.25,3,45,0.42981137500100886,20,103
ER_n20_d0.5,pegasus_6,pathfinder,1,1,1,2.35,3,47,0.7585915419986122,20,103
ER_n20_d0.5,pegasus_6,pathfinder,2,1,1,2.2,3,44,0.5082683749988064,20,103
ER_n20_d0.5,pegasus_6,pathfinder,3,1,1,2.3,3,46,0.5074283329995524,20,103
ER_n20_d0.5,pegasus_6,pathfinder,4,1,1,2.15,3,43,0.4300447500008886,20,103
ER_n20_d0.5,pegasus_6,pathfinder-thorough,0,1,1,2.2,3,44,1.942188166998676,20,103
ER_n20_d0.5,pegasus_6,pathfinder-thorough,1,1,1,2.25,3,45,2.367394332999538,20,103
ER_n20_d0.5,pegasus_6,pathfinder-thorough,2,1,1,2.2,3,44,2.1313273750001827,20,103
ER_n20_d0.5,pegasus_6,pathfinder-thorough,3,1,1,2.15,3,43,2.2849894169994514,20,103
ER_n20_d0.5,pegasus_6,pathfinder-thorough,4,1,1,2.15,3,43,2.034929124998598,20,103
ER_n20_d0.5,pegasus_6_broken5,minorminer,0,1,1,2.3,3,46,0.17070308399888745,20,103
ER_n20_d0.5,pegasus_6_broken5,minorminer,1,1,1,2.15,3,43,0.09932954199939559,20,103
ER_n20_d0.5,pegasus_6_broken5,minorminer,2,1,1,2.25,3,45,0.19827108400022553,20,103
ER_n20_d0.5,pegasus_6_broken5,minorminer,3,1,1,2.25,3,45,0.42595458299911115,20,103
ER_n20_d0.5,pegasus_6_broken5,minorminer,4,1,1,2.35,3,47,0.13057779199880315,20,103
ER_n20_d0.5,pegasus_6_broken5,minorminer-layout,0,1,1,2.35,3,47,0.23919862500042655,20,103
ER_n20_d0.5,pegasus_6_broken5,minorminer-layout,1,1,1,2.5,3,50,0.21859937499903026,20,103
ER_n20_d0.5,pegasus_6_broken5,minorminer-layout,2,1,1,2.3,3,46,0.11792516700006672,20,103
ER_n20_d0.5,pegasus_6_broken5,minorminer-layout,3,1,1,2.2,3,44,0.1509369159994094,20,103
ER_n20_d0.5,pegasus_6_broken5,minorminer-layout,4,1,1,2.4,3,48,0.13127562500085332,20,103
ER_n20_d0.5,pegasus_6_broken5,pathfinder,0,1,1,2.3,3,46,0.5351033749993803,20,103
ER_n20_d0.5,pegasus_6_broken5,pathfinder,1,1,1,2.15,3,43,0.45495275000030233,20,103
ER_n20_d0.5,pegasus_6_broken5,pathfinder,2,1,1,2.25,3,45,0.5277144589999807,20,103
ER_n20_d0.5,pegasus_6_broken5,pathfinder,3,1,1,2.25,3,45,0.7046505420003086,20,103
ER_n20_d0.5,pegasus_6_broken5,pathfinder,4,1,1,2.3,3,46,0.856908833999114,20,103
ER_n20_d0.5,pegasus_6_broken5,pathfinder-thorough,0,1,1,2.3,3,46,1.8737884580004902,20,103
ER_n20_d0.5,pegasus_6_broken5,pathfinder-thorough,1,1,1,2.15,3,43,1.9589854999994714,20,103
ER_n20_d0.5,pegasus_6_broken5,pathfinder-thorough,2,1,1,2.25,3,45,2.063924083000529,20,103
ER_n20_d0.5,pegasus_6_broken5,pathfinder-thorough,3,1,1,2.25,3,45,2.0007504580007662,20,103
ER_n20_d0.5,pegasus_6_broken5,pathfinder-thorough,4,1,1,2.2,3,44,2.5339970830009406,20,103
ER_n20_d0.5,zephyr_4,minorminer,0,1,1,1.95,3,39,0.14932929099995818,20,103
ER_n20_d0.5,zephyr_4,minorminer,1,1,1,1.95,3,39,0.06366983400039317,20,103
ER_n20_d0.5,zephyr_4,minorminer,2,1,1,2.0,3,40,0.11882529099966632,20,103
ER_n20_d0.5,zephyr_4,minorminer,3,1,1,2.0,3,40,0.09758508400045685,20,103
ER_n20_d0.5,zephyr_4,minorminer,4,1,1,1.9,3,38,0.10731516600026225,20,103
ER_n20_d0.5,zephyr_4,minorminer-layout,0,1,1,1.9,3,38,0.0972117920009623,20,103
ER_n20_d0.5,zephyr_4,minorminer-layout,1,1,1,1.85,3,37,0.09796729099980439,20,103
ER_n20_d0.5,zephyr_4,minorminer-layout,2,1,1,2.05,3,41,0.083869334001065,20,103
ER_n20_d0.5,zephyr_4,minorminer-layout,3,1,1,1.95,3,39,0.0863549999994575,20,103
ER_n20_d0.5,zephyr_4,minorminer-layout,4,1,1,1.95,3,39,0.10439212500023132,20,103
ER_n20_d0.5,zephyr_4,pathfinder,0,1,1,1.95,3,39,0.5569911250004225,20,103
ER_n20_d0.5,zephyr_4,pathfinder,1,1,1,1.95,3,39,0.4435471659999166,20,103
ER_n20_d0.5,zephyr_4,pathfinder,2,1,1,2.0,3,40,0.5114311659999657,20,103
ER_n20_d0.5,zephyr_4,pathfinder,3,1,1,2.0,3,40,0.4903237500002433,20,103
ER_n20_d0.5,zephyr_4,pathfinder,4,1,1,1.9,3,38,0.3997878749996744,20,103
ER_n20_d0.5,zephyr_4,pathfinder-thorough,0,1,1,1.85,3,37,2.0400684169999295,20,103
ER_n20_d0.5,zephyr_4,pathfinder-thorough,1,1,1,1.8,3,36,1.7050694169993221,20,103
ER_n20_d0.5,zephyr_4,pathfinder-thorough,2,1,1,1.85,3,37,1.7467619170001853,20,103
ER_n20_d0.5,zephyr_4,pathfinder-thorough,3,1,1,1.8,3,36,1.8390008750011475,20,103
ER_n20_d0.5,zephyr_4,pathfinder-thorough,4,1,1,1.85,3,37,1.7674453749987151,20,103
ER_n20_d0.7,pegasus_6,minorminer,0,1,1,2.5,3,50,0.213724250001178,20,142
ER_n20_d0.7,pegasus_6,minorminer,1,1,1,2.65,3,53,0.08944995800084143,20,142
ER_n20_d0.7,pegasus_6,minorminer,2,1,1,2.6,3,52,0.12609633300053247,20,142
ER_n20_d0.7,pegasus_6,minorminer,3,1,1,2.5,3,50,0.2520827919997828,20,142
ER_n20_d0.7,pegasus_6,minorminer,4,1,1,2.7,4,54,0.10911945800035028,20,142
ER_n20_d0.7,pegasus_6,minorminer-layout,0,1,1,2.5,3,50,0.20537995899940142,20,142
ER_n20_d0.7,pegasus_6,minorminer-layout,1,1,1,2.45,3,49,0.27825887499966484,20,142
ER_n20_d0.7,pegasus_6,minorminer-layout,2,1,1,2.5,3,50,0.1800546670001495,20,142
ER_n20_d0.7,pegasus_6,minorminer-layout,3,1,1,2.6,4,52,0.11462974999994913,20,142
ER_n20_d0.7,pegasus_6,minorminer-layout,4,1,1,2.7,4,54,0.12445158399896172,20,142
ER_n20_d0.7,pegasus_6,pathfinder,0,1,1,2.5,3,50,0.8513870839997253,20,142
ER_n20_d0.7,pegasus_6,pathfinder,1,1,1,2.65,3,53,0.7095216670004447,20,142
ER_n20_d0.7,pegasus_6,pathfinder,2,1,1,2.5,3,50,1.2455885830004263,20,142
ER_n20_d0.7,pegasus_6,pathfinder,3,1,1,2.5,3,50,0.8472586669995508,20,142
ER_n20_d0.7,pegasus_6,pathfinder,4,1,1,2.7,4,54,0.626903874999698,20,142
ER_n20_d0.7,pegasus_6,pathfinder-thorough,0,1,1,2.45,3,49,2.5760613749989716,20,142
ER_n20_d0.7,pegasus_6,pathfinder-thorough,1,1,1,2.65,3,53,2.5715430000000197,20,142
ER_n20_d0.7,pegasus_6,pathfinder-thorough,2,1,1,2.5,3,50,3.739211041998715,20,142
ER_n20_d0.7,pegasus_6,pathfinder-thorough,3,1,1,2.45,3,49,2.788241709000431,20,142
ER_n20_d0.7,pegasus_6,pathfinder-thorough,4,1,1,2.5,3,50,2.58886316600001,20,142
ER_n20_d0.7,pegasus_6_broken5,minorminer,0,1,1,2.75,4,55,0.16616358400096942,20,142
ER_n20_d0.7,pegasus_6_broken5,minorminer,1,1,1,2.8,4,56,0.16574862499874143,20,142
ER_n20_d0.7,pegasus_6_broken5,minorminer,2,1,1,2.85,4,57,0.130740374999732,20,142
ER_n20_d0.7,pegasus_6_broken5,minorminer,3,1,1,2.45,3,49,0.1305659169993305,20,142
ER_n20_d0.7,pegasus_6_broken5,minorminer,4,1,1,2.8,3,56,0.18883041600020078,20,142
ER_n20_d0.7,pegasus_6_broken5,minorminer-layout,0,1,1,2.55,3,51,0.2661049580001418,20,142
ER_n20_d0.7,pegasus_6_broken5,minorminer-layout,1,1,1,2.85,4,57,0.14136083300036262,20,142
ER_n20_d0.7,pegasus_6_broken5,minorminer-layout,2,1,1,2.9,4,58,0.29061300000103074,20,142
ER_n20_d0.7,pegasus_6_broken5,minorminer-layout,3,1,1,2.5,4,50,0.19108929200046987,20,142
ER_n20_d0.7,pegasus_6_broken5,minorminer-layout,4,1,1,2.65,3,53,0.15291362500101968,20,142
ER_n20_d0.7,pegasus_6_broken5,pathfinder,0,1,1,2.75,4,55,0.5721965829998226,20,142
ER_n20_d0.7,pegasus_6_broken5,pathfinder,1,1,1,2.8,4,56,0.5750234579991229,20,142
ER_n20_d0.7,pegasus_6_broken5,pathfinder,2,1,1,2.85,4,57,0.5331354160007322,20,142
ER_n20_d0.7,pegasus_6_broken5,pathfinder,3,1,1,2.45,3,49,0.5798966250004014,20,142
ER_n20_d0.7,pegasus_6_broken5,pathfinder,4,1,1,2.75,3,55,1.1740068749986676,20,142
ER_n20_d0.7,pegasus_6_broken5,pathfinder-thorough,0,1,1,2.55,3,51,2.9942720829985774,20,142
ER_n20_d0.7,pegasus_6_broken5,pathfinder-thorough,1,1,1,2.5,3,50,4.198857583000063,20,142
ER_n20_d0.7,pegasus_6_broken5,pathfinder-thorough,2,1,1,2.6,3,52,2.557955332998972,20,142
ER_n20_d0.7,pegasus_6_broken5,pathfinder-thorough,3,1,1,2.45,3,49,2.659547166998891,20,142
ER_n20_d0.7,pegasus_6_broken5,pathfinder-thorough,4,1,1,2.7,4,54,3.906999666000047,20,142
ER_n20_d0.7,zephyr_4,minorminer,0,1,1,2.2,3,44,0.1183180000007269,20,142
ER_n20_d0.7,zephyr_4,minorminer,1,1,1,2.15,3,43,0.08149029199921642,20,142
ER_n20_d0.7,zephyr_4,minorminer,2,1,1,2.25,3,45,0.17363716699946963,20,142
ER_n20_d0.7,zephyr_4,minorminer,3,1,1,2.15,3,43,0.14211354100007156,20,142
ER_n20_d0.7,zephyr_4,minorminer,4,1,1,2.05,3,41,0.15291062500000407,20,142
ER_n20_d0.7,zephyr_4,minorminer-layout,0,1,1,2.25,3,45,0.2212163749991305,20,142
ER_n20_d0.7,zephyr_4,minorminer-layout,1,1,1,2.2,3,44,0.1806779580001603,20,142
ER_n20_d0.7,zephyr_4,minorminer-layout,2,1,1,2.65,3,53,0.1424445000011474,20,142
ER_n20_d0.7,zephyr_4,minorminer-layout,3,1,1,2.25,3,45,0.1390058749984746,20,142
ER_n20_d0.7,zephyr_4,minorminer-layout,4,1,1,2.4,3,48,0.17073337500005437,20,142
ER_n20_d0.7,zephyr_4,pathfinder,0,1,1,2.2,3,44,0.6626938749996043,20,142
ER_n20_d0.7,zephyr_4,pathfinder,1,1,1,2.15,3,43,0.5712443749998783,20,142
ER_n20_d0.7,zephyr_4,pathfinder,2,1,1,2.25,3,45,0.6703116249991581,20,142
ER_n20_d0.7,zephyr_4,pathfinder,3,1,1,2.15,3,43,0.5890246250000928,20,142
ER_n20_d0.7,zephyr_4,pathfinder,4,1,1,2.05,3,41,0.6201244589992712,20,142
ER_n20_d0.7,zephyr_4,pathfinder-thorough,0,1,1,2.1,3,42,2.83884662499986,20,142
ER_n20_d0.7,zephyr_4,pathfinder-thorough,1,1,1,2.15,3,43,3.129251917000147,20,142
ER_n20_d0.7,zephyr_4,pathfinder-thorough,2,1,1,2.1,3,42,3.4349738340006297,20,142
ER_n20_d0.7,zephyr_4,pathfinder-thorough,3,1,1,2.15,3,43,3.173459042000104,20,142
ER_n20_d0.7,zephyr_4,pathfinder-thorough,4,1,1,2.05,3,41,3.2374224169998342,20,142
ER_n30_d0.3,pegasus_6,minorminer,0,1,1,2.7666666666666666,4,83,0.5441603330000362,30,147
ER_n30_d0.3,pegasus_6,minorminer,1,1,1,2.8333333333333335,4,85,0.3015458329991816,30,147
ER_n30_d0.3,pegasus_6,minorminer,2,1,1,2.533333333333333,3,76,0.21087366699975973,30,147
ER_n30_d0.3,pegasus_6,minorminer,3,1,1,2.6,4,78,0.4430205409989867,30,147
ER_n30_d0.3,pegasus_6,minorminer,4,1,1,2.7666666666666666,4,83,0.16513512499841454,30,147
ER_n30_d0.3,pegasus_6,minorminer-layout,0,1,1,2.566666666666667,4,77,0.2834358330001123,30,147
ER_n30_d0.3,pegasus_6,minorminer-layout,1,1,1,2.6333333333333333,4,79,0.2701904170007765,30,147
ER_n30_d0.3,pegasus_6,minorminer-layout,2,1,1,3.0,4,90,0.24526929199964798,30,147
ER_n30_d0.3,pegasus_6,minorminer-layout,3,1,1,2.7,4,81,0.3658012500000041,30,147
ER_n30_d0.3,pegasus_6,minorminer-layout,4,1,1,2.8333333333333335,4,85,0.4622795830000541,30,147
ER_n30_d0.3,pegasus_6,pathfinder,0,1,1,2.7333333333333334,4,82,1.5339277500006574,30,147
ER_n30_d0.3,pegasus_6,pathfinder,1,1,1,2.8,4,84,1.426238749998447,30,147
ER_n30_d0.3,pegasus_6,pathfinder,2,1,1,2.533333333333333,3,76,0.888545375000831,30,147
ER_n30_d0.3,pegasus_6,pathfinder,3,1,1,2.6,4,78,1.0276363329994638,30,147
ER_n30_d0.3,pegasus_6,pathfinder,4,1,1,2.7666666666666666,4,83,0.6863197920010862,30,147
ER_n30_d0.3,pegasus_6,pathfinder-thorough,0,1,1,2.6,4,78,20.094975084000907,30,147
ER_n30_d0.3,pegasus_6,pathfinder-thorough,1,1,1,2.6,4,78,20.07469729100012,30,147
ER_n30_d0.3,pegasus_6,pathfinder-thorough,2,1,1,2.533333333333333,3,76,20.065575500000705,30,147
ER_n30_d0.3,pegasus_6,pathfinder-thorough,3,1,1,2.6,4,78,20.055518083001516,30,147
ER_n30_d0.3,pegasus_6,pathfinder-thorough,4,1,1,2.6,4,78,20.107830832999753,30,147
ER_n30_d0.3,pegasus_6_broken5,minorminer,0,1,1,2.566666666666667,4,77,1.451349917000698,30,147
ER_n30_d0.3,pegasus_6_broken5,minorminer,1,1,1,2.8333333333333335,4,85,0.25069525000071735,30,147
ER_n30_d0.3,pegasus_6_broken5,minorminer,2,1,1,2.9,4,87,0.08600983300129883,30,147
ER_n30_d0.3,pegasus_6_broken5,minorminer,3,1,1,2.8666666666666667,4,86,2.783425708001232,30,147
ER_n30_d0.3,pegasus_6_broken5,minorminer,4,1,1,2.8,4,84,2.497509999999238,30,147
ER_n30_d0.3,pegasus_6_broken5,minorminer-layout,0,1,1,2.7,4,81,1.8019392090009205,30,147
ER_n30_d0.3,pegasus_6_broken5,minorminer-layout,1,1,1,2.9,4,87,1.5133130829999573,30,147
ER_n30_d0.3,pegasus_6_broken5,minorminer-layout,2,1,1,2.6,4,78,4.426260917000036,30,147
ER_n30_d0.3,pegasus_6_broken5,minorminer-layout,3,1,1,2.9,4,87,1.8987027919993125,30,147
ER_n30_d0.3,pegasus_6_broken5,minorminer-layout,4,1,1,2.8333333333333335,4,85,2.445661125000697,30,147
ER_n30_d0.3,pegasus_6_broken5,pathfinder,0,1,1,2.533333333333333,4,76,12.34703116700075,30,147
ER_n30_d0.3,pegasus_6_broken5,pathfinder,1,1,1,2.8333333333333335,4,85,6.666842832999464,30,147
ER_n30_d0.3,pegasus_6_broken5,pathfinder,2,1,1,2.9,4,87,5.201751040998715,30,147
ER_n30_d0.3,pegasus_6_broken5,pathfinder,3,1,1,2.8666666666666667,4,86,7.107462457999645,30,147
ER_n30_d0.3,pegasus_6_broken5,pathfinder,4,1,1,2.8,4,84,6.425994042001548,30,147
ER_n30_d0.3,pegasus_6_broken5,pathfinder-thorough,0,1,1,2.6666666666666665,4,80,20.02063870799975,30,147
ER_n30_d0.3,pegasus_6_broken5,pathfinder-thorough,1,1,1,2.8,4,84,20.187430374999167,30,147
ER_n30_d0.3,pegasus_6_broken5,pathfinder-thorough,2,1,1,2.566666666666667,4,77,20.181434542000716,30,147
ER_n30_d0.3,pegasus_6_broken5,pathfinder-thorough,3,1,1,2.6666666666666665,4,80,20.198818458999085,30,147
ER_n30_d0.3,pegasus_6_broken5,pathfinder-thorough,4,1,1,2.6666666666666665,4,80,20.0307852499991,30,147
ER_n30_d0.3,zephyr_4,minorminer,0,1,1,2.1666666666666665,3,65,1.8201383750001696,30,147
ER_n30_d0.3,zephyr_4,minorminer,1,1,1,2.3,3,69,2.0126118329990277,30,147
ER_n30_d0.3,zephyr_4,minorminer,2,1,1,2.2333333333333334,3,67,1.270640958999138,30,147
ER_n30_d0.3,zephyr_4,minorminer,3,1,1,2.2333333333333334,3,67,1.3905479589993774,30,147
ER_n30_d0.3,zephyr_4,minorminer,4,1,1,2.2666666666666666,3,68,1.3684314160000213,30,147
ER_n30_d0.3,zephyr_4,minorminer-layout,0,1,1,2.2,3,66,1.8682936250006605,30,147
ER_n30_d0.3,zephyr_4,minorminer-layout,1,1,1,2.2333333333333334,4,67,1.366804499999489,30,147
ER_n30_d0.3,zephyr_4,minorminer-layout,2,1,1,2.3,3,69,1.7001610000006622,30,147
ER_n30_d0.3,zephyr_4,minorminer-layout,3,1,1,2.433333333333333,4,73,1.5644257090007159,30,147
ER_n30_d0.3,zephyr_4,minorminer-layout,4,1,1,2.2333333333333334,3,67,2.450729207999757,30,147
ER_n30_d0.3,zephyr_4,pathfinder,0,1,1,2.1333333333333333,3,64,11.068744999998671,30,147
ER_n30_d0.3,zephyr_4,pathfinder,1,1,1,2.3,3,69,6.767476541999713,30,147
ER_n30_d0.3,zephyr_4,pathfinder,2,1,1,2.2333333333333334,3,67,5.805356457998641,30,147
ER_n30_d0.3,zephyr_4,pathfinder,3,1,1,2.2333333333333334,3,67,5.828302249999979,30,147
ER_n30_d0.3,zephyr_4,pathfinder,4,1,1,2.2666666666666666,3,68,5.140503415999774,30,147
ER_n30_d0.3,zephyr_4,pathfinder-thorough,0,1,1,2.1333333333333333,3,64,19.762417457999618,30,147
ER_n30_d0.3,zephyr_4,pathfinder-thorough,1,1,1,2.3,3,69,19.7815301669998,30,147
ER_n30_d0.3,zephyr_4,pathfinder-thorough,2,1,1,2.1333333333333333,3,64,19.392856165999547,30,147
ER_n30_d0.3,zephyr_4,pathfinder-thorough,3,1,1,2.066666666666667,3,62,19.437740666000536,30,147
ER_n30_d0.3,zephyr_4,pathfinder-thorough,4,1,1,2.2666666666666666,3,68,18.66789499999868,30,147
ER_n30_d0.5,pegasus_6,minorminer,0,1,1,3.5,5,105,3.4217952500002866,30,226
ER_n30_d0.5,pegasus_6,minorminer,1,1,1,3.3333333333333335,4,100,3.1353767500004324,30,226
ER_n30_d0.5,pegasus_6,minorminer,2,1,1,3.2333333333333334,5,97,7.662813875000211,30,226
ER_n30_d0.5,pegasus_6,minorminer,3,1,1,3.4,5,102,4.666148958000122,30,226
ER_n30_d0.5,pegasus_6,minorminer,4,1,1,3.033333333333333,4,91,3.3222850840011233,30,226
ER_n30_d0.5,pegasus_6,minorminer-layout,0,1,1,3.4,5,102,3.226141375000225,30,226
ER_n30_d0.5,pegasus_6,minorminer-layout,1,1,1,3.566666666666667,5,107,3.453276750000441,30,226
ER_n30_d0.5,pegasus_6,minorminer-layout,2,1,1,3.4,4,102,3.9322089580000466,30,226
ER_n30_d0.5,pegasus_6,minorminer-layout,3,1,1,3.2666666666666666,5,98,3.2454560000005586,30,226
ER_n30_d0.5,pegasus_6,minorminer-layout,4,1,1,3.5,5,105,2.6375117089992273,30,226
ER_n30_d0.5,pegasus_6,pathfinder,0,1,1,3.433333333333333,5,103,11.223461375000625,30,226
ER_n30_d0.5,pegasus_6,pathfinder,1,1,1,3.3333333333333335,4,100,7.1707243750006455,30,226
ER_n30_d0.5,pegasus_6,pathfinder,2,1,1,3.1333333333333333,5,94,11.627248374999908,30,226
ER_n30_d0.5,pegasus_6,pathfinder,3,1,1,3.3333333333333335,5,100,9.618226458998834,30,226
ER_n30_d0.5,pegasus_6,pathfinder,4,1,1,3.033333333333333,4,91,5.559666875000403,30,226
ER_n30_d0.5,pegasus_6,pathfinder-thorough,0,1,1,3.2333333333333334,4,97,20.004368375000922,30,226
ER_n30_d0.5,pegasus_6,pathfinder-thorough,1,1,1,3.3333333333333335,4,100,18.534399833999487,30,226
ER_n30_d0.5,pegasus_6,pathfinder-thorough,2,1,1,3.2,4,96,18.14579833300013,30,226
ER_n30_d0.5,pegasus_6,pathfinder-thorough,3,1,1,3.1666666666666665,4,95,19.903922749999765,30,226
ER_n30_d0.5,pegasus_6,pathfinder-thorough,4,1,1,3.033333333333333,4,91,17.4852169170008,30,226
ER_n30_d0.5,pegasus_6_broken5,minorminer,0,1,1,3.433333333333333,5,103,1.8444478329984122,30,226
ER_n30_d0.5,pegasus_6_broken5,minorminer,1,1,1,3.6,5,108,0.6706237090002105,30,226
ER_n30_d0.5,pegasus_6_broken5,minorminer,2,1,1,3.4,5,102,1.0006934169996384,30,226
ER_n30_d0.5,pegasus_6_broken5,minorminer,3,1,1,3.7,5,111,1.22479016699981,30,226
ER_n30_d0.5,pegasus_6_broken5,minorminer,4,1,1,3.5,5,105,1.525835916001597,30,226
ER_n30_d0.5,pegasus_6_broken5,minorminer-layout,0,1,1,3.5,5,105,1.044577083999684,30,226
ER_n30_d0.5,pegasus_6_broken5,minorminer-layout,1,1,1,3.3,5,99,1.8781399590006913,30,226
ER_n30_d0.5,pegasus_6_broken5,minorminer-layout,2,1,1,3.566666666666667,5,107,1.3007551249993412,30,226
ER_n30_d0.5,pegasus_6_broken5,minorminer-layout,3,1,1,3.6,5,108,0.8390589579994412,30,226
ER_n30_d0.5,pegasus_6_broken5,minorminer-layout,4,1,1,3.533333333333333,5,106,1.2420921250013635,30,226
ER_n30_d0.5,pegasus_6_broken5,pathfinder,0,1,1,3.3666666666666667,5,101,6.230534582999098,30,226
ER_n30_d0.5,pegasus_6_broken5,pathfinder,1,1,1,3.566666666666667,5,107,5.281542750000881,30,226
ER_n30_d0.5,pegasus_6_broken5,pathfinder,2,1,1,3.3666666666666667,5,101,5.29601408400049,30,226
ER_n30_d0.5,pegasus_6_broken5,pathfinder,3,1,1,3.7,5,111,2.8927265829988755,30,226
ER_n30_d0.5,pegasus_6_broken5,pathfinder,4,1,1,3.4,4,102,5.1183699579996755,30,226
ER_n30_d0.5,pegasus_6_broken5,pathfinder-thorough,0,1,1,3.3666666666666667,5,101,12.832954208000956,30,226
ER_n30_d0.5,pegasus_6_broken5,pathfinder-thorough,1,1,1,3.4,4,102,13.936323500000071,30,226
ER_n30_d0.5,pegasus_6_broken5,pathfinder-thorough,2,1,1,3.3666666666666667,5,101,12.04883454100127,30,226
ER_n30_d0.5,pegasus_6_broken5,pathfinder-thorough,3,1,1,3.1666666666666665,5,95,11.70618766699954,30,226
ER_n30_d0.5,pegasus_6_broken5,pathfinder-thorough,4,1,1,3.4,4,102,12.890957666000759,30,226
ER_n30_d0.5,zephyr_4,minorminer,0,1,1,2.6666666666666665,4,80,1.2705833750005695,30,226
ER_n30_d0.5,zephyr_4,minorminer,1,1,1,2.8666666666666667,4,86,0.689053915999466,30,226
ER_n30_d0.5,zephyr_4,minorminer,2,1,1,2.7,4,81,0.5473528330003319,30,226
ER_n30_d0.5,zephyr_4,minorminer,3,1,1,2.7333333333333334,4,82,0.3803504580009758,30,226
ER_n30_d0.5,zephyr_4,minorminer,4,1,1,2.7666666666666666,4,83,0.6441763340008038,30,226
ER_n30_d0.5,zephyr_4,minorminer-layout,0,1,1,2.7333333333333334,4,82,0.8089197499994043,30,226
ER_n30_d0.5,zephyr_4,minorminer-layout,1,1,1,2.7666666666666666,4,83,0.7684778750008263,30,226
ER_n30_d0.5,zephyr_4,minorminer-layout,2,1,1,2.7333333333333334,4,82,0.9478274590001092,30,226
ER_n30_d0.5,zephyr_4,minorminer-layout,3,1,1,2.7333333333333334,4,82,0.5952722080000967,30,226
ER_n30_d0.5,zephyr_4,minorminer-layout,4,1,1,2.7,4,81,0.9346498750001047,30,226
ER_n30_d0.5,zephyr_4,pathfinder,0,1,1,2.6333333333333333,4,79,3.621812792000128,30,226
ER_n30_d0.5,zephyr_4,pathfinder,1,1,1,2.8,4,84,4.46491104100096,30,226
ER_n30_d0.5,zephyr_4,pathfinder,2,1,1,2.6333333333333333,4,79,3.0971775420002814,30,226
ER_n30_d0.5,zephyr_4,pathfinder,3,1,1,2.7333333333333334,4,82,1.3243707499987067,30,226
ER_n30_d0.5,zephyr_4,pathfinder,4,1,1,2.7666666666666666,4,83,1.5105702919991018,30,226
ER_n30_d0.5,zephyr_4,pathfinder-thorough,0,1,1,2.6,4,78,9.083290250000573,30,226
ER_n30_d0.5,zephyr_4,pathfinder-thorough,1,1,1,2.7666666666666666,4,83,9.120569459000762,30,226
ER_n30_d0.5,zephyr_4,pathfinder-thorough,2,1,1,2.6333333333333333,4,79,7.700891000000411,30,226
ER_n30_d0.5,zephyr_4,pathfinder-thorough,3,1,1,2.7,4,81,6.8244698329999665,30,226
ER_n30_d0.5,zephyr_4,pathfinder-thorough,4,1,1,2.7333333333333334,4,82,7.646225750000667,30,226
ER_n30_d0.7,pegasus_6,minorminer,0,1,1,3.6333333333333333,5,109,2.088182625000627,30,319
ER_n30_d0.7,pegasus_6,minorminer,1,1,1,4.233333333333333,6,127,1.009988458999942,30,319
ER_n30_d0.7,pegasus_6,minorminer,2,1,1,3.8666666666666667,5,116,0.7674004590007826,30,319
ER_n30_d0.7,pegasus_6,minorminer,3,1,1,3.7666666666666666,5,113,0.8601241670003219,30,319
ER_n30_d0.7,pegasus_6,minorminer,4,1,1,3.6333333333333333,4,109,1.3768605000004754,30,319
ER_n30_d0.7,pegasus_6,minorminer-layout,0,1,1,4.033333333333333,6,121,0.6209732910010644,30,319
ER_n30_d0.7,pegasus_6,minorminer-layout,1,1,1,3.6333333333333333,5,109,1.275799791999816,30,319
ER_n30_d0.7,pegasus_6,minorminer-layout,2,1,1,3.6,5,108,1.271770416000436,30,319
ER_n30_d0.7,pegasus_6,minorminer-layout,3,1,1,3.933333333333333,6,118,0.5876772920000803,30,319
ER_n30_d0.7,pegasus_6,minorminer-layout,4,1,1,3.8,5,114,1.161585500000001,30,319
ER_n30_d0.7,pegasus_6,pathfinder,0,1,1,3.6,5,108,4.218729250000251,30,319
ER_n30_d0.7,pegasus_6,pathfinder,1,1,1,4.2,6,126,3.330883583001196,30,319
ER_n30_d0.7,pegasus_6,pathfinder,2,1,1,3.8666666666666667,5,116,1.8660176249995857,30,319
ER_n30_d0.7,pegasus_6,pathfinder,3,1,1,3.7,5,111,3.18062529099916,30,319
ER_n30_d0.7,pegasus_6,pathfinder,4,1,1,3.6,4,108,3.540268582999488,30,319
ER_n30_d0.7,pegasus_6,pathfinder-thorough,0,1,1,3.6,5,108,10.845560041998397,30,319
ER_n30_d0.7,pegasus_6,pathfinder-thorough,1,1,1,3.6666666666666665,5,110,12.761570791999475,30,319
ER_n30_d0.7,pegasus_6,pathfinder-thorough,2,1,1,3.7666666666666666,5,113,12.279601624999486,30,319
ER_n30_d0.7,pegasus_6,pathfinder-thorough,3,1,1,3.6333333333333333,5,109,13.908915041,30,319
ER_n30_d0.7,pegasus_6,pathfinder-thorough,4,1,1,3.6,4,108,11.828990292000526,30,319
ER_n30_d0.7,pegasus_6_broken5,minorminer,0,1,1,3.6666666666666665,5,110,1.0399481669992383,30,319
ER_n30_d0.7,pegasus_6_broken5,minorminer,1,1,1,4.066666666666666,6,122,0.455751584000609,30,319
ER_n30_d0.7,pegasus_6_broken5,minorminer,2,1,1,3.6666666666666665,5,110,1.1858353330007958,30,319
ER_n30_d0.7,pegasus_6_broken5,minorminer,3,1,1,3.8666666666666667,5,116,0.7315852500014444,30,319
ER_n30_d0.7,pegasus_6_broken5,minorminer,4,1,1,4.0,5,120,0.9477575830005662,30,319
ER_n30_d0.7,pegasus_6_broken5,minorminer-layout,0,1,1,3.933333333333333,5,118,1.0472385419998318,30,319
ER_n30_d0.7,pegasus_6_broken5,minorminer-layout,1,1,1,4.3,6,129,0.6002236670010461,30,319
ER_n30_d0.7,pegasus_6_broken5,minorminer-layout,2,1,1,3.8333333333333335,5,115,0.7926460410017171,30,319
ER_n30_d0.7,pegasus_6_broken5,minorminer-layout,3,1,1,3.966666666666667,6,119,0.5509567919998517,30,319
ER_n30_d0.7,pegasus_6_broken5,minorminer-layout,4,1,1,4.033333333333333,6,121,0.6893543329988461,30,319
ER_n30_d0.7,pegasus_6_broken5,pathfinder,0,1,1,3.6333333333333333,5,109,3.2368149169997196,30,319
ER_n30_d0.7,pegasus_6_broken5,pathfinder,1,1,1,3.933333333333333,6,118,2.583773584001392,30,319
ER_n30_d0.7,pegasus_6_broken5,pathfinder,2,1,1,3.6,4,108,3.451485875000799,30,319
ER_n30_d0.7,pegasus_6_broken5,pathfinder,3,1,1,3.8333333333333335,5,115,3.1641977500003122,30,319
ER_n30_d0.7,pegasus_6_broken5,pathfinder,4,1,1,3.933333333333333,5,118,3.2443020829996385,30,319
ER_n30_d0.7,pegasus_6_broken5,pathfinder-thorough,0,1,1,3.6333333333333333,5,109,11.623290250001446,30,319
ER_n30_d0.7,pegasus_6_broken5,pathfinder-thorough,1,1,1,3.566666666666667,5,107,10.601640708999184,30,319
ER_n30_d0.7,pegasus_6_broken5,pathfinder-thorough,2,1,1,3.6,4,108,11.431568542000605,30,319
ER_n30_d0.7,pegasus_6_broken5,pathfinder-thorough,3,1,1,3.6666666666666665,5,110,12.056021375001365,30,319
ER_n30_d0.7,pegasus_6_broken5,pathfinder-thorough,4,1,1,3.933333333333333,5,118,10.911419124999156,30,319
ER_n30_d0.7,zephyr_4,minorminer,0,1,1,3.0,4,90,0.3753243749997637,30,319
ER_n30_d0.7,zephyr_4,minorminer,1,1,1,3.066666666666667,4,92,0.5084773329999734,30,319
ER_n30_d0.7,zephyr_4,minorminer,2,1,1,3.0,4,90,0.8344127079999453,30,319
ER_n30_d0.7,zephyr_4,minorminer,3,1,1,3.1333333333333333,4,94,0.827795082999728,30,319
ER_n30_d0.7,zephyr_4,minorminer,4,1,1,2.966666666666667,4,89,0.8486080829989078,30,319
ER_n30_d0.7,zephyr_4,minorminer-layout,0,1,1,2.966666666666667,4,89,0.8531778329997906,30,319
ER_n30_d0.7,zephyr_4,minorminer-layout,1,1,1,3.066666666666667,4,92,0.4292786250007339,30,319
ER_n30_d0.7,zephyr_4,minorminer-layout,2,1,1,3.066666666666667,4,92,0.8774335839989362,30,319
ER_n30_d0.7,zephyr_4,minorminer-layout,3,1,1,3.033333333333333,4,91,0.5494562500007305,30,319
ER_n30_d0.7,zephyr_4,minorminer-layout,4,1,1,3.033333333333333,4,91,0.6139640000001236,30,319
ER_n30_d0.7,zephyr_4,pathfinder,0,1,1,3.0,4,90,1.6679656249998516,30,319
ER_n30_d0.7,zephyr_4,pathfinder,1,1,1,3.0,4,90,3.091303749999497,30,319
ER_n30_d0.7,zephyr_4,pathfinder,2,1,1,3.0,4,90,2.0852397919989016,30,319
ER_n30_d0.7,zephyr_4,pathfinder,3,1,1,3.1,4,93,3.0462051659997087,30,319
ER_n30_d0.7,zephyr_4,pathfinder,4,1,1,2.933333333333333,4,88,2.9665696249994653,30,319
ER_n30_d0.7,zephyr_4,pathfinder-thorough,0,1,1,2.966666666666667,4,89,7.292875584000285,30,319
ER_n30_d0.7,zephyr_4,pathfinder-thorough,1,1,1,3.0,4,90,7.533194291001564,30,319
ER_n30_d0.7,zephyr_4,pathfinder-thorough,2,1,1,2.933333333333333,4,88,7.739048458999605,30,319
ER_n30_d0.7,zephyr_4,pathfinder-thorough,3,1,1,2.966666666666667,4,89,10.442491290999897,30,319
ER_n30_d0.7,zephyr_4,pathfinder-thorough,4,1,1,2.933333333333333,4,88,8.784205250000014,30,319
ER_n40_d0.3,pegasus_6,minorminer,0,1,1,3.525,5,141,0.5218602910008485,40,241
ER_n40_d0.3,pegasus_6,minorminer,1,1,1,3.6,6,144,0.43998966599974665,40,241
ER_n40_d0.3,pegasus_6,minorminer,2,1,1,3.625,5,145,0.4268987499999639,40,241
ER_n40_d0.3,pegasus_6,minorminer,3,1,1,3.55,5,142,0.7383386250003241,40,241
ER_n40_d0.3,pegasus_6,minorminer,4,1,1,3.5,5,140,0.5627970410005219,40,241
ER_n40_d0.3,pegasus_6,minorminer-layout,0,1,1,3.45,5,138,0.5780470420013444,40,241
ER_n40_d0.3,pegasus_6,minorminer-layout,1,1,1,3.825,6,153,0.4047377500010043,40,241
ER_n40_d0.3,pegasus_6,minorminer-layout,2,1,1,3.5,5,140,0.5331576669996139,40,241
ER_n40_d0.3,pegasus_6,minorminer-layout,3,1,1,3.625,5,145,0.39700099999936356,40,241
ER_n40_d0.3,pegasus_6,minorminer-layout,4,1,1,3.7,6,148,0.3737853330003418,40,241
ER_n40_d0.3,pegasus_6,pathfinder,0,1,1,3.45,5,138,2.3278442089995224,40,241
ER_n40_d0.3,pegasus_6,pathfinder,1,1,1,3.6,6,144,1.3500594580000325,40,241
ER_n40_d0.3,pegasus_6,pathfinder,2,1,1,3.575,5,143,2.1305444589997933,40,241
ER_n40_d0.3,pegasus_6,pathfinder,3,1,1,3.525,5,141,2.4987747499999386,40,241
ER_n40_d0.3,pegasus_6,pathfinder,4,1,1,3.475,5,139,2.315139124999405,40,241
ER_n40_d0.3,pegasus_6,pathfinder-thorough,0,1,1,3.45,5,138,8.307218250000005,40,241
ER_n40_d0.3,pegasus_6,pathfinder-thorough,1,1,1,3.45,5,138,6.396581833001619,40,241
ER_n40_d0.3,pegasus_6,pathfinder-thorough,2,1,1,3.3,5,132,8.874247667001327,40,241
ER_n40_d0.3,pegasus_6,pathfinder-thorough,3,1,1,3.375,5,135,7.789716541999951,40,241
ER_n40_d0.3,pegasus_6,pathfinder-thorough,4,1,1,3.475,5,139,10.49372008300088,40,241
ER_n40_d0.3,pegasus_6_broken5,minorminer,0,1,1,3.525,5,141,0.4928983749996405,40,241
ER_n40_d0.3,pegasus_6_broken5,minorminer,1,1,1,3.55,5,142,0.8099627079991478,40,241
ER_n40_d0.3,pegasus_6_broken5,minorminer,2,1,1,3.525,5,141,0.5729610409998713,40,241
ER_n40_d0.3,pegasus_6_broken5,minorminer,3,1,1,3.55,5,142,0.8246975830006704,40,241
ER_n40_d0.3,pegasus_6_broken5,minorminer,4,1,1,3.925,6,157,0.32212758300011046,40,241
ER_n40_d0.3,pegasus_6_broken5,minorminer-layout,0,1,1,4.0,6,160,0.40670033400056127,40,241
ER_n40_d0.3,pegasus_6_broken5,minorminer-layout,1,1,1,3.5,5,140,0.8320242090012471,40,241
ER_n40_d0.3,pegasus_6_broken5,minorminer-layout,2,1,1,3.525,5,141,0.31046462500125926,40,241
ER_n40_d0.3,pegasus_6_broken5,minorminer-layout,3,1,1,3.65,6,146,0.36256487500031653,40,241
ER_n40_d0.3,pegasus_6_broken5,minorminer-layout,4,1,1,3.5,6,140,0.28707958300037717,40,241
ER_n40_d0.3,pegasus_6_broken5,pathfinder,0,1,1,3.525,5,141,1.216767042000356,40,241
ER_n40_d0.3,pegasus_6_broken5,pathfinder,1,1,1,3.55,5,142,1.507889291000538,40,241
ER_n40_d0.3,pegasus_6_broken5,pathfinder,2,1,1,3.525,5,141,1.308934541999406,40,241
ER_n40_d0.3,pegasus_6_broken5,pathfinder,3,1,1,3.55,5,142,1.7164985830004298,40,241
ER_n40_d0.3,pegasus_6_broken5,pathfinder,4,1,1,3.775,6,151,1.9544022499994753,40,241
ER_n40_d0.3,pegasus_6_broken5,pathfinder-thorough,0,1,1,3.525,5,141,6.795124457999918,40,241
ER_n40_d0.3,pegasus_6_broken5,pathfinder-thorough,1,1,1,3.55,5,142,7.231073834000199,40,241
ER_n40_d0.3,pegasus_6_broken5,pathfinder-thorough,2,1,1,3.45,5,138,7.878182582999216,40,241
ER_n40_d0.3,pegasus_6_broken5,pathfinder-thorough,3,1,1,3.4,5,136,7.299986833999355,40,241
ER_n40_d0.3,pegasus_6_broken5,pathfinder-thorough,4,1,1,3.65,5,146,7.065231999999014,40,241
ER_n40_d0.3,zephyr_4,minorminer,0,1,1,3.1,5,124,0.37720912499935366,40,241
ER_n40_d0.3,zephyr_4,minorminer,1,1,1,2.875,4,115,0.3554011249998439,40,241
ER_n40_d0.3,zephyr_4,minorminer,2,1,1,2.925,5,117,0.45310649999919406,40,241
ER_n40_d0.3,zephyr_4,minorminer,3,1,1,2.875,4,115,0.5078940419989522,40,241
ER_n40_d0.3,zephyr_4,minorminer,4,1,1,2.85,4,114,0.8687698330013518,40,241
ER_n40_d0.3,zephyr_4,minorminer-layout,0,1,1,3.15,5,126,0.4573952909995569,40,241
ER_n40_d0.3,zephyr_4,minorminer-layout,1,1,1,3.1,5,124,0.26761966699996265,40,241
ER_n40_d0.3,zephyr_4,minorminer-layout,2,1,1,2.875,4,115,0.8609902919997694,40,241
ER_n40_d0.3,zephyr_4,minorminer-layout,3,1,1,3.175,5,127,0.28494495899940375,40,241
ER_n40_d0.3,zephyr_4,minorminer-layout,4,1,1,3.25,5,130,0.2680501249997178,40,241
ER_n40_d0.3,zephyr_4,pathfinder,0,1,1,3.05,5,122,3.1016095409995614,40,241
ER_n40_d0.3,zephyr_4,pathfinder,1,1,1,2.825,4,113,2.2098854999985633,40,241
ER_n40_d0.3,zephyr_4,pathfinder,2,1,1,2.85,4,114,2.2139147500001854,40,241
ER_n40_d0.3,zephyr_4,pathfinder,3,1,1,2.825,4,113,2.2820236249990558,40,241
ER_n40_d0.3,zephyr_4,pathfinder,4,1,1,2.85,4,114,1.8579799170001934,40,241
ER_n40_d0.3,zephyr_4,pathfinder-thorough,0,1,1,3.025,5,121,9.337760292000894,40,241
ER_n40_d0.3,zephyr_4,pathfinder-thorough,1,1,1,2.825,4,113,8.40773312500096,40,241
ER_n40_d0.3,zephyr_4,pathfinder-thorough,2,1,1,2.75,4,110,8.068800084000031,40,241
ER_n40_d0.3,zephyr_4,pathfinder-thorough,3,1,1,2.725,4,109,7.3134989579994,40,241
ER_n40_d0.3,zephyr_4,pathfinder-thorough,4,1,1,2.85,4,114,8.872129249999489,40,241
ER_n40_d0.5,pegasus_6,minorminer,0,1,1,4.575,7,183,0.5984365830008755,40,393
ER_n40_d0.5,pegasus_6,minorminer,1,1,1,4.4,6,176,1.3001692919988272,40,393
ER_n40_d0.5,pegasus_6,minorminer,2,1,1,4.575,6,183,1.5519527920005203,40,393
ER_n40_d0.5,pegasus_6,minorminer,3,1,1,4.575,7,183,0.9815274159991532,40,393
ER_n40_d0.5,pegasus_6,minorminer,4,1,1,4.7,6,188,1.1248905840002408,40,393
ER_n40_d0.5,pegasus_6,minorminer-layout,0,1,1,4.6,7,184,1.1707947909999348,40,393
ER_n40_d0.5,pegasus_6,minorminer-layout,1,1,1,4.925,7,197,0.9661100000012084,40,393
ER_n40_d0.5,pegasus_6,minorminer-layout,2,1,1,4.675,7,187,0.8612029160012753,40,393
ER_n40_d0.5,pegasus_6,minorminer-layout,3,1,1,4.8,7,192,0.9125338750000083,40,393
ER_n40_d0.5,pegasus_6,minorminer-layout,4,1,1,4.6,6,184,1.0343662920004135,40,393
ER_n40_d0.5,pegasus_6,pathfinder,0,1,1,4.5,6,180,3.6154147499983083,40,393
ER_n40_d0.5,pegasus_6,pathfinder,1,1,1,4.25,6,170,4.392128749999756,40,393
ER_n40_d0.5,pegasus_6,pathfinder,2,1,1,4.5,6,180,4.5763965000005555,40,393
ER_n40_d0.5,pegasus_6,pathfinder,3,1,1,4.525,7,181,3.9579602499998146,40,393
ER_n40_d0.5,pegasus_6,pathfinder,4,1,1,4.675,6,187,4.066056542000297,40,393
ER_n40_d0.5,pegasus_6,pathfinder-thorough,0,1,1,4.4,7,176,16.31553199999871,40,393
ER_n40_d0.5,pegasus_6,pathfinder-thorough,1,1,1,4.25,6,170,16.662151833999815,40,393
ER_n40_d0.5,pegasus_6,pathfinder-thorough,2,1,1,4.5,6,180,15.428883332999249,40,393
ER_n40_d0.5,pegasus_6,pathfinder-thorough,3,1,1,4.425,6,177,17.25881041700086,40,393
ER_n40_d0.5,pegasus_6,pathfinder-thorough,4,1,1,4.35,6,174,16.364528166001037,40,393
ER_n40_d0.5,pegasus_6_broken5,minorminer,0,1,1,4.95,8,198,0.553073332999702,40,393
ER_n40_d0.5,pegasus_6_broken5,minorminer,1,1,1,4.65,7,186,1.037681457999497,40,393
ER_n40_d0.5,pegasus_6_broken5,minorminer,2,1,1,5.15,7,206,0.6059097079996718,40,393
ER_n40_d0.5,pegasus_6_broken5,minorminer,3,1,1,4.9,7,196,0.9242205000009562,40,393
ER_n40_d0.5,pegasus_6_broken5,minorminer,4,1,1,4.725,7,189,0.9594352080002864,40,393
ER_n40_d0.5,pegasus_6_broken5,minorminer-layout,0,1,1,4.85,7,194,0.8472086660003697,40,393
ER_n40_d0.5,pegasus_6_broken5,minorminer-layout,1,1,1,4.8,7,192,0.9062935410001955,40,393
ER_n40_d0.5,pegasus_6_broken5,minorminer-layout,2,1,1,4.875,7,195,1.2622627500004455,40,393
ER_n40_d0.5,pegasus_6_broken5,minorminer-layout,3,1,1,4.35,6,174,2.0474367909991997,40,393
ER_n40_d0.5,pegasus_6_broken5,minorminer-layout,4,1,1,4.7,7,188,0.8749852499986446,40,393
ER_n40_d0.5,pegasus_6_broken5,pathfinder,0,1,1,4.9,8,196,3.505145999999513,40,393
ER_n40_d0.5,pegasus_6_broken5,pathfinder,1,1,1,4.625,7,185,3.9655816670001514,40,393
ER_n40_d0.5,pegasus_6_broken5,pathfinder,2,1,1,5.1,7,204,3.492337708999912,40,393
ER_n40_d0.5,pegasus_6_broken5,pathfinder,3,1,1,4.725,7,189,3.263322541999514,40,393
ER_n40_d0.5,pegasus_6_broken5,pathfinder,4,1,1,4.65,7,186,3.3493388749993755,40,393
ER_n40_d0.5,pegasus_6_broken5,pathfinder-thorough,0,1,1,4.525,6,181,16.44550654199884,40,393
ER_n40_d0.5,pegasus_6_broken5,pathfinder-thorough,1,1,1,4.525,6,181,13.637996916999327,40,393
ER_n40_d0.5,pegasus_6_broken5,pathfinder-thorough,2,1,1,4.425,6,177,14.97672191700076,40,393
ER_n40_d0.5,pegasus_6_broken5,pathfinder-thorough,3,1,1,4.525,7,181,12.45364574999985,40,393
ER_n40_d0.5,pegasus_6_broken5,pathfinder-thorough,4,1,1,4.6,6,184,13.76238879199991,40,393
ER_n40_d0.5,zephyr_4,minorminer,0,1,1,3.575,5,143,0.9698790830007056,40,393
ER_n40_d0.5,zephyr_4,minorminer,1,1,1,3.7,5,148,0.8335608329998649,40,393
ER_n40_d0.5,zephyr_4,minorminer,2,1,1,3.6,5,144,0.9223614169986831,40,393
ER_n40_d0.5,zephyr_4,minorminer,3,1,1,3.75,5,150,1.0083673330009333,40,393
ER_n40_d0.5,zephyr_4,minorminer,4,1,1,3.525,5,141,1.154621749999933,40,393
ER_n40_d0.5,zephyr_4,minorminer-layout,0,1,1,3.625,5,145,0.8114058339997428,40,393
ER_n40_d0.5,zephyr_4,minorminer-layout,1,1,1,3.85,6,154,0.655617832999269,40,393
ER_n40_d0.5,zephyr_4,minorminer-layout,2,1,1,3.675,5,147,0.7628881249984261,40,393
ER_n40_d0.5,zephyr_4,minorminer-layout,3,1,1,3.425,5,137,2.3430787499983126,40,393
ER_n40_d0.5,zephyr_4,minorminer-layout,4,1,1,3.45,5,138,0.9461997079997673,40,393
ER_n40_d0.5,zephyr_4,pathfinder,0,1,1,3.5,5,140,3.6064647080002032,40,393
ER_n40_d0.5,zephyr_4,pathfinder,1,1,1,3.6,5,144,3.4564364590005425,40,393
ER_n40_d0.5,zephyr_4,pathfinder,2,1,1,3.575,5,143,3.633473124999,40,393
ER_n40_d0.5,zephyr_4,pathfinder,3,1,1,3.675,5,147,4.096288332999393,40,393
ER_n40_d0.5,zephyr_4,pathfinder,4,1,1,3.475,5,139,4.236261082998681,40,393
ER_n40_d0.5,zephyr_4,pathfinder-thorough,0,1,1,3.475,5,139,13.582149750000099,40,393
ER_n40_d0.5,zephyr_4,pathfinder-thorough,1,1,1,3.55,5,142,12.08783858300012,40,393
ER_n40_d0.5,zephyr_4,pathfinder-thorough,2,1,1,3.525,5,141,15.284038125000734,40,393
ER_n40_d0.5,zephyr_4,pathfinder-thorough,3,1,1,3.55,5,142,14.86950920900017,40,393
ER_n40_d0.5,zephyr_4,pathfinder-thorough,4,1,1,3.475,5,139,13.675290832999963,40,393
ER_n40_d0.7,pegasus_6,minorminer,0,1,1,5.25,8,210,0.5320409999985714,40,557
ER_n40_d0.7,pegasus_6,minorminer,1,1,1,5.15,7,206,1.0410562500001106,40,557
ER_n40_d0.7,pegasus_6,minorminer,2,1,1,5.1,7,204,2.30944879100025,40,557
ER_n40_d0.7,pegasus_6,minorminer,3,1,1,5.175,7,207,1.6589915420008765,40,557
ER_n40_d0.7,pegasus_6,minorminer,4,1,1,5.075,7,203,1.2307677079988935,40,557
ER_n40_d0.7,pegasus_6,minorminer-layout,0,1,1,5.375,7,215,1.4732265410002583,40,557
ER_n40_d0.7,pegasus_6,minorminer-layout,1,1,1,5.1,7,204,2.2420187500010798,40,557
ER_n40_d0.7,pegasus_6,minorminer-layout,2,1,1,4.975,7,199,2.192748624998785,40,557
ER_n40_d0.7,pegasus_6,minorminer-layout,3,1,1,5.25,7,210,1.5888845829995262,40,557
ER_n40_d0.7,pegasus_6,minorminer-layout,4,1,1,5.45,7,218,1.1580797919996257,40,557
ER_n40_d0.7,pegasus_6,pathfinder,0,1,1,5.1,7,204,6.585040957999809,40,557
ER_n40_d0.7,pegasus_6,pathfinder,1,1,1,5.1,7,204,5.167031999999381,40,557
ER_n40_d0.7,pegasus_6,pathfinder,2,1,1,5.025,7,201,6.46065041699876,40,557
ER_n40_d0.7,pegasus_6,pathfinder,3,1,1,5.1,7,204,5.759458582999287,40,557
ER_n40_d0.7,pegasus_6,pathfinder,4,1,1,5.0,7,200,5.363609541998812,40,557
ER_n40_d0.7,pegasus_6,pathfinder-thorough,0,1,1,4.925,7,197,19.93880470899967,40,557
ER_n40_d0.7,pegasus_6,pathfinder-thorough,1,1,1,5.025,7,201,20.04609241700018,40,557
ER_n40_d0.7,pegasus_6,pathfinder-thorough,2,1,1,5.025,7,201,20.029958708999402,40,557
ER_n40_d0.7,pegasus_6,pathfinder-thorough,3,1,1,4.95,7,198,20.006081790999815,40,557
ER_n40_d0.7,pegasus_6,pathfinder-thorough,4,1,1,4.95,7,198,20.027429915999164,40,557
ER_n40_d0.7,pegasus_6_broken5,minorminer,0,1,1,5.525,8,221,1.056415166000079,40,557
ER_n40_d0.7,pegasus_6_broken5,minorminer,1,1,1,5.275,7,211,1.2053741250001622,40,557
ER_n40_d0.7,pegasus_6_broken5,minorminer,2,1,1,5.775,8,231,0.7706622500008962,40,557
ER_n40_d0.7,pegasus_6_broken5,minorminer,3,1,1,5.35,8,214,1.3059202919994277,40,557
ER_n40_d0.7,pegasus_6_broken5,minorminer,4,1,1,5.675,8,227,0.9693770829999266,40,557
ER_n40_d0.7,pegasus_6_broken5,minorminer-layout,0,1,1,5.7,8,228,1.3264809169995715,40,557
ER_n40_d0.7,pegasus_6_broken5,minorminer-layout,1,1,1,5.475,8,219,1.6727174579991697,40,557
ER_n40_d0.7,pegasus_6_broken5,minorminer-layout,2,1,1,5.15,7,206,2.1965800409998337,40,557
ER_n40_d0.7,pegasus_6_broken5,minorminer-layout,3,1,1,5.225,7,209,1.7820090829991386,40,557
ER_n40_d0.7,pegasus_6_broken5,minorminer-layout,4,1,1,5.25,7,210,1.2171759590000875,40,557
ER_n40_d0.7,pegasus_6_broken5,pathfinder,0,1,1,5.3,7,212,6.582925500000783,40,557
ER_n40_d0.7,pegasus_6_broken5,pathfinder,1,1,1,5.05,7,202,6.773123334000047,40,557
ER_n40_d0.7,pegasus_6_broken5,pathfinder,2,1,1,5.5,7,220,6.250062832999902,40,557
ER_n40_d0.7,pegasus_6_broken5,pathfinder,3,1,1,5.3,8,212,5.001524082999822,40,557
ER_n40_d0.7,pegasus_6_broken5,pathfinder,4,1,1,5.575,8,223,4.7451544999985344,40,557
ER_n40_d0.7,pegasus_6_broken5,pathfinder-thorough,0,1,1,4.85,6,194,20.013189999999668,40,557
ER_n40_d0.7,pegasus_6_broken5,pathfinder-thorough,1,1,1,5.05,7,202,20.04101004199947,40,557
ER_n40_d0.7,pegasus_6_broken5,pathfinder-thorough,2,1,1,5.15,7,206,19.204748209000172,40,557
ER_n40_d0.7,pegasus_6_broken5,pathfinder-thorough,3,1,1,4.975,7,199,20.03640954199909,40,557
ER_n40_d0.7,pegasus_6_broken5,pathfinder-thorough,4,1,1,5.4,7,216,18.64304945799995,40,557
ER_n40_d0.7,zephyr_4,minorminer,0,1,1,4.225,6,169,0.9648108339988539,40,557
ER_n40_d0.7,zephyr_4,minorminer,1,1,1,3.925,5,157,1.1538371659989934,40,557
ER_n40_d0.7,zephyr_4,minorminer,2,1,1,4.05,5,162,1.179792417000499,40,557
ER_n40_d0.7,zephyr_4,minorminer,3,1,1,4.75,7,190,0.4909182920000603,40,557
ER_n40_d0.7,zephyr_4,minorminer,4,1,1,3.95,5,158,1.1393781660008244,40,557
ER_n40_d0.7,zephyr_4,minorminer-layout,0,1,1,4.175,6,167,1.021765540999695,40,557
ER_n40_d0.7,zephyr_4,minorminer-layout,1,1,1,4.325,6,173,0.8299303749990941,40,557
ER_n40_d0.7,zephyr_4,minorminer-layout,2,1,1,4.25,6,170,0.5157509170003323,40,557
ER_n40_d0.7,zephyr_4,minorminer-layout,3,1,1,4.325,6,173,0.8054657079992467,40,557
ER_n40_d0.7,zephyr_4,minorminer-layout,4,1,1,4.35,6,174,0.6807272910009488,40,557
ER_n40_d0.7,zephyr_4,pathfinder,0,1,1,4.025,6,161,5.213991250000618,40,557
ER_n40_d0.7,zephyr_4,pathfinder,1,1,1,3.875,5,155,5.29182129199944,40,557
ER_n40_d0.7,zephyr_4,pathfinder,2,1,1,4.025,5,161,5.482813124999666,40,557
ER_n40_d0.7,zephyr_4,pathfinder,3,1,1,4.6,6,184,6.7394107909985905,40,557
ER_n40_d0.7,zephyr_4,pathfinder,4,1,1,3.925,5,157,5.493194750000839,40,557
ER_n40_d0.7,zephyr_4,pathfinder-thorough,0,1,1,3.75,5,150,20.017240708000827,40,557
ER_n40_d0.7,zephyr_4,pathfinder-thorough,1,1,1,3.875,5,155,19.7392558749998,40,557
ER_n40_d0.7,zephyr_4,pathfinder-thorough,2,1,1,3.875,5,155,19.795090749999872,40,557
ER_n40_d0.7,zephyr_4,pathfinder-thorough,3,1,1,3.95,6,158,20.05118958300045,40,557
ER_n40_d0.7,zephyr_4,pathfinder-thorough,4,1,1,3.8,5,152,20.025718666000103,40,557
REG_n30_k4,pegasus_6,minorminer,0,1,1,1.4333333333333333,2,43,0.0174998329985101,30,60
REG_n30_k4,pegasus_6,minorminer,1,1,1,1.4333333333333333,2,43,0.015346291998866946,30,60
REG_n30_k4,pegasus_6,minorminer,2,1,1,1.3,2,39,0.022234750000279746,30,60
REG_n30_k4,pegasus_6,minorminer,3,1,1,1.4,2,42,0.015481041000384721,30,60
REG_n30_k4,pegasus_6,minorminer,4,1,1,1.3,2,39,0.015206707999823266,30,60
REG_n30_k4,pegasus_6,minorminer-layout,0,1,1,1.2666666666666666,2,38,0.04070020899962401,30,60
REG_n30_k4,pegasus_6,minorminer-layout,1,1,1,1.6,2,48,0.03607587500118825,30,60
REG_n30_k4,pegasus_6,minorminer-layout,2,1,1,1.3666666666666667,2,41,0.054983333000564016,30,60
REG_n30_k4,pegasus_6,minorminer-layout,3,1,1,1.4,2,42,0.031765416999405716,30,60
REG_n30_k4,pegasus_6,minorminer-layout,4,1,1,1.4,2,42,0.030649041998913162,30,60
REG_n30_k4,pegasus_6,pathfinder,0,1,1,1.4333333333333333,2,43,0.10184287499942002,30,60
REG_n30_k4,pegasus_6,pathfinder,1,1,1,1.4333333333333333,2,43,0.11377200000060839,30,60
REG_n30_k4,pegasus_6,pathfinder,2,1,1,1.3,2,39,0.09932179100178473,30,60
REG_n30_k4,pegasus_6,pathfinder,3,1,1,1.4,2,42,0.12117466600102489,30,60
REG_n30_k4,pegasus_6,pathfinder,4,1,1,1.3,2,39,0.08443633299975772,30,60
REG_n30_k4,pegasus_6,pathfinder-thorough,0,1,1,1.3,2,39,0.47755141600100615,30,60
REG_n30_k4,pegasus_6,pathfinder-thorough,1,1,1,1.3666666666666667,2,41,0.4237636249999923,30,60
REG_n30_k4,pegasus_6,pathfinder-thorough,2,1,1,1.3,2,39,0.48064062500088767,30,60
REG_n30_k4,pegasus_6,pathfinder-thorough,3,1,1,1.3,2,39,0.4038346250017639,30,60
REG_n30_k4,pegasus_6,pathfinder-thorough,4,1,1,1.3,2,39,0.3823142500004906,30,60
REG_n30_k6,pegasus_6,minorminer,0,1,1,1.8,3,54,0.051922583999839844,30,90
REG_n30_k6,pegasus_6,minorminer,1,1,1,2.1,3,63,0.05811204099882161,30,90
REG_n30_k6,pegasus_6,minorminer,2,1,1,1.8666666666666667,3,56,0.08366216700051154,30,90
REG_n30_k6,pegasus_6,minorminer,3,1,1,1.8333333333333333,3,55,0.046628124999188,30,90
REG_n30_k6,pegasus_6,minorminer,4,1,1,2.0,3,60,0.07403633299873036,30,90
REG_n30_k6,pegasus_6,minorminer-layout,0,1,1,1.9666666666666666,3,59,0.08403016599913826,30,90
REG_n30_k6,pegasus_6,minorminer-layout,1,1,1,1.9333333333333333,3,58,0.09246970899948792,30,90
REG_n30_k6,pegasus_6,minorminer-layout,2,1,1,1.9333333333333333,3,58,0.09251641700029722,30,90
REG_n30_k6,pegasus_6,minorminer-layout,3,1,1,2.0,3,60,0.09690029099874664,30,90
REG_n30_k6,pegasus_6,minorminer-layout,4,1,1,1.8666666666666667,3,56,0.11836766700071166,30,90
REG_n30_k6,pegasus_6,pathfinder,0,1,1,1.8,3,54,0.35079112499988696,30,90
REG_n30_k6,pegasus_6,pathfinder,1,1,1,2.1,3,63,0.4001762920015608,30,90
REG_n30_k6,pegasus_6,pathfinder,2,1,1,1.8666666666666667,3,56,0.4437540409999201,30,90
REG_n30_k6,pegasus_6,pathfinder,3,1,1,1.8333333333333333,3,55,0.27961458299978403,30,90
REG_n30_k6,pegasus_6,pathfinder,4,1,1,2.0,3,60,0.374299292001524,30,90
REG_n30_k6,pegasus_6,pathfinder-thorough,0,1,1,1.7666666666666666,3,53,1.2181080829996063,30,90
REG_n30_k6,pegasus_6,pathfinder-thorough,1,1,1,1.8666666666666667,3,56,1.2965833749985904,30,90
REG_n30_k6,pegasus_6,pathfinder-thorough,2,1,1,1.8666666666666667,3,56,1.5167361249987152,30,90
REG_n30_k6,pegasus_6,pathfinder-thorough,3,1,1,1.8333333333333333,3,55,1.2589022909996856,30,90
REG_n30_k6,pegasus_6,pathfinder-thorough,4,1,1,1.9666666666666666,3,59,1.4308843340004387,30,90
BA_n30_m3,pegasus_6,minorminer,0,1,1,1.5333333333333334,3,46,0.04383166699881258,30,81
BA_n30_m3,pegasus_6,minorminer,1,1,1,1.7,3,51,0.04475550000097428,30,81
BA_n30_m3,pegasus_6,minorminer,2,1,1,1.6666666666666667,3,50,0.059832666998772766,30,81
BA_n30_m3,pegasus_6,minorminer,3,1,1,1.4333333333333333,3,43,0.05660854199959431,30,81
BA_n30_m3,pegasus_6,minorminer,4,1,1,1.4666666666666666,3,44,0.09303874999932304,30,81
BA_n30_m3,pegasus_6,minorminer-layout,0,1,1,1.4,2,42,0.07665229200028989,30,81
BA_n30_m3,pegasus_6,minorminer-layout,1,1,1,1.5333333333333334,3,46,0.07849812499989639,30,81
BA_n30_m3,pegasus_6,minorminer-layout,2,1,1,1.5,3,45,0.07117383299919311,30,81
BA_n30_m3,pegasus_6,minorminer-layout,3,1,1,1.5333333333333334,3,46,0.08641254100075457,30,81
BA_n30_m3,pegasus_6,minorminer-layout,4,1,1,1.6,3,48,0.0835260419989936,30,81
BA_n30_m3,pegasus_6,pathfinder,0,1,1,1.5333333333333334,3,46,0.23805941699902178,30,81
BA_n30_m3,pegasus_6,pathfinder,1,1,1,1.7,3,51,0.23646950000147626,30,81
BA_n30_m3,pegasus_6,pathfinder,2,1,1,1.6666666666666667,3,50,0.29322037500060105,30,81
BA_n30_m3,pegasus_6,pathfinder,3,1,1,1.4333333333333333,3,43,0.22553312499985623,30,81
BA_n30_m3,pegasus_6,pathfinder,4,1,1,1.4666666666666666,3,44,0.22185437499865657,30,81
BA_n30_m3,pegasus_6,pathfinder-thorough,0,1,1,1.5333333333333334,3,46,1.2690839579991007,30,81
BA_n30_m3,pegasus_6,pathfinder-thorough,1,1,1,1.6,3,48,1.03666825000073,30,81
BA_n30_m3,pegasus_6,pathfinder-thorough,2,1,1,1.4666666666666666,3,44,1.0416120840000076,30,81
BA_n30_m3,pegasus_6,pathfinder-thorough,3,1,1,1.4333333333333333,3,43,0.9516975420010567,30,81
BA_n30_m3,pegasus_6,pathfinder-thorough,4,1,1,1.4666666666666666,3,44,1.0213481669998146,30,81
BA_n30_m5,pegasus_6,minorminer,0,1,1,2.2333333333333334,4,67,0.21105200000056357,30,125
BA_n30_m5,pegasus_6,minorminer,1,1,1,2.1,4,63,0.12534554100056994,30,125
BA_n30_m5,pegasus_6,minorminer,2,1,1,2.1333333333333333,4,64,0.18321316599940474,30,125
BA_n30_m5,pegasus_6,minorminer,3,1,1,2.3333333333333335,4,70,0.11568837499908113,30,125
BA_n30_m5,pegasus_6,minorminer,4,1,1,2.3,4,69,0.20105070899990096,30,125
BA_n30_m5,pegasus_6,minorminer-layout,0,1,1,2.2666666666666666,4,68,0.2177929999998014,30,125
BA_n30_m5,pegasus_6,minorminer-layout,1,1,1,2.033333333333333,4,61,0.310558499999388,30,125
BA_n30_m5,pegasus_6,minorminer-layout,2,1,1,2.3,4,69,0.1818261659991549,30,125
BA_n30_m5,pegasus_6,minorminer-layout,3,1,1,2.4,4,72,0.1166752089993679,30,125
BA_n30_m5,pegasus_6,minorminer-layout,4,1,1,2.2666666666666666,4,68,0.1565807090009912,30,125
BA_n30_m5,pegasus_6,pathfinder,0,1,1,2.2333333333333334,4,67,0.6098042909998185,30,125
BA_n30_m5,pegasus_6,pathfinder,1,1,1,2.066666666666667,4,62,0.9072383750008157,30,125
BA_n30_m5,pegasus_6,pathfinder,2,1,1,2.1333333333333333,4,64,0.631242374998692,30,125
BA_n30_m5,pegasus_6,pathfinder,3,1,1,2.3,4,69,1.0731880000003002,30,125
BA_n30_m5,pegasus_6,pathfinder,4,1,1,2.2666666666666666,4,68,1.1032361249999667,30,125
BA_n30_m5,pegasus_6,pathfinder-thorough,0,1,1,2.0,4,60,3.2205467089988815,30,125
BA_n30_m5,pegasus_6,pathfinder-thorough,1,1,1,2.066666666666667,4,62,4.075655291999283,30,125
BA_n30_m5,pegasus_6,pathfinder-thorough,2,1,1,2.1333333333333333,4,64,2.8901285419997294,30,125
BA_n30_m5,pegasus_6,pathfinder-thorough,3,1,1,2.066666666666667,4,62,2.795421291999446,30,125
BA_n30_m5,pegasus_6,pathfinder-thorough,4,1,1,2.2,4,66,3.467553250000492,30,125
REG_n40_k4,pegasus_6,minorminer,0,1,1,1.75,4,70,0.02170174999992014,40,80
REG_n40_k4,pegasus_6,minorminer,1,1,1,1.425,2,57,0.056849167000109446,40,80
REG_n40_k4,pegasus_6,minorminer,2,1,1,1.475,2,59,0.030487790998449782,40,80
REG_n40_k4,pegasus_6,minorminer,3,1,1,1.425,2,57,0.06097420800142572,40,80
REG_n40_k4,pegasus_6,minorminer,4,1,1,1.5,3,60,0.03168795800047519,40,80
REG_n40_k4,pegasus_6,minorminer-layout,0,1,1,1.45,2,58,0.05157979199975671,40,80
REG_n40_k4,pegasus_6,minorminer-layout,1,1,1,1.425,2,57,0.0647954159994697,40,80
REG_n40_k4,pegasus_6,minorminer-layout,2,1,1,1.6,3,64,0.05419616600011068,40,80
REG_n40_k4,pegasus_6,minorminer-layout,3,1,1,1.45,2,58,0.06923458299934282,40,80
REG_n40_k4,pegasus_6,minorminer-layout,4,1,1,1.475,2,59,0.06773441699988325,40,80
REG_n40_k4,pegasus_6,pathfinder,0,1,1,1.725,4,69,0.3243578340006934,40,80
REG_n40_k4,pegasus_6,pathfinder,1,1,1,1.425,2,57,0.16246583399879455,40,80
REG_n40_k4,pegasus_6,pathfinder,2,1,1,1.475,2,59,0.15068404100020416,40,80
REG_n40_k4,pegasus_6,pathfinder,3,1,1,1.425,2,57,0.1705843330000789,40,80
REG_n40_k4,pegasus_6,pathfinder,4,1,1,1.5,3,60,0.1414840829984314,40,80
REG_n40_k4,pegasus_6,pathfinder-thorough,0,1,1,1.3,2,52,0.7498360419995151,40,80
REG_n40_k4,pegasus_6,pathfinder-thorough,1,1,1,1.425,2,57,0.6344275840001501,40,80
REG_n40_k4,pegasus_6,pathfinder-thorough,2,1,1,1.325,2,53,0.6737417919994186,40,80
REG_n40_k4,pegasus_6,pathfinder-thorough,3,1,1,1.35,2,54,0.7810062919998018,40,80
REG_n40_k4,pegasus_6,pathfinder-thorough,4,1,1,1.375,3,55,0.5737495829998807,40,80
REG_n40_k6,pegasus_6,minorminer,0,1,1,1.925,3,77,0.10763437500099826,40,120
REG_n40_k6,pegasus_6,minorminer,1,1,1,2.3,4,92,0.08015837499988265,40,120
REG_n40_k6,pegasus_6,minorminer,2,1,1,2.025,3,81,0.14320566700007475,40,120
REG_n40_k6,pegasus_6,minorminer,3,1,1,2.1,3,84,0.09178466699995624,40,120
REG_n40_k6,pegasus_6,minorminer,4,1,1,2.175,4,87,0.06099154100047599,40,120
REG_n40_k6,pegasus_6,minorminer-layout,0,1,1,2.575,4,103,0.10061649999988731,40,120
REG_n40_k6,pegasus_6,minorminer-layout,1,1,1,2.075,3,83,0.22346558299977914,40,120
REG_n40_k6,pegasus_6,minorminer-layout,2,1,1,2.1,3,84,0.12957724999978382,40,120
REG_n40_k6,pegasus_6,minorminer-layout,3,1,1,1.925,3,77,0.179319167000358,40,120
REG_n40_k6,pegasus_6,minorminer-layout,4,1,1,2.0,3,80,0.15525012500074808,40,120
REG_n40_k6,pegasus_6,pathfinder,0,1,1,1.925,3,77,0.44099062499844877,40,120
REG_n40_k6,pegasus_6,pathfinder,1,1,1,2.275,4,91,0.8030771249996178,40,120
REG_n40_k6,pegasus_6,pathfinder,2,1,1,2.0,3,80,0.9022008749998349,40,120
REG_n40_k6,pegasus_6,pathfinder,3,1,1,2.1,3,84,0.4741521249998186,40,120
REG_n40_k6,pegasus_6,pathfinder,4,1,1,2.15,4,86,0.7228326250005921,40,120
REG_n40_k6,pegasus_6,pathfinder-thorough,0,1,1,1.925,3,77,2.338730834000671,40,120
REG_n40_k6,pegasus_6,pathfinder-thorough,1,1,1,1.9,3,76,2.3021630000002915,40,120
REG_n40_k6,pegasus_6,pathfinder-thorough,2,1,1,2.0,3,80,2.668581957999777,40,120
REG_n40_k6,pegasus_6,pathfinder-thorough,3,1,1,1.95,3,78,2.2944968749998225,40,120
REG_n40_k6,pegasus_6,pathfinder-thorough,4,1,1,1.95,3,78,2.488593874999424,40,120
BA_n40_m3,pegasus_6,minorminer,0,1,1,1.875,4,75,0.07865087500067602,40,111
BA_n40_m3,pegasus_6,minorminer,1,1,1,1.85,3,74,0.08216087500113645,40,111
BA_n40_m3,pegasus_6,minorminer,2,1,1,1.7,3,68,0.23197808300028555,40,111
BA_n40_m3,pegasus_6,minorminer,3,1,1,1.775,3,71,0.11289508399931947,40,111
BA_n40_m3,pegasus_6,minorminer,4,1,1,1.825,4,73,0.07927304100121546,40,111
BA_n40_m3,pegasus_6,minorminer-layout,0,1,1,1.75,4,70,0.10263691600084712,40,111
BA_n40_m3,pegasus_6,minorminer-layout,1,1,1,1.625,3,65,0.24385633299971232,40,111
BA_n40_m3,pegasus_6,minorminer-layout,2,1,1,1.725,3,69,0.1473172500009241,40,111
BA_n40_m3,pegasus_6,minorminer-layout,3,1,1,1.875,3,75,0.10927000000083353,40,111
BA_n40_m3,pegasus_6,minorminer-layout,4,1,1,1.675,3,67,0.1464071669997793,40,111
BA_n40_m3,pegasus_6,pathfinder,0,1,1,1.85,4,74,0.6526112500014278,40,111
BA_n40_m3,pegasus_6,pathfinder,1,1,1,1.85,3,74,0.35138924999955634,40,111
BA_n40_m3,pegasus_6,pathfinder,2,1,1,1.7,3,68,0.4450797919998877,40,111
BA_n40_m3,pegasus_6,pathfinder,3,1,1,1.775,3,71,0.3800087090003217,40,111
BA_n40_m3,pegasus_6,pathfinder,4,1,1,1.8,4,72,0.6526494579993596,40,111
BA_n40_m3,pegasus_6,pathfinder-thorough,0,1,1,1.825,4,73,2.5629658329999074,40,111
BA_n40_m3,pegasus_6,pathfinder-thorough,1,1,1,1.7,4,68,1.6362787500002014,40,111
BA_n40_m3,pegasus_6,pathfinder-thorough,2,1,1,1.7,3,68,2.08930245800002,40,111
BA_n40_m3,pegasus_6,pathfinder-thorough,3,1,1,1.55,3,62,1.8960200830006215,40,111
BA_n40_m3,pegasus_6,pathfinder-thorough,4,1,1,1.75,3,70,2.016402166000262,40,111
BA_n40_m5,pegasus_6,minorminer,0,1,1,2.675,5,107,0.2649983750015963,40,175
BA_n40_m5,pegasus_6,minorminer,1,1,1,2.5,5,100,0.3915507500005333,40,175
BA_n40_m5,pegasus_6,minorminer,2,1,1,2.45,4,98,0.34463566599879414,40,175
BA_n40_m5,pegasus_6,minorminer,3,1,1,2.675,5,107,0.15481837500010442,40,175
BA_n40_m5,pegasus_6,minorminer,4,1,1,2.475,5,99,0.5099563330004457,40,175
BA_n40_m5,pegasus_6,minorminer-layout,0,1,1,2.85,6,114,0.1959456250006042,40,175
BA_n40_m5,pegasus_6,minorminer-layout,1,1,1,2.575,4,103,0.40113054199900944,40,175
BA_n40_m5,pegasus_6,minorminer-layout,2,1,1,2.55,4,102,0.4572414159993059,40,175
BA_n40_m5,pegasus_6,minorminer-layout,3,1,1,2.7,5,108,0.30779599999914353,40,175
BA_n40_m5,pegasus_6,minorminer-layout,4,1,1,2.475,5,99,0.2810401249989809,40,175
BA_n40_m5,pegasus_6,pathfinder,0,1,1,2.625,5,105,1.9110821670001314,40,175
BA_n40_m5,pegasus_6,pathfinder,1,1,1,2.45,5,98,1.4654527500006225,40,175
BA_n40_m5,pegasus_6,pathfinder,2,1,1,2.425,4,97,1.416100207999989,40,175
BA_n40_m5,pegasus_6,pathfinder,3,1,1,2.575,5,103,1.2724595830004546,40,175
BA_n40_m5,pegasus_6,pathfinder,4,1,1,2.45,5,98,1.5460439580001548,40,175
BA_n40_m5,pegasus_6,pathfinder-thorough,0,1,1,2.45,5,98,5.244036833000791,40,175
BA_n40_m5,pegasus_6,pathfinder-thorough,1,1,1,2.45,5,98,5.594269499999427,40,175
BA_n40_m5,pegasus_6,pathfinder-thorough,2,1,1,2.425,4,97,4.591770125000039,40,175
BA_n40_m5,pegasus_6,pathfinder-thorough,3,1,1,2.5,5,100,4.919670999999653,40,175
BA_n40_m5,pegasus_6,pathfinder-thorough,4,1,1,2.4,5,96,5.250414165999246,40,175
