cell,target,algorithm,seed,success,valid,acl,maxchain,qubits,time,status
ER_n20_d0.3_P6,pegasus_6,minorminer,0,1,1,1.65,3,33,0.03422754200073541,SUCCESS
ER_n20_d0.3_P6,pegasus_6,minorminer,1,1,1,1.9,3,38,0.042314583999541355,SUCCESS
ER_n20_d0.3_P6,pegasus_6,minorminer,2,1,1,1.85,3,37,0.032461291000799974,SUCCESS
ER_n20_d0.3_P6,pegasus_6,lns-cpsat,0,1,1,1.65,3,33,1.5795597079995787,SUCCESS
ER_n20_d0.3_P6,pegasus_6,lns-cpsat,1,1,1,1.9,3,38,1.3627732499990088,SUCCESS
ER_n20_d0.3_P6,pegasus_6,lns-cpsat,2,1,1,1.85,3,37,2.3573509580019163,SUCCESS
ER_n20_d0.5_P6,pegasus_6,minorminer,0,1,1,2.25,3,45,0.08582374999969034,SUCCESS
ER_n20_d0.5_P6,pegasus_6,minorminer,1,1,1,2.5,4,50,0.04709441699742456,SUCCESS
ER_n20_d0.5_P6,pegasus_6,minorminer,2,1,1,2.2,3,44,0.12514966699745855,SUCCESS
ER_n20_d0.5_P6,pegasus_6,lns-cpsat,0,1,1,2.25,3,45,3.01267120799821,SUCCESS
ER_n20_d0.5_P6,pegasus_6,lns-cpsat,1,1,1,2.35,3,47,4.1101852920000965,SUCCESS
ER_n20_d0.5_P6,pegasus_6,lns-cpsat,2,1,1,2.2,3,44,3.5800979170016944,SUCCESS
ER_n20_d0.7_P6,pegasus_6,minorminer,0,1,1,2.5,3,50,0.235613208002178,SUCCESS
ER_n20_d0.7_P6,pegasus_6,minorminer,1,1,1,2.65,3,53,0.0799990829982562,SUCCESS
ER_n20_d0.7_P6,pegasus_6,minorminer,2,1,1,2.6,3,52,0.10526033300266135,SUCCESS
ER_n20_d0.7_P6,pegasus_6,lns-cpsat,0,1,1,2.5,3,50,1.972810125000251,SUCCESS
ER_n20_d0.7_P6,pegasus_6,lns-cpsat,1,1,1,2.65,3,53,2.8623721669973747,SUCCESS
ER_n20_d0.7_P6,pegasus_6,lns-cpsat,2,1,1,2.55,3,51,2.483090790999995,SUCCESS
ER_n30_d0.3_P6,pegasus_6,minorminer,0,1,1,2.7666666666666666,4,83,0.23273741700177197,SUCCESS
ER_n30_d0.3_P6,pegasus_6,minorminer,1,1,1,2.8333333333333335,4,85,0.15723787499882746,SUCCESS
ER_n30_d0.3_P6,pegasus_6,minorminer,2,1,1,2.533333333333333,3,76,0.1839564169968071,SUCCESS
ER_n30_d0.3_P6,pegasus_6,lns-cpsat,0,1,1,2.7333333333333334,4,82,9.354131500000221,SUCCESS
ER_n30_d0.3_P6,pegasus_6,lns-cpsat,1,1,1,2.8,4,84,4.211714875000325,SUCCESS
ER_n30_d0.3_P6,pegasus_6,lns-cpsat,2,1,1,2.533333333333333,3,76,3.1984846250015835,SUCCESS
ER_n30_d0.5_P6,pegasus_6,minorminer,0,1,1,3.5,5,105,0.40317720800157986,SUCCESS
ER_n30_d0.5_P6,pegasus_6,minorminer,1,1,1,3.3333333333333335,4,100,0.3593154170011985,SUCCESS
ER_n30_d0.5_P6,pegasus_6,minorminer,2,1,1,3.2333333333333334,5,97,0.9029611250007292,SUCCESS
ER_n30_d0.5_P6,pegasus_6,lns-cpsat,0,1,1,3.4,5,102,6.278399583999999,SUCCESS
ER_n30_d0.5_P6,pegasus_6,lns-cpsat,1,1,1,3.3,4,99,6.6440412500014645,SUCCESS
ER_n30_d0.5_P6,pegasus_6,lns-cpsat,2,1,1,3.1333333333333333,5,94,5.560094833999756,SUCCESS
ER_n30_d0.7_P6,pegasus_6,minorminer,0,1,1,3.6333333333333333,5,109,1.4266680000000633,SUCCESS
ER_n30_d0.7_P6,pegasus_6,minorminer,1,1,1,4.233333333333333,6,127,0.591357417000836,SUCCESS
ER_n30_d0.7_P6,pegasus_6,minorminer,2,1,1,3.8666666666666667,5,116,0.47631691599963233,SUCCESS
ER_n30_d0.7_P6,pegasus_6,lns-cpsat,0,1,1,3.6,5,108,4.007377375000942,SUCCESS
ER_n30_d0.7_P6,pegasus_6,lns-cpsat,1,1,1,4.133333333333334,6,124,12.269517042001098,SUCCESS
ER_n30_d0.7_P6,pegasus_6,lns-cpsat,2,1,1,3.7666666666666666,5,113,6.866966291996505,SUCCESS
ER_n30_d0.5_P6-broken,pegasus_6_broken5,minorminer,0,1,1,3.433333333333333,5,103,0.5024646669990034,SUCCESS
ER_n30_d0.5_P6-broken,pegasus_6_broken5,minorminer,1,1,1,3.6,5,108,0.20400770800188184,SUCCESS
ER_n30_d0.5_P6-broken,pegasus_6_broken5,minorminer,2,1,1,3.4,5,102,0.3008702919978532,SUCCESS
ER_n30_d0.5_P6-broken,pegasus_6_broken5,lns-cpsat,0,1,1,3.3,5,99,6.97027375000107,SUCCESS
ER_n30_d0.5_P6-broken,pegasus_6_broken5,lns-cpsat,1,1,1,3.533333333333333,5,106,4.42219520800063,SUCCESS
ER_n30_d0.5_P6-broken,pegasus_6_broken5,lns-cpsat,2,1,1,3.3,5,99,5.196607707999647,SUCCESS
ER_n30_d0.5_Z4,zephyr_4,minorminer,0,1,1,2.6666666666666665,4,80,0.42480799999975716,SUCCESS
ER_n30_d0.5_Z4,zephyr_4,minorminer,1,1,1,2.8666666666666667,4,86,0.2470108750021609,SUCCESS
ER_n30_d0.5_Z4,zephyr_4,minorminer,2,1,1,2.7,4,81,0.19711658300002455,SUCCESS
ER_n30_d0.5_Z4,zephyr_4,lns-cpsat,0,1,1,2.6333333333333333,4,79,6.658645916999376,SUCCESS
ER_n30_d0.5_Z4,zephyr_4,lns-cpsat,1,1,1,2.8,4,84,6.222883249996812,SUCCESS
ER_n30_d0.5_Z4,zephyr_4,lns-cpsat,2,1,1,2.6333333333333333,4,79,6.474931749999087,SUCCESS
