cell,fabric,gid,arm,seed,final_acl,max_chain,init_wall,arrange_wall,cl_acc,cl_rev,orient_acc,align_p,align_n,rev_ov,rev_e,max_edge_span,mm_skipped,ball_acc,deficit,cmiss,cert,time
K100,Z12,,default,0,7.52,8,0.0,2.5,6,73,0,79,77,0,73,23.0,True,0,0,0,True,29.1
K100,Z12,,default,1,7.52,8,0.0,2.5,6,73,0,79,77,0,73,23.0,True,0,0,0,True,27.1
K100,Z12,,default,2,7.52,8,0.0,2.48,6,73,0,79,77,0,73,23.0,True,0,0,0,True,24.3
K100,Z12,,ins,0,7.52,8,0.0,2.28,6,73,0,79,77,0,73,23.0,True,0,0,0,True,29.1
K100,Z12,,ins,1,7.52,8,0.0,2.27,6,73,0,79,77,0,73,23.0,True,0,0,0,True,26.6
K100,Z12,,ins,2,7.52,8,0.0,2.27,6,73,0,79,77,0,73,23.0,True,0,0,0,True,24.4
K100,Z12,,insreq,0,7.52,8,0.0,2.68,6,73,0,79,77,0,73,23.0,True,0,0,0,True,29.2
K100,Z12,,insreq,1,7.52,8,0.0,2.67,6,73,0,79,77,0,73,23.0,True,0,0,0,True,27.1
K100,Z12,,insreq,2,7.52,8,0.0,2.65,6,73,0,79,77,0,73,23.0,True,0,0,0,True,24.5
K100,Z12,,inscap,0,7.52,8,0.0,2.67,6,73,0,79,77,0,73,23.0,True,0,0,0,True,30.0
K100,Z12,,inscap,1,7.52,8,0.0,2.67,6,73,0,79,77,0,73,23.0,True,0,0,0,True,27.0
K100,Z12,,inscap,2,7.52,8,0.0,2.65,6,73,0,79,77,0,73,23.0,True,0,0,0,True,25.5
K100,Z12,,reqL4,0,7.52,8,0.0,2.65,6,73,0,79,77,0,73,23.0,True,0,0,0,True,30.1
K100,Z12,,reqL4,1,7.52,8,0.0,2.68,6,73,0,79,77,0,73,23.0,True,0,0,0,True,27.3
K100,Z12,,reqL4,2,7.52,8,0.0,2.67,6,73,0,79,77,0,73,23.0,True,0,0,0,True,25.6
K140,Z12,,default,0,9.85,11,0.0,8.37,11,140,0,151,75,0,140,32.0,True,0,0,0,True,62.1
K140,Z12,,default,1,9.85,11,0.0,8.56,11,140,0,151,75,0,140,32.0,True,0,0,0,True,64.2
K140,Z12,,default,2,9.85,11,0.0,8.55,11,140,0,151,75,0,140,32.0,True,0,0,0,True,62.4
K140,Z12,,ins,0,9.85,11,0.0,8.29,11,140,0,151,75,0,140,32.0,True,0,0,0,True,60.9
K140,Z12,,ins,1,9.85,11,0.0,8.2,11,140,0,151,75,0,140,32.0,True,0,0,0,True,64.6
K140,Z12,,ins,2,9.85,11,0.0,8.19,11,140,0,151,75,0,140,32.0,True,0,0,0,True,62.1
K140,Z12,,insreq,0,9.85,11,0.0,9.6,11,140,0,151,75,0,140,32.0,True,0,0,0,True,60.3
K140,Z12,,insreq,1,9.85,11,0.0,9.68,11,140,0,151,75,0,140,32.0,True,0,0,0,True,63.5
K140,Z12,,insreq,2,9.85,11,0.0,9.58,11,140,0,151,75,0,140,32.0,True,0,0,0,True,60.3
K140,Z12,,inscap,0,9.85,11,0.0,9.66,11,140,0,151,75,0,140,32.0,True,0,0,0,True,60.8
K140,Z12,,inscap,1,9.85,11,0.0,9.84,11,140,0,151,75,0,140,32.0,True,0,0,0,True,64.2
K140,Z12,,inscap,2,9.85,11,0.0,9.68,11,140,0,151,75,0,140,32.0,True,0,0,0,True,61.9
K140,Z12,,reqL4,0,9.85,11,0.0,9.39,11,140,0,151,75,0,140,32.0,True,0,0,0,True,58.6
K140,Z12,,reqL4,1,9.85,11,0.0,9.55,11,140,0,151,75,0,140,32.0,True,0,0,0,True,60.9
K140,Z12,,reqL4,2,9.85,11,0.0,9.69,11,140,0,151,75,0,140,32.0,True,0,0,0,True,62.4
ER100_d10,Z12,,default,0,5.42,8,0.05,3.65,17,347,1,364,12,253,95,18.0,True,0,0,1,False,60.0
ER100_d10,Z12,,default,1,4.6,8,0.05,3.65,17,347,1,364,12,253,95,18.0,True,0,0,1,False,60.0
ER100_d10,Z12,,default,2,4.57,8,0.05,3.65,17,347,1,364,12,253,95,18.0,True,0,0,1,False,60.0
ER100_d10,Z12,,ins,0,5.42,8,0.05,3.54,17,347,1,364,12,253,95,18.0,True,0,0,1,False,60.0
ER100_d10,Z12,,ins,1,4.6,8,0.05,3.52,17,347,1,364,12,253,95,18.0,True,0,0,1,False,60.0
ER100_d10,Z12,,ins,2,4.57,8,0.05,3.57,17,347,1,364,12,253,95,18.0,True,0,0,1,False,60.0
ER100_d10,Z12,,insreq,0,5.42,8,0.05,4.12,17,347,1,364,12,253,95,18.0,True,0,0,1,False,60.0
ER100_d10,Z12,,insreq,1,4.6,8,0.05,4.07,17,347,1,364,12,253,95,18.0,True,0,0,1,False,60.0
ER100_d10,Z12,,insreq,2,4.57,8,0.05,4.09,17,347,1,364,12,253,95,18.0,True,0,0,1,False,60.0
ER100_d10,Z12,,inscap,0,5.44,8,0.05,4.33,16,355,0,371,9,251,105,18.0,True,0,0,3,False,60.0
ER100_d10,Z12,,inscap,1,5.44,8,0.05,4.29,16,355,0,371,9,251,105,18.0,True,0,0,3,False,60.0
ER100_d10,Z12,,inscap,2,5.44,8,0.05,4.37,16,355,0,371,9,251,105,18.0,True,0,0,3,False,60.0
ER100_d10,Z12,,reqL4,0,5.46,8,0.05,4.42,22,358,1,380,6,191,168,19.0,True,0,0,0,True,60.0
ER100_d10,Z12,,reqL4,1,5.46,8,0.05,4.43,22,358,1,380,6,191,168,19.0,True,0,0,0,True,60.0
ER100_d10,Z12,,reqL4,2,4.88,8,0.05,4.46,22,358,1,380,6,191,168,19.0,True,0,0,0,True,60.0
turan_n162,Z12,2647,default,0,6.0,6,0.0,29.87,16,142,2,158,130,88,54,22.0,True,0,0,64,False,60.2
turan_n162,Z12,2647,default,1,6.0,6,0.0,16.45,8,136,0,144,508,93,43,22.0,True,0,0,32,False,60.4
turan_n162,Z12,2647,default,2,6.0,6,0.0,30.01,16,143,2,159,131,89,54,22.0,True,0,0,64,False,60.1
turan_n162,Z12,2647,default,3,6.0,6,0.0,29.96,16,145,2,161,133,91,54,22.0,True,0,0,64,False,60.3
turan_n162,Z12,2647,default,4,6.0,6,0.0,29.84,16,143,2,159,131,89,54,22.0,True,0,0,64,False,60.2
turan_n162,Z12,2647,default,5,6.0,6,0.0,15.99,8,136,0,144,508,93,43,22.0,True,0,0,32,False,60.2
turan_n162,Z12,2647,default,6,6.0,6,0.0,29.91,16,144,2,160,132,90,54,22.0,True,0,0,64,False,60.2
turan_n162,Z12,2647,default,7,6.0,6,0.0,16.12,8,136,0,144,508,93,43,22.0,True,0,0,32,False,60.4
turan_n162,Z12,2647,default,8,6.0,6,0.0,15.9,8,136,0,144,508,93,43,22.0,True,0,0,32,False,60.3
turan_n162,Z12,2647,default,9,6.0,6,0.0,29.91,16,144,2,160,132,90,54,22.0,True,0,0,64,False,60.3
turan_n162,Z12,2647,ins,0,6.0,6,0.0,29.9,16,143,2,159,131,89,54,22.0,True,0,0,64,False,60.3
turan_n162,Z12,2647,ins,1,6.0,6,0.0,15.61,8,136,0,144,508,93,43,22.0,True,0,0,32,False,60.3
turan_n162,Z12,2647,ins,2,6.0,6,0.0,29.87,16,142,2,158,130,88,54,22.0,True,0,0,64,False,60.1
turan_n162,Z12,2647,ins,3,6.0,6,0.0,29.94,16,143,2,159,131,89,54,22.0,True,0,0,64,False,60.1
turan_n162,Z12,2647,ins,4,6.0,6,0.0,29.79,16,143,2,159,131,89,54,22.0,True,0,0,64,False,60.2
turan_n162,Z12,2647,ins,5,6.0,6,0.0,15.69,8,136,0,144,508,93,43,22.0,True,0,0,32,False,60.3
turan_n162,Z12,2647,ins,6,6.0,6,0.0,30.0,16,144,2,160,132,90,54,22.0,True,0,0,64,False,60.4
turan_n162,Z12,2647,ins,7,6.0,6,0.0,15.68,8,136,0,144,508,93,43,22.0,True,0,0,32,False,60.0
turan_n162,Z12,2647,ins,8,6.0,6,0.0,15.57,8,136,0,144,508,93,43,22.0,True,0,0,32,False,60.2
turan_n162,Z12,2647,ins,9,6.0,6,0.0,29.96,16,144,2,160,132,90,54,22.0,True,0,0,64,False,60.1
turan_n162,Z12,2647,insreq,0,6.0,6,0.0,29.97,16,136,2,152,123,86,50,22.0,True,0,0,64,False,60.3
turan_n162,Z12,2647,insreq,1,6.0,6,0.0,16.46,8,136,0,144,508,93,43,22.0,True,0,0,32,False,60.4
turan_n162,Z12,2647,insreq,2,6.0,6,0.0,29.9,16,137,2,153,123,86,51,22.0,True,0,0,64,False,60.2
turan_n162,Z12,2647,insreq,3,6.0,6,0.0,29.92,16,137,2,153,123,86,51,22.0,True,0,0,64,False,60.2
turan_n162,Z12,2647,insreq,4,6.0,6,0.0,29.99,16,136,2,152,123,86,50,22.0,True,0,0,64,False,60.4
turan_n162,Z12,2647,insreq,5,6.0,6,0.0,16.84,8,136,0,144,508,93,43,22.0,True,0,0,32,False,60.2
turan_n162,Z12,2647,insreq,6,6.0,6,0.0,30.04,16,138,2,154,123,87,51,22.0,True,0,0,64,False,60.0
turan_n162,Z12,2647,insreq,7,6.0,6,0.0,16.47,8,136,0,144,508,93,43,22.0,True,0,0,32,False,60.2
turan_n162,Z12,2647,insreq,8,6.0,6,0.0,16.52,8,136,0,144,508,93,43,22.0,True,0,0,32,False,60.2
turan_n162,Z12,2647,insreq,9,6.0,6,0.0,29.87,16,137,2,153,123,86,51,22.0,True,0,0,64,False,60.2
turan_n162,Z12,2647,inscap,0,6.0,6,0.0,29.89,16,137,2,153,123,86,51,22.0,True,0,0,64,False,60.3
turan_n162,Z12,2647,inscap,1,6.0,6,0.0,16.61,8,136,0,144,508,93,43,22.0,True,0,0,32,False,60.3
turan_n162,Z12,2647,inscap,2,6.0,6,0.0,30.04,16,137,2,153,123,86,51,22.0,True,0,0,64,False,60.2
turan_n162,Z12,2647,inscap,3,6.0,6,0.0,30.03,16,138,2,154,123,87,51,22.0,True,0,0,64,False,60.1
turan_n162,Z12,2647,inscap,4,6.0,6,0.0,29.87,16,137,2,153,123,86,51,22.0,True,0,0,64,False,60.3
turan_n162,Z12,2647,inscap,5,6.0,6,0.0,17.03,8,136,0,144,508,93,43,22.0,True,0,0,32,False,60.2
turan_n162,Z12,2647,inscap,6,6.0,6,0.0,30.01,16,137,2,153,123,86,51,22.0,True,0,0,64,False,60.3
turan_n162,Z12,2647,inscap,7,6.0,6,0.0,16.61,8,136,0,144,508,93,43,22.0,True,0,0,32,False,60.4
turan_n162,Z12,2647,inscap,8,6.0,6,0.0,16.84,8,136,0,144,508,93,43,22.0,True,0,0,32,False,60.1
turan_n162,Z12,2647,inscap,9,6.0,6,0.0,29.95,16,136,2,152,123,86,50,22.0,True,0,0,64,False,60.4
turan_n162,Z12,2647,reqL4,0,6.0,6,0.0,29.91,17,198,1,215,186,80,118,22.0,True,0,0,59,False,60.1
turan_n162,Z12,2647,reqL4,1,6.228,7,0.0,15.04,4,120,0,124,362,70,50,23.0,True,0,0,32,False,60.5
turan_n162,Z12,2647,reqL4,2,6.0,6,0.0,30.01,17,196,1,213,185,79,117,22.0,True,0,0,59,False,60.1
turan_n162,Z12,2647,reqL4,3,6.0,6,0.0,29.91,17,194,1,211,183,79,115,22.0,True,0,0,59,False,60.0
turan_n162,Z12,2647,reqL4,4,6.0,6,0.0,29.85,17,190,1,207,178,79,111,22.0,True,0,0,59,False,60.1
turan_n162,Z12,2647,reqL4,5,6.228,7,0.0,15.08,4,120,0,124,362,70,50,23.0,True,0,0,32,False,60.1
turan_n162,Z12,2647,reqL4,6,6.0,6,0.0,29.88,17,194,1,211,183,79,115,22.0,True,0,0,59,False,60.1
turan_n162,Z12,2647,reqL4,7,6.228,7,0.0,15.37,4,120,0,124,362,70,50,23.0,True,0,0,32,False,60.2
turan_n162,Z12,2647,reqL4,8,6.228,7,0.0,15.42,4,120,0,124,362,70,50,23.0,True,0,0,32,False,60.3
turan_n162,Z12,2647,reqL4,9,6.0,6,0.0,29.91,17,194,1,211,183,79,115,22.0,True,0,0,59,False,60.1
spin_glass_n163,Z12,37309,default,0,10.896,13,0.64,17.05,12,405,0,417,73,1,404,38.0,True,0,0,0,True,51.3
spin_glass_n163,Z12,37309,default,1,10.896,13,0.66,17.06,12,405,0,417,73,1,404,38.0,True,0,0,0,True,49.1
spin_glass_n163,Z12,37309,default,2,10.896,13,0.66,18.61,12,405,0,417,73,1,404,38.0,True,0,0,0,True,52.6
spin_glass_n163,Z12,37309,ins,0,11.031,12,0.63,12.77,12,405,0,417,73,1,404,38.0,True,0,0,0,True,38.5
spin_glass_n163,Z12,37309,ins,1,11.031,12,0.68,12.69,12,405,0,417,73,1,404,38.0,True,0,0,0,True,38.4
spin_glass_n163,Z12,37309,ins,2,11.031,12,0.8,12.81,12,405,0,417,73,1,404,38.0,True,0,0,0,True,38.5
spin_glass_n163,Z12,37309,insreq,0,11.031,12,1.05,15.16,12,405,0,417,73,1,404,38.0,True,0,0,0,True,41.4
spin_glass_n163,Z12,37309,insreq,1,11.031,12,0.96,14.82,12,405,0,417,73,1,404,38.0,True,0,0,0,True,40.6
spin_glass_n163,Z12,37309,insreq,2,11.031,12,0.78,14.79,12,405,0,417,73,1,404,38.0,True,0,0,0,True,40.7
spin_glass_n163,Z12,37309,inscap,0,11.031,12,0.65,14.67,12,405,0,417,73,1,404,38.0,True,0,0,0,True,40.7
spin_glass_n163,Z12,37309,inscap,1,11.031,12,0.72,14.74,12,405,0,417,73,1,404,38.0,True,0,0,0,True,40.4
spin_glass_n163,Z12,37309,inscap,2,11.031,12,0.68,14.59,12,405,0,417,73,1,404,38.0,True,0,0,0,True,40.4
spin_glass_n163,Z12,37309,reqL4,0,11.031,12,0.75,14.65,12,405,0,417,73,0,405,38.0,True,0,0,0,True,40.7
spin_glass_n163,Z12,37309,reqL4,1,11.031,12,0.7,14.81,12,405,0,417,73,0,405,38.0,True,0,0,0,True,40.6
spin_glass_n163,Z12,37309,reqL4,2,11.031,12,0.67,14.38,12,405,0,417,73,0,405,38.0,True,0,0,0,True,40.4
regular_n316,Z12,13096,default,0,2.845,7,0.05,24.69,7,732,0,739,6,726,7,16.0,False,1,13,16,False,60.0
regular_n316,Z12,13096,default,1,2.769,6,0.08,25.93,7,732,0,739,6,726,7,16.0,False,0,13,16,False,60.0
regular_n316,Z12,13096,default,2,2.93,7,0.18,25.42,7,732,0,739,6,726,7,16.0,False,0,13,16,False,60.0
regular_n316,Z12,13096,ins,0,2.845,7,0.08,24.33,7,732,0,739,6,726,7,16.0,False,1,13,16,False,60.0
regular_n316,Z12,13096,ins,1,2.769,6,0.09,24.57,7,732,0,739,6,726,7,16.0,False,0,13,16,False,60.0
regular_n316,Z12,13096,ins,2,2.93,7,0.17,24.14,7,732,0,739,6,726,7,16.0,False,0,13,16,False,60.0
regular_n316,Z12,13096,insreq,0,2.845,7,0.07,27.2,7,732,0,739,6,726,7,16.0,False,1,13,16,False,60.0
regular_n316,Z12,13096,insreq,1,2.769,6,0.16,26.81,7,732,0,739,6,726,7,16.0,False,0,13,16,False,60.0
regular_n316,Z12,13096,insreq,2,2.93,7,0.08,26.95,7,732,0,739,6,726,7,16.0,False,0,13,16,False,60.0
regular_n316,Z12,13096,inscap,0,2.832,9,0.1,29.86,34,789,1,823,6,682,107,19.0,False,1,9,12,False,60.0
regular_n316,Z12,13096,inscap,1,2.741,7,0.07,29.89,34,792,1,826,6,684,108,19.0,False,0,9,12,False,60.0
regular_n316,Z12,13096,inscap,2,2.756,6,0.1,29.87,34,796,1,830,6,687,109,19.0,False,1,9,12,False,60.0
regular_n316,Z12,13096,reqL4,0,2.94,7,0.1,28.7,24,755,3,779,6,569,187,16.0,False,1,23,25,False,60.0
regular_n316,Z12,13096,reqL4,1,2.731,6,0.12,28.31,24,755,3,779,6,569,187,16.0,False,0,23,25,False,60.0
regular_n316,Z12,13096,reqL4,2,3.028,7,0.05,28.45,24,755,3,779,6,569,187,16.0,False,0,23,25,False,60.0
ws_n486,Z12,17188,default,0,2.955,11,0.21,29.75,38,539,6,577,3,469,70,28.0,False,2,15,23,False,60.0
ws_n486,Z12,17188,default,1,2.543,8,0.11,29.87,40,544,7,584,3,472,72,28.0,False,0,15,22,False,60.0
ws_n486,Z12,17188,default,2,2.685,9,0.1,29.78,39,544,6,583,3,472,72,28.0,False,0,15,23,False,60.0
ws_n486,Z12,17188,default,3,2.646,8,0.16,29.81,40,549,7,589,3,475,74,28.0,False,1,15,22,False,60.0
ws_n486,Z12,17188,default,4,2.453,7,0.09,29.87,40,544,7,584,3,472,72,28.0,False,1,15,22,False,60.0
ws_n486,Z12,17188,default,5,2.574,8,0.08,29.86,38,538,6,576,3,469,69,28.0,False,1,15,23,False,60.0
ws_n486,Z12,17188,default,6,2.798,9,0.09,29.9,40,553,7,593,3,477,76,28.0,False,2,15,22,False,60.0
ws_n486,Z12,17188,default,7,2.502,8,0.09,29.79,38,537,6,575,3,468,69,28.0,False,2,15,23,False,60.0
ws_n486,Z12,17188,default,8,2.527,8,0.09,29.87,40,545,7,585,3,472,73,28.0,False,2,15,22,False,60.0
ws_n486,Z12,17188,default,9,2.652,8,0.08,29.91,39,544,6,583,3,472,72,28.0,False,1,15,23,False,60.0
ws_n486,Z12,17188,ins,0,2.955,11,0.1,29.84,38,524,6,562,3,459,65,28.0,False,2,15,23,False,60.0
ws_n486,Z12,17188,ins,1,2.623,8,0.09,29.88,38,530,6,568,3,462,68,28.0,False,2,15,23,False,60.0
ws_n486,Z12,17188,ins,2,2.685,9,0.21,29.74,38,526,6,564,3,460,66,28.0,False,0,15,23,False,60.0
ws_n486,Z12,17188,ins,3,2.541,8,0.08,29.89,38,529,6,567,3,461,68,28.0,False,0,15,23,False,60.0
ws_n486,Z12,17188,ins,4,2.623,8,0.38,29.61,38,528,6,566,3,461,67,28.0,False,0,15,23,False,60.0
ws_n486,Z12,17188,ins,5,2.574,8,0.44,29.53,38,526,6,564,3,460,66,28.0,False,1,15,23,False,60.0
ws_n486,Z12,17188,ins,6,2.533,8,0.25,29.68,38,533,6,571,3,465,68,28.0,False,0,15,23,False,60.0
ws_n486,Z12,17188,ins,7,2.502,8,0.11,29.86,38,538,6,576,3,469,69,28.0,False,2,15,23,False,60.0
ws_n486,Z12,17188,ins,8,2.539,8,0.1,29.88,38,538,6,576,3,469,69,28.0,False,1,15,23,False,60.0
ws_n486,Z12,17188,ins,9,2.652,8,0.17,29.82,38,536,6,574,3,467,69,28.0,False,1,15,23,False,60.0
ws_n486,Z12,17188,insreq,0,2.537,8,0.13,29.84,34,473,6,507,3,421,52,28.0,False,0,14,21,False,60.0
ws_n486,Z12,17188,insreq,1,2.714,9,0.09,29.97,35,477,6,512,3,425,52,28.0,False,0,14,21,False,60.0
ws_n486,Z12,17188,insreq,2,2.599,9,0.08,29.8,34,470,6,504,3,419,51,28.0,False,1,14,21,False,60.0
ws_n486,Z12,17188,insreq,3,2.389,7,0.11,29.88,34,467,6,501,3,417,50,28.0,False,2,14,21,False,60.0
ws_n486,Z12,17188,insreq,4,2.492,8,0.08,29.88,34,473,6,507,3,421,52,28.0,False,1,14,21,False,60.0
ws_n486,Z12,17188,insreq,5,2.605,8,0.13,29.74,34,468,6,502,3,418,50,28.0,False,0,14,21,False,60.0
ws_n486,Z12,17188,insreq,6,2.566,8,0.09,29.89,34,471,6,505,3,420,51,28.0,False,1,14,21,False,60.0
ws_n486,Z12,17188,insreq,7,2.805,9,0.08,29.79,35,475,6,510,3,423,52,28.0,False,1,14,21,False,60.0
ws_n486,Z12,17188,insreq,8,2.58,8,0.09,29.87,35,474,6,509,3,422,52,28.0,False,2,14,21,False,60.0
ws_n486,Z12,17188,insreq,9,2.551,8,0.1,29.85,35,479,6,514,3,426,53,28.0,False,0,14,21,False,60.0
ws_n486,Z12,17188,inscap,0,2.57,9,0.08,29.91,35,435,5,470,2,402,33,28.0,False,2,13,27,False,60.0
ws_n486,Z12,17188,inscap,1,2.681,9,0.1,29.9,35,434,5,469,2,401,33,28.0,False,2,13,27,False,60.0
ws_n486,Z12,17188,inscap,2,2.391,8,0.08,29.9,35,434,5,469,2,401,33,28.0,False,1,13,27,False,60.0
ws_n486,Z12,17188,inscap,3,2.595,8,0.08,29.79,35,434,5,469,2,401,33,28.0,False,0,13,27,False,60.0
ws_n486,Z12,17188,inscap,4,2.63,8,0.09,29.89,34,429,4,463,2,398,31,28.0,False,0,25,37,False,60.0
ws_n486,Z12,17188,inscap,5,2.473,7,0.08,29.92,34,433,4,467,2,400,33,28.0,False,0,25,37,False,60.0
ws_n486,Z12,17188,inscap,6,2.615,9,0.1,29.76,34,424,4,458,2,393,31,28.0,False,0,25,37,False,60.0
ws_n486,Z12,17188,inscap,7,2.506,8,0.09,29.88,34,434,4,468,2,401,33,28.0,False,0,25,37,False,60.0
ws_n486,Z12,17188,inscap,8,2.426,7,0.12,29.85,35,442,5,477,2,409,33,28.0,False,1,13,27,False,60.0
ws_n486,Z12,17188,inscap,9,2.255,7,0.2,29.78,34,431,4,465,2,398,33,28.0,False,0,25,37,False,60.0
ws_n486,Z12,17188,reqL4,0,2.636,9,0.08,29.84,25,476,2,501,3,410,66,27.0,False,2,16,25,False,60.1
ws_n486,Z12,17188,reqL4,1,2.475,7,0.08,29.9,25,486,2,511,3,420,66,27.0,False,1,16,25,False,60.0
ws_n486,Z12,17188,reqL4,2,2.704,9,0.08,29.91,25,480,2,505,3,414,66,27.0,False,2,16,25,False,60.0
ws_n486,Z12,17188,reqL4,3,2.512,8,0.1,29.87,25,477,2,502,3,411,66,27.0,False,1,16,25,False,60.0
ws_n486,Z12,17188,reqL4,4,2.632,9,0.08,29.89,25,486,2,511,3,420,66,27.0,False,1,16,25,False,60.0
ws_n486,Z12,17188,reqL4,5,2.64,8,0.11,29.87,25,483,2,508,3,417,66,27.0,False,0,16,25,False,60.0
ws_n486,Z12,17188,reqL4,6,2.784,9,0.08,29.87,25,472,2,497,3,406,66,27.0,False,2,16,25,False,60.0
ws_n486,Z12,17188,reqL4,7,2.459,8,0.08,29.88,25,471,2,496,3,405,66,27.0,False,0,16,25,False,60.0
ws_n486,Z12,17188,reqL4,8,2.588,8,0.12,29.94,25,486,2,511,3,420,66,27.0,False,0,16,25,False,60.0
ws_n486,Z12,17188,reqL4,9,2.617,8,0.08,29.89,25,483,2,508,3,417,66,27.0,False,1,16,25,False,60.0
grid_200,Z12,1590,default,0,1.055,2,0.05,8.89,16,502,2,518,29,253,250,3.0,False,0,12,24,False,23.3
grid_200,Z12,1590,default,1,1.02,2,0.07,8.81,16,502,2,518,29,253,250,3.0,False,0,12,24,False,23.3
grid_200,Z12,1590,default,2,1.02,2,0.05,8.81,16,502,2,518,29,253,250,3.0,False,0,12,24,False,22.4
grid_200,Z12,1590,ins,0,1.055,2,0.06,8.83,16,502,2,518,29,254,249,3.0,False,0,12,24,False,23.1
grid_200,Z12,1590,ins,1,1.02,2,0.05,8.81,16,502,2,518,29,254,249,3.0,False,0,12,24,False,23.3
grid_200,Z12,1590,ins,2,1.02,2,0.05,8.88,16,502,2,518,29,254,249,3.0,False,0,12,24,False,22.7
grid_200,Z12,1590,insreq,0,1.055,2,0.05,10.01,16,502,2,518,29,254,249,3.0,False,0,12,24,False,24.8
grid_200,Z12,1590,insreq,1,1.02,2,0.05,10.06,16,502,2,518,29,254,249,3.0,False,0,12,24,False,24.7
grid_200,Z12,1590,insreq,2,1.02,2,0.05,9.87,16,502,2,518,29,254,249,3.0,False,0,12,24,False,24.0
grid_200,Z12,1590,inscap,0,1.055,2,0.05,10.84,16,502,2,518,29,254,249,3.0,False,0,12,24,False,25.4
grid_200,Z12,1590,inscap,1,1.02,2,0.05,10.89,16,502,2,518,29,254,249,3.0,False,0,12,24,False,25.5
grid_200,Z12,1590,inscap,2,1.02,2,0.05,10.79,16,502,2,518,29,254,249,3.0,False,0,12,24,False,24.6
grid_200,Z12,1590,reqL4,0,1.025,2,0.06,7.12,13,347,1,360,13,177,171,4.0,False,0,15,32,False,20.0
grid_200,Z12,1590,reqL4,1,1.02,2,0.05,7.18,13,347,1,360,13,177,171,4.0,False,0,15,32,False,17.9
grid_200,Z12,1590,reqL4,2,1.03,2,0.06,7.22,13,347,1,360,13,177,171,4.0,False,0,15,32,False,22.9
honeycomb_200,Z12,32393,default,0,1.06,2,0.02,13.59,10,749,0,759,31,533,217,9.0,False,0,21,35,False,30.9
honeycomb_200,Z12,32393,default,1,1.04,2,0.04,13.48,10,749,0,759,31,533,217,9.0,False,0,21,35,False,28.3
honeycomb_200,Z12,32393,default,2,1.08,2,0.02,13.37,10,749,0,759,31,533,217,9.0,False,0,21,35,False,31.9
honeycomb_200,Z12,32393,ins,0,1.06,2,0.04,13.73,10,749,0,759,31,532,218,9.0,False,0,21,35,False,31.2
honeycomb_200,Z12,32393,ins,1,1.04,2,0.04,13.47,10,749,0,759,31,532,218,9.0,False,0,21,35,False,28.0
honeycomb_200,Z12,32393,ins,2,1.08,2,0.02,13.42,10,749,0,759,31,532,218,9.0,False,0,21,35,False,32.3
honeycomb_200,Z12,32393,insreq,0,1.06,2,0.03,15.09,10,749,0,759,31,532,218,9.0,False,0,21,35,False,31.7
honeycomb_200,Z12,32393,insreq,1,1.04,2,0.02,14.92,10,749,0,759,31,532,218,9.0,False,0,21,35,False,29.6
honeycomb_200,Z12,32393,insreq,2,1.08,2,0.02,15.08,10,749,0,759,31,532,218,9.0,False,0,21,35,False,34.0
honeycomb_200,Z12,32393,inscap,0,1.06,2,0.09,15.88,10,749,0,759,31,532,218,9.0,False,0,21,35,False,32.5
honeycomb_200,Z12,32393,inscap,1,1.04,2,0.05,15.83,10,749,0,759,31,532,218,9.0,False,0,21,35,False,30.6
honeycomb_200,Z12,32393,inscap,2,1.08,2,0.22,15.49,10,749,0,759,31,532,218,9.0,False,0,21,35,False,34.2
honeycomb_200,Z12,32393,reqL4,0,1.105,2,0.34,13.28,21,671,3,692,25,418,254,9.0,False,0,18,36,False,33.7
honeycomb_200,Z12,32393,reqL4,1,1.145,2,0.01,13.37,21,671,3,692,25,418,254,9.0,False,0,18,36,False,35.4
honeycomb_200,Z12,32393,reqL4,2,1.11,2,0.01,13.43,21,671,3,692,25,418,254,9.0,False,0,18,36,False,33.1
king_graph_196,Z12,32622,default,0,1.439,2,0.02,15.69,24,817,6,841,28,583,235,7.0,False,1,8,17,False,60.0
king_graph_196,Z12,32622,default,1,1.592,3,0.02,15.45,24,817,6,841,28,583,235,7.0,False,2,8,17,False,60.0
king_graph_196,Z12,32622,default,2,1.633,3,0.02,15.47,24,817,6,841,28,583,235,7.0,False,0,8,17,False,60.0
king_graph_196,Z12,32622,ins,0,1.439,2,0.02,15.5,24,817,6,841,28,583,235,7.0,False,1,8,17,False,60.0
king_graph_196,Z12,32622,ins,1,1.592,3,0.02,15.33,24,817,6,841,28,583,235,7.0,False,2,8,17,False,60.0
king_graph_196,Z12,32622,ins,2,1.633,3,0.02,15.44,24,817,6,841,28,583,235,7.0,False,0,8,17,False,60.0
king_graph_196,Z12,32622,insreq,0,1.561,3,0.02,17.07,20,790,4,810,33,562,229,6.0,False,0,26,22,False,60.0
king_graph_196,Z12,32622,insreq,1,1.597,3,0.02,17.1,20,790,4,810,33,562,229,6.0,False,1,26,22,False,60.0
king_graph_196,Z12,32622,insreq,2,1.52,3,0.02,17.22,20,790,4,810,33,562,229,6.0,False,0,26,22,False,60.0
king_graph_196,Z12,32622,inscap,0,1.561,3,0.02,18.35,20,790,4,810,33,562,229,6.0,False,0,26,22,False,60.0
king_graph_196,Z12,32622,inscap,1,1.597,3,0.02,18.06,20,790,4,810,33,562,229,6.0,False,1,26,22,False,60.0
king_graph_196,Z12,32622,inscap,2,1.52,3,0.02,18.25,20,790,4,810,33,562,229,6.0,False,0,26,22,False,60.0
king_graph_196,Z12,32622,reqL4,0,1.505,2,0.02,13.49,25,606,6,631,24,464,143,6.0,False,1,8,16,False,60.0
king_graph_196,Z12,32622,reqL4,1,1.587,3,0.02,13.76,25,606,6,631,24,464,143,6.0,False,2,8,16,False,60.0
king_graph_196,Z12,32622,reqL4,2,1.638,3,0.02,13.6,25,606,6,631,24,464,143,6.0,False,0,8,16,False,60.0
K100,P16,,default,0,11.63,16,0.0,2.82,9,106,0,115,49,0,106,15.0,,0,,,,27.1
K100,P16,,default,1,12.14,16,0.0,2.78,9,106,0,115,49,0,106,15.0,,0,,,,28.5
K100,P16,,default,2,11.7,17,0.0,2.82,9,106,0,115,49,0,106,15.0,,0,,,,21.4
K100,P16,,ins,0,11.63,16,0.0,2.69,9,106,0,115,49,0,106,15.0,,0,,,,27.7
K100,P16,,ins,1,12.14,16,0.0,2.73,9,106,0,115,49,0,106,15.0,,0,,,,30.5
K100,P16,,ins,2,11.7,17,0.0,2.76,9,106,0,115,49,0,106,15.0,,0,,,,23.4
K100,P16,,insreq,0,11.63,16,0.0,2.69,9,106,0,115,49,0,106,15.0,,0,,,,26.0
K100,P16,,insreq,1,12.14,16,0.0,2.74,9,106,0,115,49,0,106,15.0,,0,,,,28.0
K100,P16,,insreq,2,11.7,17,0.0,2.71,9,106,0,115,49,0,106,15.0,,0,,,,21.3
K100,P16,,inscap,0,11.63,16,0.0,2.71,9,106,0,115,49,0,106,15.0,,0,,,,25.5
K100,P16,,inscap,1,12.14,16,0.0,2.74,9,106,0,115,49,0,106,15.0,,0,,,,29.9
K100,P16,,inscap,2,11.7,17,0.0,2.87,9,106,0,115,49,0,106,15.0,,0,,,,20.9
K100,P16,,reqL4,0,12.11,23,0.0,1.64,6,72,0,78,76,0,72,15.0,,0,,,,15.8
K100,P16,,reqL4,1,11.77,15,0.0,1.64,6,72,0,78,76,0,72,15.0,,0,,,,30.5
K100,P16,,reqL4,2,12.26,23,0.0,1.68,6,72,0,78,76,0,72,15.0,,0,,,,16.3
turan_n162,P16,2647,default,0,7.815,8,0.01,8.17,6,67,1,73,115,15,53,14.0,,0,,,,60.3
turan_n162,P16,2647,default,1,7.654,8,0.01,8.3,6,67,1,73,115,15,53,14.0,,0,,,,60.2
turan_n162,P16,2647,default,2,7.815,8,0.03,8.3,6,67,1,73,115,15,53,14.0,,0,,,,60.2
turan_n162,P16,2647,ins,0,7.815,8,0.0,6.91,6,67,1,73,115,14,53,14.0,,0,,,,60.1
turan_n162,P16,2647,ins,1,7.654,8,0.02,7.03,6,67,1,73,115,14,53,14.0,,0,,,,60.3
turan_n162,P16,2647,ins,2,7.815,8,0.06,7.05,6,67,1,73,115,14,53,14.0,,0,,,,60.1
turan_n162,P16,2647,insreq,0,7.815,8,0.01,6.96,6,67,1,73,115,14,53,14.0,,0,,,,60.3
turan_n162,P16,2647,insreq,1,7.654,8,0.0,6.85,6,67,1,73,115,14,53,14.0,,0,,,,60.3
turan_n162,P16,2647,insreq,2,7.815,8,0.05,6.82,6,67,1,73,115,14,53,14.0,,0,,,,60.3
turan_n162,P16,2647,inscap,0,7.815,8,0.01,7.17,6,69,1,75,113,14,55,14.0,,0,,,,60.1
turan_n162,P16,2647,inscap,1,7.654,8,0.0,7.09,6,69,1,75,113,14,55,14.0,,0,,,,60.1
turan_n162,P16,2647,inscap,2,7.815,8,0.02,7.06,6,69,1,75,113,14,55,14.0,,0,,,,60.2
turan_n162,P16,2647,reqL4,0,7.815,8,0.01,6.92,6,67,1,73,115,6,61,14.0,,0,,,,60.1
turan_n162,P16,2647,reqL4,1,7.654,8,0.03,6.9,6,67,1,73,115,6,61,14.0,,0,,,,60.2
turan_n162,P16,2647,reqL4,2,7.815,8,0.02,6.89,6,67,1,73,115,6,61,14.0,,0,,,,60.1
ws_n486,P16,17188,default,0,3.453,12,0.07,29.79,43,691,4,734,20,406,285,12.0,,1,,,,60.0
ws_n486,P16,17188,default,1,3.193,11,0.15,29.89,26,726,4,752,21,537,189,13.0,,1,,,,60.0
ws_n486,P16,17188,default,2,3.158,10,0.07,29.89,41,710,3,751,13,456,254,15.0,,0,,,,60.0
ws_n486,P16,17188,ins,0,3.475,13,0.15,29.81,44,717,4,761,20,425,292,12.0,,2,,,,60.0
ws_n486,P16,17188,ins,1,3.224,10,0.07,29.8,43,708,4,751,20,419,289,12.0,,0,,,,60.0
ws_n486,P16,17188,ins,2,3.078,11,0.07,29.87,40,698,3,738,13,447,251,15.0,,1,,,,60.0
ws_n486,P16,17188,insreq,0,3.276,11,0.16,29.79,40,707,3,747,13,453,254,15.0,,2,,,,60.0
ws_n486,P16,17188,insreq,1,3.206,11,0.07,29.9,23,747,2,770,13,497,250,12.0,,0,,,,60.0
ws_n486,P16,17188,insreq,2,3.111,12,0.07,29.9,26,737,4,763,21,548,189,13.0,,0,,,,60.0
ws_n486,P16,17188,inscap,0,3.237,10,0.07,29.81,35,686,4,721,13,433,253,12.0,,1,,,,60.0
ws_n486,P16,17188,inscap,1,3.113,11,0.16,29.81,38,692,7,730,13,443,249,13.0,,0,,,,60.0
ws_n486,P16,17188,inscap,2,3.01,10,0.07,29.87,38,688,7,726,13,439,249,13.0,,0,,,,60.0
ws_n486,P16,17188,reqL4,0,3.368,12,0.07,29.89,35,728,5,763,21,493,235,12.0,,1,,,,60.0
ws_n486,P16,17188,reqL4,1,3.216,12,0.07,29.8,37,717,7,754,14,455,262,12.0,,0,,,,60.0
ws_n486,P16,17188,reqL4,2,3.222,10,0.08,29.86,38,749,11,787,14,507,242,18.0,,1,,,,60.0
