cell,fabric,gid,arm,seed,final_acl,max_chain,init_wall,arrange_wall,passes,traj,int_acc,int_dec,int_noop,readouts,bm_wall,bm_ro,hier_acc,pair_acc,widen_asked,widen_acc,proj_pen,plane_stair,max_edge_span,mm_skipped,ball_acc,deficit,cmiss,cert,time
K100,Z12,,plane,0,7.26,8,0.0,29.72,2,138|0,138,0,10707,139,1.52,98,0,4,0,0,0,1153.0,21.0,True,0,0,0,True,62.7
K100,Z12,,plane,1,7.26,8,0.0,29.73,2,138|0,138,0,10482,139,1.61,98,0,4,0,0,0,1153.0,21.0,True,0,0,0,True,60.8
K100,Z12,,plane,2,7.26,8,0.0,29.74,2,138|0,138,0,10573,139,1.59,98,0,4,0,0,0,1153.0,21.0,True,0,0,0,True,63.2
K100,Z12,,inner,0,7.26,8,0.01,29.69,2,138|0,138,0,10485,139,1.68,98,0,4,0,0,0,1153.0,21.0,True,0,0,0,True,62.9
K100,Z12,,inner,1,7.26,8,0.0,29.74,2,138|0,138,0,10573,139,1.49,98,0,4,0,0,0,1153.0,21.0,True,0,0,0,True,61.3
K100,Z12,,inner,2,7.26,8,0.0,29.76,2,138|0,138,0,10637,139,1.65,98,0,4,0,0,0,1153.0,21.0,True,0,0,0,True,63.7
K100,Z12,,widen,0,7.27,8,0.0,29.63,2,123|0,123,0,10591,124,2.45,122,0,5,41,30,0,1154.0,20.0,True,0,0,0,True,60.3
K100,Z12,,widen,1,7.27,8,0.0,29.63,2,123|0,123,0,10400,124,2.45,122,0,5,41,30,0,1154.0,20.0,True,0,0,0,True,64.0
K100,Z12,,widen,2,7.27,8,0.0,29.67,1,123,123,0,10230,124,2.63,122,0,5,41,30,0,1154.0,20.0,True,0,0,0,True,62.0
K140,Z12,,plane,0,9.757,10,0.0,29.72,1,188,188,0,6363,189,3.47,159,0,3,0,0,0,2312.0,31.0,True,0,0,0,True,65.0
K140,Z12,,plane,1,9.757,10,0.01,29.65,1,188,188,0,6488,189,3.25,159,0,3,0,0,0,2312.0,31.0,True,0,0,0,True,60.3
K140,Z12,,plane,2,9.757,10,0.0,29.75,1,188,188,0,6390,189,3.47,159,0,3,0,0,0,2312.0,31.0,True,0,0,0,True,60.9
K140,Z12,,inner,0,9.757,10,0.0,29.67,1,188,188,0,6374,189,3.42,159,0,3,0,0,0,2312.0,31.0,True,0,0,0,True,61.6
K140,Z12,,inner,1,9.757,10,0.0,29.73,1,188,188,0,6465,189,3.35,159,0,3,0,0,0,2312.0,31.0,True,0,0,0,True,65.1
K140,Z12,,inner,2,9.757,10,0.0,29.7,1,188,188,0,6454,189,3.21,159,0,3,0,0,0,2312.0,31.0,True,0,0,0,True,61.7
K140,Z12,,widen,0,9.793,11,0.0,29.72,1,171,171,0,6423,172,3.73,154,0,1,60,46,0,2316.0,25.0,True,0,0,0,True,61.5
K140,Z12,,widen,1,9.793,11,0.0,29.73,1,171,171,0,6468,172,3.82,154,0,1,60,46,0,2316.0,25.0,True,0,0,0,True,64.5
K140,Z12,,widen,2,9.793,11,0.02,29.46,1,171,171,0,6407,172,3.7,154,0,1,60,46,0,2316.0,25.0,True,0,0,0,True,60.8
ER100_d10,Z12,,plane,0,4.56,8,0.05,14.1,6,375|103|39|71|4|0,592,0,8708,593,5.3,474,0,202,0,0,0,651.0,17.0,True,0,0,0,True,60.0
ER100_d10,Z12,,plane,1,4.43,8,0.42,13.54,6,375|103|39|71|4|0,592,0,8708,593,5.02,474,0,202,0,0,0,651.0,17.0,True,0,0,0,True,60.0
ER100_d10,Z12,,plane,2,4.27,7,0.07,13.62,6,375|103|39|71|4|0,592,0,8708,593,5.07,474,0,202,0,0,0,651.0,17.0,True,0,0,0,True,60.0
ER100_d10,Z12,,plane,3,4.95,8,0.18,13.56,6,375|103|39|71|4|0,592,0,8708,593,5.09,474,0,202,0,0,0,651.0,17.0,True,0,0,0,True,60.0
ER100_d10,Z12,,plane,4,4.6,8,0.13,13.43,6,375|103|39|71|4|0,592,0,8708,593,4.95,474,0,202,0,0,0,651.0,17.0,True,0,0,0,True,60.0
ER100_d10,Z12,,plane,5,4.55,8,0.12,13.35,6,375|103|39|71|4|0,592,0,8708,593,4.91,474,0,202,0,0,0,651.0,17.0,True,0,0,0,True,60.0
ER100_d10,Z12,,plane,6,4.3,7,0.05,13.44,6,375|103|39|71|4|0,592,0,8708,593,4.63,474,0,202,0,0,0,651.0,17.0,True,0,0,0,True,60.0
ER100_d10,Z12,,plane,7,4.95,8,0.05,13.93,6,375|103|39|71|4|0,592,0,8708,593,4.5,474,0,202,0,0,0,651.0,17.0,True,0,0,0,True,60.0
ER100_d10,Z12,,plane,8,4.95,8,0.05,13.9,6,375|103|39|71|4|0,592,0,8708,593,4.53,474,0,202,0,0,0,651.0,17.0,True,0,0,0,True,60.0
ER100_d10,Z12,,plane,9,4.96,8,0.05,13.26,6,375|103|39|71|4|0,592,0,8708,593,4.55,474,0,202,0,0,0,651.0,17.0,True,0,0,0,True,60.0
ER100_d10,Z12,,inner,0,4.9,8,0.05,11.28,5,375|98|12|14|0,499,0,7251,500,2.33,365,0,193,0,0,0,658.0,17.0,True,0,0,0,True,60.1
ER100_d10,Z12,,inner,1,4.9,8,0.05,11.7,5,375|98|12|14|0,499,0,7251,500,2.47,365,0,193,0,0,0,658.0,17.0,True,0,0,0,True,60.0
ER100_d10,Z12,,inner,2,4.88,8,0.05,11.37,5,375|98|12|14|0,499,0,7251,500,2.31,365,0,193,0,0,0,658.0,17.0,True,0,0,0,True,60.0
ER100_d10,Z12,,inner,3,4.9,8,0.05,11.14,5,375|98|12|14|0,499,0,7251,500,2.31,365,0,193,0,0,0,658.0,17.0,True,0,0,0,True,60.0
ER100_d10,Z12,,inner,4,4.9,8,0.05,11.55,5,375|98|12|14|0,499,0,7251,500,2.33,365,0,193,0,0,0,658.0,17.0,True,0,0,0,True,60.1
ER100_d10,Z12,,inner,5,4.9,8,0.05,11.21,5,375|98|12|14|0,499,0,7251,500,2.3,365,0,193,0,0,0,658.0,17.0,True,0,0,0,True,60.1
ER100_d10,Z12,,inner,6,4.31,7,0.05,11.15,5,375|98|12|14|0,499,0,7251,500,2.29,365,0,193,0,0,0,658.0,17.0,True,0,0,0,True,60.1
ER100_d10,Z12,,inner,7,4.48,7,0.05,11.75,5,375|98|12|14|0,499,0,7251,500,2.36,365,0,193,0,0,0,658.0,17.0,True,0,0,0,True,60.1
ER100_d10,Z12,,inner,8,4.89,8,0.05,11.41,5,375|98|12|14|0,499,0,7251,500,2.39,365,0,193,0,0,0,658.0,17.0,True,0,0,0,True,60.1
ER100_d10,Z12,,inner,9,4.58,8,0.05,11.22,5,375|98|12|14|0,499,0,7251,500,2.35,365,0,193,0,0,0,658.0,17.0,True,0,0,0,True,60.0
ER100_d10,Z12,,widen,0,4.16,7,0.05,10.52,5,333|108|60|5|0,506,0,7244,507,5.89,467,0,173,207,127,0,636.0,17.0,True,0,0,0,True,60.0
ER100_d10,Z12,,widen,1,4.79,9,0.05,10.71,5,333|108|60|5|0,506,0,7244,507,6.01,467,0,173,207,127,0,636.0,17.0,True,0,0,0,True,60.0
ER100_d10,Z12,,widen,2,4.84,9,0.05,10.52,5,333|108|60|5|0,506,0,7244,507,5.95,467,0,173,207,127,0,636.0,17.0,True,0,0,0,True,60.0
ER100_d10,Z12,,widen,3,4.39,9,0.05,10.88,5,333|108|60|5|0,506,0,7244,507,6.28,467,0,173,207,127,0,636.0,17.0,True,0,0,0,True,60.1
ER100_d10,Z12,,widen,4,4.38,8,0.05,10.58,5,333|108|60|5|0,506,0,7244,507,6.02,467,0,173,207,127,0,636.0,17.0,True,0,0,0,True,60.1
ER100_d10,Z12,,widen,5,4.79,9,0.05,10.73,5,333|108|60|5|0,506,0,7244,507,6.17,467,0,173,207,127,0,636.0,17.0,True,0,0,0,True,60.0
ER100_d10,Z12,,widen,6,4.79,9,0.05,10.58,5,333|108|60|5|0,506,0,7244,507,6.0,467,0,173,207,127,0,636.0,17.0,True,0,0,0,True,60.0
ER100_d10,Z12,,widen,7,4.79,9,0.05,10.65,5,333|108|60|5|0,506,0,7244,507,6.04,467,0,173,207,127,0,636.0,17.0,True,0,0,0,True,60.0
ER100_d10,Z12,,widen,8,4.79,9,0.06,10.62,5,333|108|60|5|0,506,0,7244,507,6.05,467,0,173,207,127,0,636.0,17.0,True,0,0,0,True,60.0
ER100_d10,Z12,,widen,9,4.3,8,0.05,10.56,5,333|108|60|5|0,506,0,7244,507,6.02,467,0,173,207,127,0,636.0,17.0,True,0,0,0,True,60.0
turan_n162,Z12,2647,plane,0,9.253,12,0.0,29.94,1,203,203,0,7822,204,3.84,204,0,0,0,0,0,2598.0,28.0,True,0,0,0,True,60.2
turan_n162,Z12,2647,plane,1,9.593,13,0.0,29.94,1,190,190,0,7487,191,2.84,183,0,0,0,0,0,2700.0,32.0,True,0,0,0,True,61.8
turan_n162,Z12,2647,plane,2,9.253,12,0.0,29.94,1,203,203,0,7550,204,3.89,204,0,0,0,0,0,2598.0,28.0,True,0,0,0,True,61.8
turan_n162,Z12,2647,plane,3,9.253,12,0.0,29.94,1,203,203,0,7762,204,3.91,204,0,0,0,0,0,2598.0,28.0,True,0,0,0,True,61.4
turan_n162,Z12,2647,plane,4,9.222,12,0.0,29.93,1,203,203,0,7697,204,3.99,204,0,0,0,0,0,2598.0,28.0,True,0,0,0,True,60.8
turan_n162,Z12,2647,plane,5,9.611,13,0.0,29.93,1,190,190,0,7382,191,2.94,183,0,0,0,0,0,2700.0,32.0,True,0,0,0,True,60.9
turan_n162,Z12,2647,plane,6,9.253,12,0.0,29.94,1,203,203,0,7694,204,4.0,204,0,0,0,0,0,2598.0,28.0,True,0,0,0,True,62.0
turan_n162,Z12,2647,plane,7,9.611,13,0.0,29.94,1,190,190,0,7475,191,2.91,183,0,0,0,0,0,2700.0,32.0,True,0,0,0,True,61.0
turan_n162,Z12,2647,plane,8,9.611,13,0.0,29.94,1,190,190,0,7362,191,3.05,183,0,0,0,0,0,2700.0,32.0,True,0,0,0,True,60.7
turan_n162,Z12,2647,plane,9,9.253,12,0.0,29.93,1,203,203,0,7651,204,4.05,204,0,0,0,0,0,2598.0,28.0,True,0,0,0,True,62.2
turan_n162,Z12,2647,inner,0,9.253,12,0.0,29.95,1,203,203,0,7554,204,3.95,204,0,0,0,0,0,2598.0,28.0,True,0,0,0,True,60.0
turan_n162,Z12,2647,inner,1,9.593,13,0.0,29.93,1,190,190,0,7379,191,2.92,183,0,0,0,0,0,2700.0,32.0,True,0,0,0,True,61.7
turan_n162,Z12,2647,inner,2,9.253,12,0.0,29.93,1,203,203,0,7761,204,3.9,204,0,0,0,0,0,2598.0,28.0,True,0,0,0,True,60.3
turan_n162,Z12,2647,inner,3,9.253,12,0.0,29.95,1,203,203,0,7733,204,3.95,204,0,0,0,0,0,2598.0,28.0,True,0,0,0,True,60.5
turan_n162,Z12,2647,inner,4,9.222,12,0.0,29.93,1,203,203,0,7727,204,4.01,204,0,0,0,0,0,2598.0,28.0,True,0,0,0,True,61.1
turan_n162,Z12,2647,inner,5,9.611,13,0.0,29.94,1,190,190,0,7269,191,2.98,183,0,0,0,0,0,2700.0,32.0,True,0,0,0,True,62.8
turan_n162,Z12,2647,inner,6,9.253,12,0.0,29.93,1,203,203,0,7736,204,4.0,204,0,0,0,0,0,2598.0,28.0,True,0,0,0,True,62.7
turan_n162,Z12,2647,inner,7,9.611,13,0.0,29.94,1,190,190,0,7001,191,2.97,183,0,0,0,0,0,2700.0,32.0,True,0,0,0,True,64.0
turan_n162,Z12,2647,inner,8,9.611,13,0.0,29.94,1,190,190,0,7369,191,2.98,183,0,0,0,0,0,2700.0,32.0,True,0,0,0,True,64.0
turan_n162,Z12,2647,inner,9,9.253,12,0.0,29.94,1,203,203,0,7722,204,3.98,204,0,0,0,0,0,2598.0,28.0,True,0,0,0,True,62.1
turan_n162,Z12,2647,widen,0,10.142,13,0.0,29.94,1,174,174,0,7376,175,2.97,152,0,2,72,55,0,2790.0,35.0,True,0,0,0,True,67.4
turan_n162,Z12,2647,widen,1,9.636,12,0.0,29.94,1,170,170,0,7477,171,2.82,166,0,0,74,58,0,2669.0,33.0,True,0,0,0,True,61.0
turan_n162,Z12,2647,widen,2,10.148,13,0.0,29.94,1,174,174,0,7471,175,2.95,152,0,2,72,55,0,2790.0,35.0,True,0,0,0,True,61.8
turan_n162,Z12,2647,widen,3,10.148,13,0.0,29.95,1,174,174,0,7161,175,3.16,152,0,2,72,55,0,2790.0,35.0,True,0,0,0,True,64.8
turan_n162,Z12,2647,widen,4,10.148,13,0.0,29.95,1,174,174,0,6081,175,3.15,152,0,2,72,55,0,2790.0,35.0,True,0,0,0,True,60.2
turan_n162,Z12,2647,widen,5,9.636,12,0.0,29.95,1,170,170,0,5944,171,3.44,166,0,0,74,58,0,2669.0,33.0,True,0,0,0,True,63.7
turan_n162,Z12,2647,widen,6,10.148,13,0.0,29.95,1,174,174,0,5475,175,2.83,152,0,2,72,55,0,2790.0,35.0,True,0,0,0,True,63.5
turan_n162,Z12,2647,widen,7,9.636,12,0.0,29.95,1,170,170,0,5548,171,2.75,166,0,0,74,58,0,2669.0,33.0,True,0,0,0,True,60.3
turan_n162,Z12,2647,widen,8,9.636,12,0.0,29.95,1,170,170,0,5593,171,3.21,166,0,0,74,58,0,2669.0,33.0,True,0,0,0,True,69.1
turan_n162,Z12,2647,widen,9,10.148,13,0.0,29.95,1,174,174,0,5438,175,3.45,152,0,2,72,55,0,2790.0,35.0,True,0,0,0,True,64.3
spin_glass_n163,Z12,37309,plane,0,10.853,12,0.78,29.17,1,351,351,0,5826,352,14.7,334,0,62,0,0,0,3055.0,33.0,True,0,0,0,True,54.1
spin_glass_n163,Z12,37309,plane,1,10.853,12,0.84,29.1,1,351,351,0,6112,352,13.59,334,0,62,0,0,0,3055.0,33.0,True,0,0,0,True,56.4
spin_glass_n163,Z12,37309,plane,2,10.853,12,0.81,29.14,1,351,351,0,6342,352,12.88,334,0,62,0,0,0,3055.0,33.0,True,0,0,0,True,56.8
spin_glass_n163,Z12,37309,inner,0,10.853,12,1.15,28.8,1,351,351,0,6211,352,12.45,334,0,62,0,0,0,3055.0,33.0,True,0,0,0,True,55.2
spin_glass_n163,Z12,37309,inner,1,10.853,12,1.17,28.77,1,351,351,0,5876,352,13.13,334,0,62,0,0,0,3055.0,33.0,True,0,0,0,True,54.7
spin_glass_n163,Z12,37309,inner,2,10.853,12,1.21,28.74,1,351,351,0,6128,352,13.25,334,0,62,0,0,0,3055.0,33.0,True,0,0,0,True,57.5
spin_glass_n163,Z12,37309,widen,0,10.902,12,1.46,28.49,1,280,280,0,6022,281,26.48,277,0,49,94,76,0,3073.0,29.0,True,0,0,0,True,60.2
spin_glass_n163,Z12,37309,widen,1,10.902,12,1.12,28.79,1,281,281,0,6448,282,25.4,277,0,50,94,76,0,3073.0,29.0,True,0,0,0,True,60.2
spin_glass_n163,Z12,37309,widen,2,10.902,12,1.0,28.92,1,280,280,0,6170,281,26.48,277,0,49,94,76,0,3073.0,29.0,True,0,0,0,True,60.3
regular_n316,Z12,13096,plane,0,2.867,7,1.32,28.62,2,860|273,1133,0,3740,1134,15.36,757,0,131,0,0,5,1607.0,30.0,True,1,0,2,False,60.1
regular_n316,Z12,13096,plane,1,2.687,6,6.36,23.56,2,860|243,1103,0,3312,1104,12.56,757,0,131,0,0,5,1607.0,30.0,True,0,0,2,False,60.0
regular_n316,Z12,13096,plane,2,2.734,6,6.64,23.27,2,860|212,1072,0,3166,1073,13.0,757,0,131,0,0,5,1607.0,30.0,True,0,0,2,False,60.0
regular_n316,Z12,13096,plane,3,2.623,6,7.17,22.54,2,860|211,1071,0,3166,1072,12.18,757,0,131,0,0,5,1607.0,30.0,True,0,0,2,False,60.0
regular_n316,Z12,13096,plane,4,2.687,6,6.4,23.52,2,860|246,1106,0,3357,1107,12.15,757,0,131,0,0,5,1607.0,30.0,True,1,0,2,False,60.0
regular_n316,Z12,13096,plane,5,2.687,6,7.62,22.15,2,860|232,1092,0,3241,1093,11.53,757,0,131,0,0,5,1607.0,30.0,True,0,0,2,False,60.2
regular_n316,Z12,13096,plane,6,2.633,6,5.86,23.74,2,860|249,1109,0,3444,1110,12.14,757,0,131,0,0,5,1607.0,30.0,True,0,0,2,False,60.3
regular_n316,Z12,13096,plane,7,2.813,6,4.54,25.36,2,860|290,1150,0,3919,1151,11.64,757,0,141,0,0,5,1607.0,30.0,True,0,0,2,False,60.1
regular_n316,Z12,13096,plane,8,2.636,6,3.09,26.54,2,860|305,1165,0,4264,1166,11.54,757,0,156,0,0,5,1607.0,30.0,True,0,0,2,False,60.1
regular_n316,Z12,13096,plane,9,2.772,6,0.63,29.3,2,860|144,1004,0,2727,1005,21.38,757,0,131,0,0,5,1607.0,30.0,True,0,0,2,False,60.0
regular_n316,Z12,13096,inner,0,2.867,7,1.01,28.89,2,860|79,939,0,2498,940,22.3,757,0,131,0,0,5,1607.0,30.0,True,1,0,2,False,60.0
regular_n316,Z12,13096,inner,1,2.687,6,0.95,28.96,2,860|65,925,0,2451,926,22.71,757,0,131,0,0,5,1607.0,30.0,True,0,0,2,False,60.0
regular_n316,Z12,13096,inner,2,2.734,6,0.61,29.3,2,860|77,937,0,2478,938,22.67,757,0,131,0,0,5,1607.0,30.0,True,0,0,2,False,60.0
regular_n316,Z12,13096,inner,3,2.623,6,0.61,29.32,2,860|166,1026,0,2685,1027,21.24,757,0,131,0,0,5,1607.0,30.0,True,0,0,2,False,60.0
regular_n316,Z12,13096,inner,4,2.687,6,0.31,29.62,2,860|152,1012,0,2647,1013,21.89,757,0,131,0,0,5,1607.0,30.0,True,1,0,2,False,60.0
regular_n316,Z12,13096,inner,5,2.687,6,0.7,29.23,2,860|135,995,0,2594,996,21.94,757,0,131,0,0,5,1607.0,30.0,True,0,0,2,False,60.0
regular_n316,Z12,13096,inner,6,2.633,6,0.65,29.29,2,860|97,957,0,2529,958,22.51,757,0,131,0,0,5,1607.0,30.0,True,0,0,2,False,60.0
regular_n316,Z12,13096,inner,7,2.81,6,1.34,28.59,2,860|175,1035,0,2766,1036,20.19,757,0,131,0,0,5,1607.0,30.0,True,1,0,2,False,60.0
regular_n316,Z12,13096,inner,8,2.636,6,2.21,27.72,2,860|151,1011,0,2637,1012,19.92,757,0,131,0,0,5,1607.0,30.0,True,0,0,2,False,60.0
regular_n316,Z12,13096,inner,9,2.772,6,2.66,27.14,2,860|152,1012,0,2643,1013,19.37,757,0,131,0,0,5,1607.0,30.0,True,0,0,2,False,60.0
regular_n316,Z12,13096,widen,0,2.703,6,7.95,21.96,2,734|72,806,0,2700,807,21.24,791,0,73,404,274,1,1547.0,29.0,True,0,0,1,False,60.0
regular_n316,Z12,13096,widen,1,2.807,7,11.07,18.84,2,734|83,817,0,2739,818,18.78,816,0,73,404,274,11,1542.0,29.0,False,0,2,2,False,60.0
regular_n316,Z12,13096,widen,2,2.854,7,7.74,22.16,2,734|118,852,0,2850,853,22.15,853,0,73,421,285,5,1513.0,30.0,False,0,3,3,False,60.0
regular_n316,Z12,13096,widen,3,3.035,7,10.76,19.13,2,734|92,826,0,2789,827,18.91,821,0,73,406,275,12,1541.0,30.0,False,1,1,2,False,60.0
regular_n316,Z12,13096,widen,4,2.731,6,9.79,20.1,2,734|89,823,0,2766,824,20.04,821,0,73,405,275,12,1541.0,30.0,False,1,1,2,False,60.0
regular_n316,Z12,13096,widen,5,2.759,6,10.01,19.49,2,734|106,840,0,2819,841,18.97,821,0,73,412,277,12,1541.0,30.0,False,0,1,2,False,60.0
regular_n316,Z12,13096,widen,6,2.639,6,10.16,19.74,2,734|116,850,0,2841,851,19.66,845,0,73,420,284,3,1527.0,30.0,True,0,0,1,False,60.3
regular_n316,Z12,13096,widen,7,2.731,6,9.74,20.2,2,734|106,840,0,2813,841,19.69,821,0,73,412,277,12,1541.0,30.0,False,0,1,2,False,60.7
regular_n316,Z12,13096,widen,8,2.652,7,9.33,20.41,2,734|141,875,0,3096,876,19.82,861,0,73,424,285,4,1506.0,30.0,False,1,2,2,False,60.5
regular_n316,Z12,13096,widen,9,2.858,7,8.55,20.94,2,734|164,898,0,3227,899,19.63,861,0,73,431,287,4,1506.0,30.0,False,1,2,2,False,60.0
ws_n486,Z12,17188,plane,0,2.57,9,7.05,22.85,1,1177,1177,0,1143,1178,19.07,1091,0,0,0,0,248,2371.0,27.0,False,0,42,50,False,60.1
ws_n486,Z12,17188,plane,1,2.802,10,5.18,24.74,1,1216,1216,0,1269,1217,24.42,1207,0,0,0,0,342,2365.0,27.0,False,1,24,59,False,60.0
ws_n486,Z12,17188,plane,2,2.588,8,4.28,24.64,1,1208,1208,0,1243,1209,24.57,1207,0,0,0,0,342,2365.0,27.0,False,0,24,59,False,60.1
ws_n486,Z12,17188,plane,3,2.73,9,0.17,29.78,1,1107,1107,0,786,1108,29.01,1091,0,0,0,0,248,2371.0,27.0,False,1,42,50,False,60.0
ws_n486,Z12,17188,plane,4,2.615,8,0.17,29.61,1,1149,1149,0,1014,1150,26.61,1091,0,0,0,0,248,2371.0,27.0,False,0,42,50,False,60.0
ws_n486,Z12,17188,plane,5,2.671,9,0.46,29.34,1,1047,1047,0,554,1048,28.44,1001,0,0,0,0,334,2410.0,32.0,False,0,35,53,False,60.0
ws_n486,Z12,17188,plane,6,2.541,8,0.14,29.82,1,1168,1168,0,1108,1169,26.14,1091,0,0,0,0,248,2371.0,27.0,False,0,42,50,False,60.0
ws_n486,Z12,17188,plane,7,2.436,8,0.43,29.51,1,1072,1072,0,672,1073,29.36,1070,0,0,0,0,294,2376.0,27.0,False,0,52,55,False,60.0
ws_n486,Z12,17188,plane,8,2.529,8,0.19,29.55,1,1093,1093,0,727,1094,29.44,1091,0,0,0,0,248,2371.0,27.0,False,0,42,50,False,60.0
ws_n486,Z12,17188,plane,9,2.444,8,0.33,29.62,1,1066,1066,0,644,1067,29.54,1066,0,0,0,0,334,2378.0,28.0,False,0,35,52,False,60.0
ws_n486,Z12,17188,inner,0,2.57,9,0.29,29.67,1,1114,1114,0,811,1115,28.69,1091,0,0,0,0,248,2371.0,27.0,False,0,42,50,False,60.0
ws_n486,Z12,17188,inner,1,2.578,8,0.65,29.3,1,1099,1099,0,769,1100,28.8,1091,0,0,0,0,248,2371.0,27.0,False,0,42,50,False,60.0
ws_n486,Z12,17188,inner,2,2.63,8,0.36,29.59,1,1066,1066,0,653,1067,29.44,1066,0,0,0,0,334,2378.0,28.0,False,0,35,52,False,60.0
ws_n486,Z12,17188,inner,3,2.73,9,0.35,29.44,1,1126,1126,0,870,1127,27.9,1091,0,0,0,0,248,2371.0,27.0,False,1,42,50,False,60.0
ws_n486,Z12,17188,inner,4,2.615,8,1.08,28.75,1,1116,1116,0,814,1117,27.73,1091,0,0,0,0,248,2371.0,27.0,False,0,42,50,False,60.0
ws_n486,Z12,17188,inner,5,2.471,7,8.02,21.82,1,1056,1056,0,606,1057,21.35,1049,0,0,0,0,293,2403.0,30.0,False,1,27,41,False,60.0
ws_n486,Z12,17188,inner,6,2.595,9,6.69,23.23,1,1073,1073,0,674,1074,23.06,1070,0,0,0,0,294,2376.0,27.0,False,0,52,55,False,60.0
ws_n486,Z12,17188,inner,7,2.786,10,6.82,23.03,1,1054,1054,0,597,1055,22.63,1049,0,0,0,0,293,2403.0,30.0,False,0,27,41,False,60.0
ws_n486,Z12,17188,inner,8,2.864,9,7.04,22.84,1,1072,1072,0,673,1073,22.68,1070,0,0,0,0,294,2376.0,27.0,False,0,52,55,False,60.0
ws_n486,Z12,17188,inner,9,2.566,9,9.51,20.42,1,1051,1051,0,574,1052,20.23,1049,0,0,0,0,293,2403.0,30.0,False,1,27,41,False,60.1
ws_n486,Z12,17188,widen,0,2.473,7,8.43,19.87,1,913,913,0,626,914,19.77,910,0,0,434,332,139,2255.0,31.0,False,0,12,26,False,60.0
ws_n486,Z12,17188,widen,1,2.586,9,7.97,20.07,1,981,981,0,937,982,16.96,910,0,0,440,334,139,2255.0,31.0,False,0,12,26,False,60.0
ws_n486,Z12,17188,widen,2,2.586,8,6.5,22.33,1,989,989,0,1029,990,18.39,910,0,0,440,334,139,2255.0,31.0,False,0,12,26,False,60.0
ws_n486,Z12,17188,widen,3,2.794,10,8.8,21.13,1,972,972,0,899,973,18.38,910,0,0,440,334,139,2255.0,31.0,False,1,12,26,False,60.0
ws_n486,Z12,17188,widen,4,2.529,9,5.85,23.31,1,997,997,0,1160,998,18.43,910,0,0,450,338,139,2255.0,31.0,False,0,12,26,False,60.0
ws_n486,Z12,17188,widen,5,2.549,9,6.66,23.08,1,992,992,0,1058,993,18.62,910,0,0,440,334,139,2255.0,31.0,False,0,12,26,False,60.0
ws_n486,Z12,17188,widen,6,2.595,8,5.13,24.79,1,1017,1017,0,1366,1018,18.5,910,0,0,496,352,139,2255.0,31.0,False,0,12,26,False,60.0
ws_n486,Z12,17188,widen,7,2.488,8,0.19,29.74,1,1104,1104,0,1976,1105,18.91,910,0,77,553,375,139,2255.0,31.0,False,1,12,26,False,60.0
ws_n486,Z12,17188,widen,8,2.539,7,0.29,29.66,1,1066,1066,0,1863,1067,19.81,910,0,39,536,370,139,2255.0,31.0,False,0,12,26,False,60.0
ws_n486,Z12,17188,widen,9,3.023,9,0.14,29.77,1,1115,1115,0,2086,1116,17.88,910,0,88,561,378,139,2255.0,31.0,False,0,12,26,False,60.0
grid_200,Z12,1590,plane,0,1.325,3,0.06,25.87,5,535|269|211|7|0,1022,0,7978,1023,12.87,823,0,176,0,0,0,240.0,8.0,True,2,0,0,True,60.0
grid_200,Z12,1590,plane,1,1.43,3,0.06,24.85,5,535|269|211|7|0,1022,0,7978,1023,12.48,823,0,176,0,0,0,240.0,8.0,True,0,0,0,True,60.0
grid_200,Z12,1590,plane,2,1.35,3,0.06,27.68,5,535|269|211|7|0,1022,0,7978,1023,14.04,823,0,176,0,0,0,240.0,8.0,True,1,0,0,True,60.0
grid_200,Z12,1590,inner,0,1.305,3,0.06,25.28,5,535|325|141|3|0,1004,0,7996,1005,7.93,589,0,199,0,0,0,245.0,9.0,True,0,0,0,True,58.7
grid_200,Z12,1590,inner,1,1.345,3,0.06,25.53,5,535|325|141|3|0,1004,0,7996,1005,7.85,589,0,199,0,0,0,245.0,9.0,True,5,0,0,True,60.0
grid_200,Z12,1590,inner,2,1.235,2,0.06,24.71,5,535|325|141|3|0,1004,0,7996,1005,7.25,589,0,199,0,0,0,245.0,9.0,True,0,0,0,True,55.1
grid_200,Z12,1590,widen,0,1.44,3,0.06,29.46,6,367|352|82|301|32|0,1134,0,9666,1135,2.07,241,0,339,573,288,0,295.0,10.0,True,0,0,0,True,60.0
grid_200,Z12,1590,widen,1,1.16,2,0.06,29.87,6,367|352|82|301|32|0,1134,0,8469,1135,2.78,241,0,339,573,288,0,295.0,10.0,True,0,0,0,True,60.0
grid_200,Z12,1590,widen,2,1.435,3,0.06,29.87,6,367|352|82|301|32|0,1134,0,8498,1135,2.91,241,0,339,573,288,0,295.0,10.0,True,1,0,0,True,60.0
honeycomb_200,Z12,32393,plane,0,1.335,3,0.5,14.71,4,334|58|3|0,395,0,6245,396,5.15,333,0,62,0,0,0,249.0,10.0,True,0,0,0,True,37.8
honeycomb_200,Z12,32393,plane,1,1.43,3,0.47,15.04,4,334|58|3|0,395,0,6245,396,5.46,333,0,62,0,0,0,249.0,10.0,True,0,0,0,True,43.7
honeycomb_200,Z12,32393,plane,2,1.23,2,0.41,14.72,4,334|58|3|0,395,0,6245,396,5.1,333,0,62,0,0,0,249.0,10.0,True,0,0,0,True,34.8
honeycomb_200,Z12,32393,inner,0,1.335,3,0.53,21.4,5,334|46|19|12|0,411,0,7889,412,5.04,333,0,62,0,0,0,249.0,10.0,True,0,0,0,True,44.4
honeycomb_200,Z12,32393,inner,1,1.43,3,0.5,21.21,5,334|46|19|12|0,411,0,7889,412,4.91,333,0,62,0,0,0,249.0,10.0,True,0,0,0,True,50.3
honeycomb_200,Z12,32393,inner,2,1.23,2,0.32,21.82,5,334|46|19|12|0,411,0,7889,412,4.7,333,0,62,0,0,0,249.0,10.0,True,0,0,0,True,43.3
honeycomb_200,Z12,32393,widen,0,1.375,3,0.04,14.08,4,323|25|3|0,351,0,6289,352,2.28,243,0,26,159,111,0,264.0,8.0,True,0,0,0,True,47.1
honeycomb_200,Z12,32393,widen,1,1.3,2,0.27,13.94,4,323|25|3|0,351,0,6289,352,2.11,243,0,26,159,111,0,264.0,8.0,True,0,0,0,True,43.4
honeycomb_200,Z12,32393,widen,2,1.275,2,0.2,13.65,4,323|25|3|0,351,0,6289,352,2.07,243,0,26,159,111,0,264.0,8.0,True,0,0,0,True,45.3
king_graph_196,Z12,32622,plane,0,1.781,4,0.02,29.92,5,710|238|139|23|5,1115,0,9267,1116,5.53,566,0,340,0,0,0,298.0,9.0,True,3,0,0,True,60.0
king_graph_196,Z12,32622,plane,1,1.735,4,0.02,29.8,5,710|238|139|23|1,1111,0,9034,1112,5.56,566,0,340,0,0,0,298.0,9.0,True,3,0,0,True,60.0
king_graph_196,Z12,32622,plane,2,1.954,4,0.02,29.93,5,710|238|139|23|4,1114,0,9160,1115,5.6,566,0,340,0,0,0,298.0,9.0,True,5,0,0,True,60.0
king_graph_196,Z12,32622,inner,0,1.781,4,0.02,29.91,5,710|208|90|100|8,1116,0,9232,1117,5.68,566,0,325,0,0,0,298.0,9.0,True,3,0,0,True,60.0
king_graph_196,Z12,32622,inner,1,1.735,4,0.02,29.91,5,710|208|90|100|10,1118,0,9424,1119,5.73,566,0,325,0,0,0,298.0,9.0,True,3,0,0,True,60.0
king_graph_196,Z12,32622,inner,2,1.954,4,0.03,29.92,5,710|208|90|100|10,1118,0,9512,1119,5.74,566,0,325,0,0,0,298.0,9.0,True,5,0,0,True,60.0
king_graph_196,Z12,32622,widen,0,2.372,5,0.02,27.94,5,556|235|61|1|0,853,0,11377,854,2.41,342,0,187,394,214,0,307.0,9.0,True,10,0,0,True,60.1
king_graph_196,Z12,32622,widen,1,1.918,4,0.03,28.16,5,556|235|61|1|0,853,0,11377,854,2.47,342,0,187,394,214,0,307.0,9.0,True,6,0,0,True,60.0
king_graph_196,Z12,32622,widen,2,1.98,4,0.03,28.41,5,556|235|61|1|0,853,0,11377,854,2.54,342,0,187,394,214,0,307.0,9.0,True,8,0,0,True,60.1
