cell,fabric,gid,arm,seed,final_acl,max_chain,init_wall,arrange_wall,passes,traj,pen,int_acc,int_dec,int_noop,readouts,mono_swaps,bm_wall,bm_ro,hier_acc,pair_acc,xy_acc,proj_iters,proj_pen,plane_stair,max_edge_span,mm_skipped,ball_acc,deficit,cmiss,cert,time
K100,Z12,,plane,0,7.26,8,0.0,29.41,1,138,,138,0,5513,139,0,1.86,98,0,4,0,1,0,1153.0,21.0,True,0,0,0,True,65.3
K100,Z12,,plane,1,7.26,8,0.0,29.76,1,138,,138,0,9221,139,0,2.04,98,0,4,0,1,0,1153.0,21.0,True,0,0,0,True,64.7
K100,Z12,,plane,2,7.26,8,0.0,29.69,1,138,,138,0,1533,139,0,2.92,98,0,4,0,1,0,1153.0,21.0,True,0,0,0,True,65.0
K100,Z12,,xy,0,7.26,8,0.0,29.71,1,190,,190,0,201,191,0,2.72,98,0,0,62,1,0,1153.0,21.0,True,0,0,0,True,61.9
K100,Z12,,xy,1,7.26,8,0.0,29.53,1,226,,226,0,201,227,0,2.2,98,0,0,98,1,0,1153.0,21.0,True,0,0,0,True,65.2
K100,Z12,,xy,2,7.26,8,0.0,29.88,1,192,,192,0,201,193,0,2.78,98,0,0,64,1,0,1153.0,21.0,True,0,0,0,True,64.1
K140,Z12,,plane,0,9.757,10,0.02,29.12,1,188,,188,0,2110,189,0,4.92,159,0,3,0,1,0,2312.0,31.0,True,0,0,0,True,70.9
K140,Z12,,plane,1,9.757,10,0.01,29.45,1,188,,188,0,3897,189,0,4.42,159,0,3,0,1,0,2312.0,31.0,True,0,0,0,True,60.4
K140,Z12,,plane,2,9.757,10,0.0,29.66,1,188,,188,0,4552,189,0,5.93,159,0,3,0,1,0,2312.0,31.0,True,0,0,0,True,70.5
K140,Z12,,xy,0,9.757,10,0.0,29.67,1,216,,216,0,370,217,0,3.93,159,0,0,34,1,0,2312.0,31.0,True,0,0,0,True,78.2
K140,Z12,,xy,1,9.757,10,0.01,29.74,1,205,,205,0,370,206,0,9.43,159,0,0,23,1,0,2312.0,31.0,True,0,0,0,True,63.0
K140,Z12,,xy,2,9.757,10,0.0,29.71,1,197,,197,0,370,198,0,4.04,159,0,0,15,1,0,2312.0,31.0,True,0,0,0,True,62.0
ER100_d10,Z12,,plane,0,4.56,8,0.08,15.43,6,375|103|39|71|4|0,,592,0,8708,593,0,5.73,474,0,202,0,1,0,651.0,17.0,True,0,0,0,True,60.0
ER100_d10,Z12,,plane,1,4.43,8,0.06,14.48,6,375|103|39|71|4|0,,592,0,8708,593,0,5.96,474,0,202,0,1,0,651.0,17.0,True,0,0,0,True,60.1
ER100_d10,Z12,,plane,2,4.27,7,0.1,14.43,6,375|103|39|71|4|0,,592,0,8708,593,0,5.71,474,0,202,0,1,0,651.0,17.0,True,0,0,0,True,60.0
ER100_d10,Z12,,xy,0,5.06,9,0.09,29.45,6,389|86|127|167|148|31,,948,0,6704,949,0,29.33,945,0,383,243,1,0,667.0,19.0,True,0,0,0,True,60.0
ER100_d10,Z12,,xy,1,4.59,8,0.07,29.5,2,389|86,,475,0,2228,476,0,2.1,222,0,146,102,1,0,690.0,19.0,True,0,0,0,True,60.1
ER100_d10,Z12,,xy,2,4.53,8,0.23,29.41,8,389|86|127|167|148|65|91|105,,1178,0,10009,1179,0,26.72,1095,0,525,314,1,0,661.0,19.0,True,0,0,0,True,60.1
turan_n162,Z12,2647,plane,0,9.253,12,0.0,29.05,1,203,,203,0,1864,204,0,21.32,204,0,0,0,1,0,2598.0,28.0,True,0,0,0,True,62.4
turan_n162,Z12,2647,plane,1,9.593,13,0.0,29.36,1,190,,190,0,5973,191,0,3.85,183,0,0,0,1,0,2700.0,32.0,True,0,0,0,True,61.9
turan_n162,Z12,2647,plane,2,9.253,12,0.0,29.56,1,203,,203,0,1453,204,0,5.07,204,0,0,0,1,0,2598.0,28.0,True,0,0,0,True,64.2
turan_n162,Z12,2647,plane,3,9.253,12,0.01,29.23,1,203,,203,0,4589,204,0,6.15,204,0,0,0,1,0,2598.0,28.0,True,0,0,0,True,63.7
turan_n162,Z12,2647,plane,4,9.222,12,0.01,29.33,1,203,,203,0,4956,204,0,6.79,204,0,0,0,1,0,2598.0,28.0,True,0,0,0,True,66.3
turan_n162,Z12,2647,plane,5,9.611,13,0.01,28.91,1,190,,190,0,1084,191,0,11.23,183,0,0,0,1,0,2700.0,32.0,True,0,0,0,True,63.4
turan_n162,Z12,2647,plane,6,9.253,12,0.0,29.93,1,203,,203,0,6816,204,0,4.03,204,0,0,0,1,0,2598.0,28.0,True,0,0,0,True,65.0
turan_n162,Z12,2647,plane,7,9.611,13,0.0,29.93,1,190,,190,0,5532,191,0,2.93,183,0,0,0,1,0,2700.0,32.0,True,0,0,0,True,68.0
turan_n162,Z12,2647,plane,8,9.611,13,0.0,29.93,1,190,,190,0,5451,191,0,3.03,183,0,0,0,1,0,2700.0,32.0,True,0,0,0,True,63.7
turan_n162,Z12,2647,plane,9,9.253,12,0.0,29.94,1,203,,203,0,6374,204,0,4.08,204,0,0,0,1,0,2598.0,28.0,True,0,0,0,True,63.9
turan_n162,Z12,2647,xy,0,9.006,13,0.0,30.0,1,250,,250,0,456,251,0,27.65,244,0,0,48,1,0,2524.0,27.0,True,0,0,0,True,64.5
turan_n162,Z12,2647,xy,1,9.593,13,0.0,30.05,1,240,,240,0,462,241,0,3.0,183,0,0,50,1,0,2700.0,32.0,True,0,0,0,True,63.0
turan_n162,Z12,2647,xy,2,9.019,13,0.0,30.07,1,254,,254,0,456,255,0,27.85,244,0,0,52,1,0,2524.0,27.0,True,0,0,0,True,64.1
turan_n162,Z12,2647,xy,3,9.019,13,0.0,30.12,1,268,,268,0,457,269,0,24.49,244,0,0,66,1,0,2524.0,27.0,True,0,0,0,True,65.0
turan_n162,Z12,2647,xy,4,9.16,13,0.0,29.9,1,240,,240,0,452,241,0,27.96,241,0,0,38,1,0,2543.0,27.0,True,0,0,0,True,60.6
turan_n162,Z12,2647,xy,5,9.611,13,0.0,29.97,1,253,,253,0,462,254,0,3.09,183,0,0,63,1,0,2700.0,32.0,True,0,0,0,True,61.7
turan_n162,Z12,2647,xy,6,9.019,13,0.0,29.95,1,249,,249,0,456,250,0,28.62,244,0,0,47,1,0,2524.0,27.0,True,0,0,0,True,69.9
turan_n162,Z12,2647,xy,7,9.611,13,0.0,30.05,1,249,,249,0,462,250,0,6.09,183,0,0,59,1,0,2700.0,32.0,True,0,0,0,True,67.0
turan_n162,Z12,2647,xy,8,9.586,13,0.0,30.09,1,255,,255,0,462,256,0,29.86,255,0,0,65,1,0,2680.0,32.0,True,0,0,0,True,75.3
turan_n162,Z12,2647,xy,9,9.006,13,0.0,30.01,1,272,,272,0,458,273,0,29.41,271,0,0,70,1,0,2520.0,27.0,True,0,0,0,True,60.7
spin_glass_n163,Z12,37309,plane,0,10.853,12,0.97,28.95,1,347,,347,0,5110,348,0,10.53,334,0,58,0,1,0,3055.0,33.0,True,0,0,0,True,60.5
spin_glass_n163,Z12,37309,plane,1,10.853,12,0.9,29.03,1,348,,348,0,5585,349,0,11.52,334,0,59,0,1,0,3055.0,33.0,True,0,0,0,True,72.0
spin_glass_n163,Z12,37309,plane,2,10.853,12,1.77,28.13,1,353,,353,0,6603,354,0,9.22,334,0,64,0,1,0,3055.0,33.0,True,0,0,0,True,70.6
spin_glass_n163,Z12,37309,xy,0,10.871,12,2.05,27.74,1,452,,452,0,1200,453,0,26.05,447,0,51,144,1,0,3053.0,32.0,True,0,0,0,True,76.7
spin_glass_n163,Z12,37309,xy,1,10.883,12,1.74,28.13,1,388,,388,0,379,389,0,27.76,387,0,0,131,1,0,3058.0,32.0,True,0,0,0,True,77.6
spin_glass_n163,Z12,37309,xy,2,10.859,12,2.27,27.69,1,393,,393,0,379,394,0,27.02,390,0,0,136,1,0,3056.0,32.0,True,0,0,0,True,65.8
regular_n316,Z12,13096,plane,0,2.87,7,1.64,28.24,2,860|175,,1035,0,2893,1036,0,19.02,757,0,131,0,1,5,1607.0,30.0,True,0,0,2,False,60.4
regular_n316,Z12,13096,plane,1,2.687,6,0.95,28.99,2,860|290,,1150,0,3914,1151,0,12.3,757,0,141,0,1,5,1607.0,30.0,True,0,0,2,False,60.1
regular_n316,Z12,13096,plane,2,2.734,6,1.47,28.46,2,860|296,,1156,0,4046,1157,0,12.73,757,0,147,0,1,5,1607.0,30.0,True,0,0,2,False,60.5
regular_n316,Z12,13096,plane,3,2.623,6,0.69,29.24,2,860|314,,1174,0,4496,1175,0,11.99,757,0,165,0,1,5,1607.0,30.0,True,0,0,2,False,60.7
regular_n316,Z12,13096,plane,4,2.722,6,1.96,27.97,1,327,,327,0,72,328,0,26.71,274,0,0,0,1,1,1623.0,27.0,True,0,0,0,True,60.1
regular_n316,Z12,13096,plane,5,2.797,6,9.36,20.56,1,619,,619,0,477,620,0,16.72,524,0,0,0,1,1,1610.0,27.0,True,0,0,0,True,60.1
regular_n316,Z12,13096,plane,6,3.155,7,13.48,16.36,1,486,,486,0,149,487,0,13.27,274,0,0,0,1,1,1623.0,27.0,True,0,0,0,True,60.0
regular_n316,Z12,13096,plane,7,2.699,6,12.65,17.22,1,525,,525,0,224,526,0,17.13,524,0,0,0,1,1,1610.0,27.0,True,0,0,0,True,60.1
regular_n316,Z12,13096,plane,8,2.873,7,17.0,11.7,1,438,,438,0,116,439,0,9.13,274,0,0,0,1,1,1623.0,27.0,True,0,0,0,True,60.0
regular_n316,Z12,13096,plane,9,2.665,6,9.03,20.14,1,421,,421,0,111,422,0,17.59,274,0,0,0,1,1,1623.0,27.0,True,0,0,0,True,60.0
regular_n316,Z12,13096,xy,0,2.848,7,12.7,16.88,1,334,,334,0,74,335,0,14.75,274,0,0,0,1,1,1623.0,27.0,True,0,0,0,True,60.0
regular_n316,Z12,13096,xy,1,2.725,6,14.31,15.57,1,495,,495,0,182,496,0,12.5,274,0,0,0,1,1,1623.0,27.0,True,1,0,0,True,60.0
regular_n316,Z12,13096,xy,2,2.826,6,14.3,15.6,1,417,,417,0,111,418,0,12.77,274,0,0,0,1,1,1623.0,27.0,True,0,0,0,True,61.0
regular_n316,Z12,13096,xy,3,2.671,6,12.33,17.33,1,477,,477,0,134,478,0,15.12,274,0,0,0,1,1,1623.0,27.0,True,0,0,0,True,60.2
regular_n316,Z12,13096,xy,4,2.722,6,13.2,16.02,1,352,,352,0,82,353,0,13.57,274,0,0,0,1,1,1623.0,27.0,True,0,0,0,True,60.1
regular_n316,Z12,13096,xy,5,2.816,6,12.84,17.08,1,201,,201,0,30,202,0,13.95,125,0,0,0,1,1,1638.0,25.0,True,0,0,0,True,60.1
regular_n316,Z12,13096,xy,6,3.127,7,15.3,12.75,1,618,,618,0,474,619,0,10.71,524,0,0,0,1,1,1610.0,27.0,True,0,0,0,True,60.5
regular_n316,Z12,13096,xy,7,2.699,6,16.59,12.89,1,553,,553,0,309,554,0,11.74,524,0,0,0,1,1,1610.0,27.0,True,0,0,0,True,60.0
regular_n316,Z12,13096,xy,8,2.674,6,18.32,11.48,1,547,,547,0,255,548,0,9.65,524,0,0,0,1,1,1610.0,27.0,True,0,0,0,True,60.0
regular_n316,Z12,13096,xy,9,2.962,7,13.5,15.07,1,602,,602,0,445,603,0,12.27,524,0,0,0,1,1,1610.0,27.0,True,0,0,0,True,60.7
ws_n486,Z12,17188,plane,0,2.49,8,10.96,18.95,1,453,,453,0,71,454,0,17.96,414,0,0,0,1,223,2578.0,25.0,False,0,41,52,False,60.1
ws_n486,Z12,17188,plane,1,2.498,8,9.6,20.18,1,538,,538,0,111,539,0,16.32,414,0,0,0,1,223,2578.0,25.0,False,0,41,52,False,61.1
ws_n486,Z12,17188,plane,2,2.547,9,11.07,18.81,1,770,,770,0,311,771,0,15.68,673,0,0,0,1,201,2466.0,34.0,False,0,25,46,False,60.0
ws_n486,Z12,17188,plane,3,2.626,9,12.86,16.78,1,538,,538,0,111,539,0,13.2,414,0,0,0,1,223,2578.0,25.0,False,0,41,52,False,60.0
ws_n486,Z12,17188,plane,4,2.652,9,8.26,21.69,1,221,,221,0,21,222,0,21.47,221,0,0,0,1,167,2791.0,22.0,False,0,23,38,False,60.0
ws_n486,Z12,17188,plane,5,2.84,9,8.69,21.25,1,630,,630,0,181,631,0,17.34,576,0,0,0,1,191,2505.0,25.0,False,0,29,43,False,60.0
ws_n486,Z12,17188,plane,6,2.613,9,7.54,22.24,1,840,,840,0,385,841,0,22.02,830,0,0,0,1,251,2428.0,30.0,False,0,33,48,False,60.1
ws_n486,Z12,17188,plane,7,2.628,9,7.01,22.42,1,636,,636,0,191,637,0,20.96,576,0,0,0,1,191,2505.0,25.0,False,0,29,43,False,60.0
ws_n486,Z12,17188,plane,8,2.484,10,1.49,28.34,1,595,,595,0,156,596,0,27.54,576,0,0,0,1,191,2505.0,25.0,False,1,29,43,False,60.0
ws_n486,Z12,17188,plane,9,2.984,10,6.53,23.33,1,780,,780,0,323,781,0,20.73,673,0,0,0,1,201,2466.0,34.0,False,0,25,46,False,60.1
ws_n486,Z12,17188,xy,0,2.508,8,11.93,17.97,1,630,,630,0,182,631,0,16.56,576,0,0,0,1,191,2505.0,25.0,False,0,29,43,False,60.1
ws_n486,Z12,17188,xy,1,2.498,8,11.76,18.15,1,529,,529,0,102,530,0,14.66,414,0,0,0,1,223,2578.0,25.0,False,0,41,52,False,60.0
ws_n486,Z12,17188,xy,2,2.537,9,11.38,18.46,1,533,,533,0,107,534,0,15.02,414,0,0,0,1,223,2578.0,25.0,False,0,41,52,False,60.1
ws_n486,Z12,17188,xy,3,2.477,8,12.4,17.51,1,672,,672,0,221,673,0,17.45,673,0,0,0,1,201,2466.0,34.0,False,0,25,46,False,60.0
ws_n486,Z12,17188,xy,4,2.496,8,10.58,19.36,1,555,,555,0,121,556,0,15.11,414,0,0,0,1,223,2578.0,25.0,False,0,41,52,False,60.1
ws_n486,Z12,17188,xy,5,2.628,9,8.45,21.45,1,773,,773,0,311,774,0,19.05,673,0,0,0,1,201,2466.0,34.0,False,0,25,46,False,60.0
ws_n486,Z12,17188,xy,6,2.521,8,9.84,17.54,1,693,,693,0,233,694,0,17.07,673,0,0,0,1,201,2466.0,34.0,False,0,25,46,False,60.0
ws_n486,Z12,17188,xy,7,2.455,8,8.47,18.87,1,881,,881,0,411,882,0,17.91,830,0,0,0,1,251,2428.0,30.0,False,0,33,48,False,60.1
ws_n486,Z12,17188,xy,8,2.638,8,9.56,20.32,1,860,,860,0,402,861,0,19.68,830,0,0,0,1,251,2428.0,30.0,False,0,33,48,False,60.0
ws_n486,Z12,17188,xy,9,2.984,10,9.89,19.98,1,774,,774,0,314,775,0,16.29,673,0,0,0,1,201,2466.0,34.0,False,0,25,46,False,60.1
grid_200,Z12,1590,plane,0,1.33,3,0.13,29.78,4,535|269|211|4,,1019,0,5023,1020,0,21.35,823,0,176,0,1,0,240.0,8.0,True,1,0,0,True,60.0
grid_200,Z12,1590,plane,1,1.43,3,1.62,28.1,4,535|269|211|5,,1020,0,5148,1021,0,18.5,823,0,176,0,1,0,240.0,8.0,True,0,0,0,True,60.0
grid_200,Z12,1590,plane,2,1.35,3,0.14,29.6,4,535|269|211|6,,1021,0,5275,1022,0,19.86,823,0,176,0,1,0,240.0,8.0,True,1,0,0,True,60.0
grid_200,Z12,1590,xy,0,1.415,3,0.92,28.17,4,567|262|279|8,,1116,0,3864,1117,0,5.85,280,0,229,289,1,0,271.0,10.0,True,0,0,0,True,60.0
grid_200,Z12,1590,xy,1,1.34,3,0.09,28.43,3,567|262|88,,917,0,2631,918,0,5.04,280,0,170,194,1,0,271.0,10.0,True,2,0,0,True,60.0
grid_200,Z12,1590,xy,2,1.39,3,0.33,29.49,4,567|262|279|11,,1119,0,4050,1120,0,4.64,280,0,229,289,1,0,271.0,10.0,True,0,0,0,True,60.0
honeycomb_200,Z12,32393,plane,0,1.335,3,1.34,17.28,4,334|58|3|0,,395,0,6245,396,0,7.24,333,0,62,0,1,0,249.0,10.0,True,0,0,0,True,49.9
honeycomb_200,Z12,32393,plane,1,1.43,3,0.69,21.47,4,334|58|3|0,,395,0,6245,396,0,9.36,333,0,62,0,1,0,249.0,10.0,True,0,0,0,True,60.0
honeycomb_200,Z12,32393,plane,2,1.23,2,0.31,20.6,4,334|58|3|0,,395,0,6245,396,0,8.3,333,0,62,0,1,0,249.0,10.0,True,0,0,0,True,55.8
honeycomb_200,Z12,32393,xy,0,1.355,3,0.47,29.45,5,426|132|79|79|30,,746,0,5861,747,0,11.65,466,0,164,272,1,0,237.0,12.0,True,0,0,0,True,60.0
honeycomb_200,Z12,32393,xy,1,1.365,3,0.26,29.66,3,426|132|79,,637,0,3690,638,0,14.15,466,0,139,196,1,0,237.0,12.0,True,2,0,0,True,60.0
honeycomb_200,Z12,32393,xy,2,1.325,3,0.68,29.21,5,426|132|79|79|0,,716,0,5271,717,0,9.04,466,0,164,244,1,0,237.0,12.0,True,0,0,0,True,60.0
king_graph_196,Z12,32622,plane,0,1.781,4,0.03,29.9,4,710|238|139|22,,1109,0,8422,1110,0,6.41,566,0,339,0,1,0,298.0,9.0,True,3,0,0,True,60.0
king_graph_196,Z12,32622,plane,1,1.74,4,0.03,29.9,3,710|238|104,,1052,0,4883,1053,0,9.2,566,0,299,0,1,0,298.0,9.0,True,2,0,0,True,60.0
king_graph_196,Z12,32622,plane,2,1.964,4,0.03,29.88,4,710|238|139|17,,1104,0,8035,1105,0,6.18,566,0,334,0,1,0,298.0,9.0,True,3,0,0,True,60.0
king_graph_196,Z12,32622,xy,0,1.862,4,0.04,29.85,2,716|289,,1005,0,2948,1006,0,15.62,663,0,321,172,1,0,307.0,10.0,True,3,0,0,True,60.0
king_graph_196,Z12,32622,xy,1,1.898,4,0.04,29.86,2,716|338,,1054,0,3345,1055,0,13.56,663,0,370,172,1,0,307.0,10.0,True,3,0,0,True,60.1
king_graph_196,Z12,32622,xy,2,1.653,3,0.04,29.86,3,716|345|150,,1211,0,4105,1212,0,11.3,663,0,377,216,1,0,307.0,10.0,True,1,0,0,True,60.1
